1girl,0,8330744
solo,0,6997239
long_hair,0,6146835
breasts,0,4924076
looking_at_viewer,0,4861607
smile,0,4128902
blush,0,4062748
open_mouth,0,3476762
short_hair,0,3102553
shirt,0,2905001
simple_background,0,2824609
blue_eyes,0,2448326
long_sleeves,0,2331196
white_background,0,2314940
large_breasts,0,2236306
black_hair,0,2178844
holding,0,2176807
skirt,0,2160461
blonde_hair,0,2151000
1boy,0,2106808
multiple_girls,0,2092920
brown_hair,0,2070579
hair_ornament,0,2047986
closed_mouth,0,1942412
dress,0,1932832
gloves,0,1922030
hair_between_eyes,0,1766175
red_eyes,0,1762525
animal_ears,0,1741081
bow,0,1713065
hat,0,1684768
navel,0,1591547
jewelry,0,1584119
original,3,1566597
thighhighs,0,1522111
jacket,0,1476594
ribbon,0,1450401
2girls,0,1423621
cleavage,0,1404863
very_long_hair,0,1400627
white_shirt,0,1397281
bare_shoulders,0,1383362
standing,0,1320021
sitting,0,1301590
full_body,0,1268222
twintails,0,1226121
medium_breasts,0,1205229
blue_hair,0,1190720
purple_eyes,0,1187890
green_eyes,0,1184177
tail,0,1184128
upper_body,0,1181654
multicolored_hair,0,1172767
nipples,0,1130861
male_focus,0,1116501
collarbone,0,1099584
touhou,3,1090018
brown_eyes,0,1083473
pink_hair,0,1050533
school_uniform,0,1048506
closed_eyes,0,1048482
white_hair,0,1032567
grey_hair,0,1017246
yellow_eyes,0,1011790
underwear,0,1010520
ahoge,0,962486
ponytail,0,956459
sidelocks,0,929006
braid,0,919132
swimsuit,0,909817
purple_hair,0,908497
short_sleeves,0,902915
heart,0,895660
flower,0,877468
monochrome,0,846662
earrings,0,846371
shoes,0,845508
:d,0,844725
cowboy_shot,0,844071
thighs,0,826450
panties,0,815421
weapon,0,806817
outdoors,0,802177
hetero,0,796221
hair_ribbon,0,791285
ass,0,786154
frills,0,765409
teeth,0,765270
sweat,0,763334
hair_bow,0,754308
collared_shirt,0,753930
open_clothes,0,746965
parted_lips,0,736997
pantyhose,0,732012
red_hair,0,729403
comic,0,725232
small_breasts,0,710452
pleated_skirt,0,704326
pants,0,698967
hairband,0,698370
boots,0,696964
bikini,0,694442
multiple_boys,0,689457
nude,0,687006
greyscale,0,685634
horns,0,682559
black_gloves,0,670601
necktie,0,656850
censored,0,654671
shorts,0,653993
virtual_youtuber,0,642227
alternate_costume,0,640186
medium_hair,0,632690
sleeveless,0,628840
wings,0,620519
food,0,618115
lying,0,618090
artist_name,0,616790
one_eye_closed,0,614919
choker,0,614252
sky,0,613945
pointy_ears,0,594588
penis,0,590748
green_hair,0,586710
detached_sleeves,0,584923
socks,0,573982
official_alternate_costume,0,564150
hand_up,0,554284
tongue,0,551571
indoors,0,546452
kantai_collection,3,542848
japanese_clothes,0,526507
puffy_sleeves,0,519905
speech_bubble,0,516758
pussy,0,511960
belt,0,508728
hairclip,0,506039
halo,0,504368
black_thighhighs,0,503481
glasses,0,499400
solo_focus,0,499230
barefoot,0,498016
bowtie,0,486671
black_skirt,0,463103
2boys,0,462132
day,0,454057
fang,0,450537
white_dress,0,447830
blue_archive,3,447446
signature,0,438570
white_gloves,0,438373
hood,0,437951
twitter_username,0,431229
looking_at_another,0,431156
streaked_hair,0,429964
pink_eyes,0,426076
blunt_bangs,0,425952
tongue_out,0,416326
holding_weapon,0,414766
stomach,0,414688
sailor_collar,0,409225
pokemon,3,406620
fate_(series),3,406336
english_text,0,405841
elbow_gloves,0,405263
cat_ears,0,405063
dark_skin,0,403853
midriff,0,400628
two-tone_hair,0,397974
mole,0,397138
hair_flower,0,396380
cloud,0,395528
serafuku,0,391567
sex,0,390944
black_jacket,0,387488
miniskirt,0,381909
grey_background,0,379654
open_jacket,0,376915
coat,0,375108
chibi,0,374957
black_dress,0,373971
necklace,0,372964
fingerless_gloves,0,370608
sword,0,370286
hair_bun,0,368640
black_shirt,0,367435
hair_over_one_eye,0,366769
looking_back,0,362466
animal_ear_fluff,0,362125
wide_sleeves,0,357148
star_(symbol),0,356348
on_back,0,354985
striped_clothes,0,354652
grin,0,353683
spread_legs,0,348471
orange_hair,0,347887
white_thighhighs,0,345805
off_shoulder,0,343037
nail_polish,0,341710
cum,0,340723
kimono,0,340252
black_eyes,0,336876
from_side,0,333474
armpits,0,329639
red_bow,0,328800
bag,0,327008
from_behind,0,326843
yuri,0,325986
hololive,3,325806
sweatdrop,0,325200
3girls,0,324880
huge_breasts,0,324015
rabbit_ears,0,323120
vest,0,319930
leotard,0,312650
genshin_impact,3,311432
parted_bangs,0,309558
blurry,0,309045
apron,0,305771
character_name,0,305079
fate/grand_order,3,304336
armor,0,303908
arm_up,0,303004
sweater,0,302462
mosaic_censoring,0,302204
cape,0,300801
black_pantyhose,0,296916
blue_sky,0,296454
tears,0,293795
water,0,289783
completely_nude,0,288997
high_heels,0,288470
grey_eyes,0,286216
vaginal,0,286029
clothes_lift,0,285325
idolmaster,3,285042
crop_top,0,282291
scarf,0,281066
looking_to_the_side,0,278512
collar,0,276073
hands_up,0,275618
bra,0,274952
fingernails,0,272499
feet,0,271327
black_choker,0,270031
black_shoes,0,268948
bracelet,0,268561
multiple_views,0,267998
dated,0,266974
clothing_cutout,0,264747
red_ribbon,0,264746
:o,0,263007
v-shaped_eyebrows,0,262999
cup,0,262928
eyelashes,0,262385
arms_up,0,261307
blue_skirt,0,261191
puffy_short_sleeves,0,258524
upper_teeth_only,0,256232
neckerchief,0,254152
hair_intakes,0,253975
aqua_eyes,0,253577
orange_eyes,0,253408
border,0,252096
black_pants,0,252033
dark-skinned_female,0,250993
black_hat,0,249830
symbol-shaped_pupils,0,248910
thigh_strap,0,247780
mole_under_eye,0,247254
two_side_up,0,247179
twin_braids,0,247111
watermark,0,242222
white_panties,0,241982
bar_censor,0,238997
strapless,0,237898
toes,0,237245
feet_out_of_frame,0,236754
sleeves_past_wrists,0,236086
flat_chest,0,235531
v,0,235106
fake_animal_ears,0,234114
pokemon_(creature),0,234078
side_ponytail,0,234053
no_humans,0,233086
fur_trim,0,233039
horse_ears,0,231393
tree,0,231328
sleeveless_dress,0,230006
umamusume,3,229786
sparkle,0,229221
hand_on_own_hip,0,227336
sleeveless_shirt,0,226572
arknights,3,226407
horse_girl,0,225675
black_bow,0,224450
gradient_hair,0,223101
white_socks,0,222150
cat_tail,0,221050
see-through_clothes,0,217464
buttons,0,215895
fox_ears,0,215752
wrist_cuffs,0,212601
neck_ribbon,0,211415
colored_skin,0,210882
torn_clothes,0,210300
maid,0,209533
loli,0,208822
tattoo,0,208508
vocaloid,3,207368
maid_headdress,0,206706
ascot,0,202961
pillow,0,202730
covered_nipples,0,202481
mask,0,198479
plaid_clothes,0,198349
pov,0,198209
sash,0,197954
hoodie,0,196885
muscular,0,196517
covered_navel,0,195942
gun,0,194680
white_jacket,0,194635
uncensored,0,194537
black_shorts,0,194533
sketch,0,194263
wet,0,193748
black_ribbon,0,192314
short_shorts,0,192270
floating_hair,0,192090
blue_background,0,190648
bare_arms,0,190272
book,0,189318
blood,0,189009
gradient_background,0,187748
groin,0,187745
pubic_hair,0,187540
makeup,0,187371
honkai_(series),3,187173
cosplay,0,186463
blue_dress,0,185898
detached_collar,0,185514
blurry_background,0,184901
one-piece_swimsuit,0,184623
siblings,0,183758
black_boots,0,183138
legs,0,182600
single_braid,0,182265
bodysuit,0,181571
:3,0,181295
copyright_name,0,180975
black_panties,0,180581
profile,0,180466
expressionless,0,179251
window,0,179057
blue_bow,0,178734
turtleneck,0,178699
bare_legs,0,178391
lips,0,177887
holding_sword,0,177617
transparent_background,0,177358
double_bun,0,177323
aqua_hair,0,176299
capelet,0,175747
piercing,0,173659
petals,0,172917
hug,0,172583
head_tilt,0,172536
white_hat,0,172226
on_bed,0,172014
heterochromia,0,171713
zettai_ryouiki,0,169603
night,0,169305
cat_girl,0,168798
scar,0,168691
facial_hair,0,167359
anus,0,166816
kneehighs,0,166655
highleg,0,165496
dress_shirt,0,165040
red_skirt,0,164172
blue_shirt,0,163916
black_bikini,0,163788
shadow,0,163007
low_twintails,0,162980
bell,0,162136
dutch_angle,0,162059
chinese_clothes,0,161601
leaning_forward,0,161553
swept_bangs,0,161514
skindentation,0,161153
white_border,0,159174
thick_thighs,0,158877
blush_stickers,0,157479
colored_inner_hair,0,157070
blue_jacket,0,156832
sideboob,0,156667
shiny_skin,0,156630
azur_lane,3,156555
kneeling,0,155952
fangs,0,155504
^_^,0,155109
white_bow,0,154378
holding_food,0,153119
frown,0,153015
pussy_juice,0,152638
saliva,0,151119
facial_mark,0,151048
phone,0,150763
fruit,0,150487
sandals,0,150289
bright_pupils,0,149998
one_side_up,0,149939
open_shirt,0,149925
erection,0,149738
bird,0,149486
pink_background,0,149317
black_hairband,0,149277
frilled_dress,0,148862
rose,0,148838
beret,0,148831
white_flower,0,148816
wavy_hair,0,148194
nose_blush,0,147740
soles,0,147735
black_socks,0,147459
playboy_bunny,0,146783
chair,0,146382
sunglasses,0,146320
fox_girl,0,145832
animal,0,145103
holding_hands,0,144864
alternate_hairstyle,0,144700
from_above,0,144638
4girls,0,144479
halterneck,0,144363
hatsune_miku,4,144179
fox_tail,0,143567
hood_down,0,143455
ocean,0,143371
cum_in_pussy,0,143263
red_dress,0,143221
half-closed_eyes,0,142775
furry,0,142594
white_skirt,0,142065
chain,0,141925
portrait,0,141388
demon_horns,0,141325
embarrassed,0,140804
thick_eyebrows,0,140011
leaf,0,139383
testicles,0,138923
muscular_male,0,138810
looking_down,0,138036
happy,0,137860
bob_cut,0,137853
glowing,0,137747
bed,0,136565
idolmaster_cinderella_girls,3,136256
headphones,0,136217
squatting,0,136194
white_bikini,0,135874
witch_hat,0,135408
cellphone,0,134390
abs,0,133998
horse_tail,0,133574
dark-skinned_male,0,133405
black_background,0,133289
plaid_skirt,0,132883
honkai:_star_rail,3,132642
groping,0,131815
demon_girl,0,131673
headband,0,131643
beach,0,131133
short_dress,0,130500
drill_hair,0,129968
bandages,0,129821
pectorals,0,129147
ring,0,128751
love_live!,3,128391
floral_print,0,128102
cum_on_body,0,127482
underboob,0,127297
1other,0,127117
flying_sweatdrops,0,126854
cardigan,0,126545
female_pubic_hair,0,126320
antenna_hair,0,126217
standing_on_one_leg,0,125866
cameltoe,0,125750
high_ponytail,0,125507
depth_of_field,0,124917
no_shoes,0,124655
fire_emblem,3,124640
side-tie_bikini_bottom,0,124051
no_bra,0,123663
arms_behind_back,0,123636
light_blush,0,123580
bed_sheet,0,123272
on_side,0,123190
sharp_teeth,0,122932
thigh_boots,0,122778
white_apron,0,122385
frilled_sleeves,0,122071
bottomless,0,122070
tank_top,0,121795
crossed_arms,0,121440
white_pupils,0,121284
motion_lines,0,121251
cleavage_cutout,0,121156
black_nails,0,120446
red_necktie,0,120136
back,0,120024
pink_bow,0,120006
umbrella,0,119678
stuffed_toy,0,119610
heart-shaped_pupils,0,119514
oral,0,118979
table,0,118706
from_below,0,118516
arm_support,0,118412
cat,0,117748
ass_visible_through_thighs,0,117262
4koma,0,116832
gem,0,116685
x_hair_ornament,0,116592
smartphone,0,116458
sisters,0,116189
grass,0,116167
frilled_skirt,0,116153
no_panties,0,115558
own_hands_together,0,115526
military_uniform,0,115484
wolf_ears,0,114994
eating,0,114905
yaoi,0,114609
red_bowtie,0,114294
crying,0,113704
garter_straps,0,113375
hololive_english,3,113210
helmet,0,113179
elf,0,112213
red_flower,0,111733
leg_up,0,111264
magical_girl,0,111179
zenless_zone_zero,3,110738
bound,0,110501
black_leotard,0,110318
blue_ribbon,0,110166
holding_cup,0,110153
red_shirt,0,109492
parody,0,109160
shirt_lift,0,108650
wariza,0,108227
light_smile,0,108161
clothes_pull,0,107908
scrunchie,0,107814
final_fantasy,3,107711
trembling,0,107597
ear_piercing,0,107562
fire,0,107249
obi,0,106922
6+girls,0,106824
scar_on_face,0,106688
military,0,106618
denim,0,106561
spiked_hair,0,106487
mob_cap,0,106453
crossed_bangs,0,106428
sex_from_behind,0,106316
suit,0,105914
grey_shirt,0,105815
crossed_legs,0,105812
feathers,0,105683
?,0,105422
black_necktie,0,105205
clenched_teeth,0,104988
3boys,0,104681
moon,0,104281
double-parted_bangs,0,103877
eyes_visible_through_hair,0,103619
cross,0,103586
black_belt,0,103566
skin_fang,0,103467
eyepatch,0,103432
cloudy_sky,0,103390
hair_tubes,0,103135
feathered_wings,0,103044
shoulder_armor,0,102780
facing_viewer,0,102134
sunlight,0,101915
plant,0,101867
wavy_mouth,0,101623
holding_gun,0,101348
holding_phone,0,101274
straight_hair,0,101069
juliet_sleeves,0,101061
headgear,0,100848
mouth_hold,0,100800
bottle,0,100464
sleeping,0,100327
hakurei_reimu,4,100093
yellow_background,0,100072
strapless_leotard,0,99827
looking_up,0,99690
couple,0,99549
backpack,0,99463
bug,0,99344
outside_border,0,98985
black_coat,0,98874
t-shirt,0,98863
eyewear_on_head,0,98536
crown,0,98392
puffy_long_sleeves,0,97955
blazer,0,97498
veil,0,97416
fellatio,0,97411
dot_nose,0,97339
tassel,0,97309
animal_print,0,97078
thigh_gap,0,97069
bandaid,0,96768
pink_dress,0,96661
straddling,0,96431
sneakers,0,95902
suspenders,0,95774
kiss,0,95169
white_shoes,0,94831
red_background,0,94658
stuffed_animal,0,94527
grabbing_another's_breast,0,94487
skirt_lift,0,94324
;d,0,94264
red_jacket,0,94164
pink_flower,0,93807
>_<,0,93697
outstretched_arm,0,93498
pointing,0,93056
head_wings,0,93015
bara,0,92864
brooch,0,92580
outstretched_arms,0,92568
fishnets,0,92402
cover,0,92390
robot,0,92174
single_hair_bun,0,92050
slit_pupils,0,91848
curtains,0,91811
on_stomach,0,91389
girl_on_top,0,91294
messy_hair,0,91169
brown_shoes,0,90977
alternate_breast_size_(larger),0,90836
white_sailor_collar,0,90824
nijisanji,3,90534
blue_sailor_collar,0,90418
meme,0,90327
official_alternate_hairstyle,0,90309
extra_ears,0,90207
dog_ears,0,90005
white_pantyhose,0,89946
logo,0,89808
knife,0,89630
outline,0,89587
white_ribbon,0,88983
hand_on_own_chest,0,88902
demon_tail,0,88661
hooded_jacket,0,88358
topless_female,0,88343
aged_down,0,88185
lifting_own_clothes,0,87866
breasts_out,0,87743
red_hat,0,87734
red_nails,0,87727
tiara,0,87591
goggles,0,87052
kirisame_marisa,4,86866
clenched_hand,0,86863
indie_virtual_youtuber,3,86840
rabbit_tail,0,86779
black_bra,0,86774
bdsm,0,86667
green_skirt,0,86470
short_twintails,0,86231
hat_bow,0,86061
hat_ribbon,0,85673
star_(sky),0,85497
side_braid,0,85388
crossover,0,85329
wing_collar,0,85248
white_sleeves,0,84905
building,0,84416
mahou_shoujo_madoka_magica,3,84031
bent_over,0,83985
polka_dot,0,83984
knee_boots,0,83835
loafers,0,83274
katana,0,82820
single_thighhigh,0,82475
staff,0,82422
armband,0,82235
group_sex,0,82129
low_ponytail,0,81506
knees_up,0,81268
shaded_face,0,81184
ribbon_trim,0,81092
grey_skirt,0,81030
claws,0,80772
anger_vein,0,80641
blue_hat,0,80615
light_particles,0,80533
instrument,0,80497
all_fours,0,80137
maid_apron,0,80127
blue_necktie,0,80002
underwear_only,0,79893
chibi_only,0,79838
drooling,0,79705
monster_girl,0,79695
hood_up,0,79578
girls'_frontline,3,79462
tachi-e,0,79209
formal_clothes,0,78979
cropped_jacket,0,78864
open_coat,0,78726
pantyshot,0,78690
spoken_heart,0,78679
purple_dress,0,78653
hair_over_shoulder,0,78595
...,0,78434
cloak,0,78397
child,0,78375
tan,0,78346
box,0,78291
highleg_leotard,0,78030
sleeves_past_fingers,0,77752
qipao,0,77573
strapless_dress,0,77107
mole_under_mouth,0,77091
trap,0,76709
red_neckerchief,0,76449
butterfly,0,76434
round_eyewear,0,76348
couch,0,76204
colored_sclera,0,76136
musical_note,0,76000
brown_boots,0,75988
no_pants,0,75969
towel,0,75824
crescent,0,75524
curvy,0,75522
school_swimsuit,0,75432
o-ring,0,75224
areola_slip,0,75166
dragon_horns,0,75079
blue_nails,0,74976
steam,0,74965
bat_wings,0,74858
candy,0,74661
5girls,0,74525
scenery,0,74368
index_finger_raised,0,74366
lipstick,0,74318
pink_nails,0,74163
black_vest,0,74162
polearm,0,74144
pelvic_curtain,0,74125
cropped_torso,0,74004
anal,0,73877
sex_toy,0,73795
toenails,0,73728
surprised,0,73593
girls_und_panzer,3,73399
gold_trim,0,72992
buckle,0,72981
pale_skin,0,72957
bondage,0,72912
eyeshadow,0,72897
holding_book,0,72769
cherry_blossoms,0,72642
hand_on_own_face,0,72522
pink_shirt,0,72436
waist_apron,0,72377
bridal_gauntlets,0,72326
tearing_up,0,72300
microphone,0,72282
one_eye_covered,0,72269
yellow_bow,0,72227
arms_behind_head,0,72137
ejaculation,0,72091
white_pants,0,71838
striped_thighhighs,0,71594
pom_pom_(clothes),0,71594
white_coat,0,71233
single_earring,0,71131
cropped_legs,0,71121
baseball_cap,0,71049
twin_drills,0,70759
gundam,3,70664
revealing_clothes,0,70556
lace_trim,0,70310
restrained,0,69749
rope,0,69692
hair_rings,0,69587
web_address,0,69571
cover_page,0,69381
furrowed_brow,0,69272
letterboxed,0,69228
wristband,0,69189
foreshortening,0,69163
black_wings,0,69147
faceless,0,68961
blue_shorts,0,68744
male_pubic_hair,0,68729
danganronpa_(series),3,68570
eye_contact,0,68480
undressing,0,68473
black_bowtie,0,68472
precure,3,68470
sheath,0,68433
short_hair_with_long_locks,0,68309
winter_uniform,0,68257
gauntlets,0,68137
furry_female,0,68078
breast_press,0,68041
interlocked_fingers,0,67978
hair_bobbles,0,67874
white_wings,0,67777
wind,0,67658
red_gloves,0,67649
string_bikini,0,67522
hakama,0,67372
blue_flower,0,67193
robe,0,67180
lingerie,0,67172
beard,0,67134
multiple_tails,0,67042
red_shoes,0,67013
plate,0,66921
camisole,0,66910
purple_background,0,66869
green_background,0,66708
neck_bell,0,66647
demon_wings,0,66634
purple_bow,0,66611
adapted_costume,0,66577
nature,0,66500
corset,0,66457
frilled_apron,0,66444
spikes,0,66435
pink_skirt,0,66376
^^^,0,66298
black_horns,0,66177
sweater_vest,0,66067
green_bow,0,65954
multicolored_eyes,0,65903
skirt_set,0,65890
patreon_username,0,65833
happy_birthday,0,65774
furry_male,0,65733
brown_gloves,0,65630
clothing_aside,0,65283
pink_ribbon,0,65273
arm_at_side,0,65242
casual,0,65128
carrying,0,64854
grey_jacket,0,64835
yellow_shirt,0,64760
tsurime,0,64682
breath,0,64679
between_breasts,0,64561
vertical-striped_clothes,0,64479
black_sailor_collar,0,64259
semi-rimless_eyewear,0,64161
armlet,0,64116
high_collar,0,64090
bike_shorts,0,64058
two-tone_background,0,64050
green_jacket,0,63841
veins,0,63602
close-up,0,63214
freckles,0,63125
white_skin,0,63118
:p,0,63096
brown_jacket,0,63034
dragon_girl,0,62940
genderswap,0,62768
forehead,0,62504
flandre_scarlet,4,62484
white_boots,0,62453
dual_persona,0,62446
spot_color,0,62410
glowing_eyes,0,61996
remilia_scarlet,4,61880
motor_vehicle,0,61808
purple_shirt,0,61800
black_sleeves,0,61753
pink_panties,0,61722
white_hairband,0,61699
breasts_apart,0,61664
angry,0,61542
wet_clothes,0,61408
wolf_tail,0,61101
facial,0,61084
peaked_cap,0,61083
clenched_hands,0,61047
androgynous,0,60992
pocket,0,60938
hand_fan,0,60917
brown_background,0,60810
blue_bikini,0,60707
tentacles,0,60436
floating,0,60325
straight-on,0,60134
toned,0,60093
frilled_shirt_collar,0,59999
mahou_shoujo_madoka_magica_(anime),3,59923
blue_pants,0,59888
white_outline,0,59823
beads,0,59771
brown_pantyhose,0,59551
wolf_girl,0,59490
micro_bikini,0,59460
clothed_female_nude_male,0,59366
rabbit_girl,0,59277
side_slit,0,59258
bow_panties,0,59255
licking,0,59244
blood_on_face,0,59206
clothes_writing,0,59162
green_dress,0,59043
panty_pull,0,59005
science_fiction,0,58808
half_updo,0,58787
paizuri,0,58740
jingle_bell,0,58586
low-tied_long_hair,0,58536
knee_up,0,58341
sleeves_rolled_up,0,58278
kemono_friends,3,58252
smoke,0,58251
covering_privates,0,58202
looking_ahead,0,58190
single_glove,0,58139
mole_on_breast,0,58072
blue_halo,0,58051
tareme,0,58046
purple_skirt,0,57839
drinking_glass,0,57751
doll,0,57744
turtleneck_sweater,0,57732
wide_hips,0,57706
christmas,0,57688
cake,0,57675
topless_male,0,57596
high_heel_boots,0,57595
angel_wings,0,57581
white_kimono,0,57458
shirt_tucked_in,0,57000
large_pectorals,0,56888
green_shirt,0,56754
thought_bubble,0,56743
!,0,56633
zipper,0,56597
mary_janes,0,56529
desk,0,56514
crossdressing,0,56435
black-framed_eyewear,0,56432
colored_eyelashes,0,56402
hair_flaps,0,56298
asymmetrical_legwear,0,55973
reflection,0,55948
track_jacket,0,55911
hair_scrunchie,0,55900
copyright_notice,0,55843
ball,0,55787
@_@,0,55658
snow,0,55622
anime_coloring,0,55610
bang_dream!,3,55606
rifle,0,55592
cowgirl_position,0,55448
full_moon,0,55292
mecha,0,55217
white_shorts,0,55112
gift,0,54968
wading,0,54939
wuthering_waves,3,54863
crying_with_eyes_open,0,54821
long_skirt,0,54809
long_fingernails,0,54739
pencil_skirt,0,54680
jojo_no_kimyou_na_bouken,3,54679
thong,0,54607
high-waist_skirt,0,54564
one_piece,3,54515
star_hair_ornament,0,54488
spoken_ellipsis,0,54426
:<,0,54301
arm_behind_back,0,54125
walking,0,54104
pink_halo,0,54005
cum_on_breasts,0,53991
yellow_flower,0,53902
black_bodysuit,0,53870
belt_buckle,0,53630
clothed_sex,0,53550
honkai_impact_3rd,3,53502
handgun,0,53422
blue_bowtie,0,53101
izayoi_sakuya,4,52949
granblue_fantasy,3,52948
front-tie_top,0,52891
kemonomimi_mode,0,52868
fake_tail,0,52865
wide-eyed,0,52750
starry_sky,0,52750
notice_lines,0,52733
purple_flower,0,52694
frilled_bikini,0,52677
skin_tight,0,52549
hand_on_another's_head,0,52502
hand_in_pocket,0,52481
pauldrons,0,52270
handjob,0,52144
sound_effects,0,52105
holding_umbrella,0,52086
headset,0,52078
finger_to_mouth,0,51995
strap_slip,0,51974
blunt_ends,0,51900
pouch,0,51501
after_sex,0,51378
arm_behind_head,0,51345
tray,0,51311
heavy_breathing,0,51230
hair_behind_ear,0,51141
faceless_male,0,51127
futanari,0,51060
sports_bra,0,51027
single_horn,0,51011
striped_shirt,0,51004
brown_skirt,0,50945
ear_covers,0,50924
summer_uniform,0,50912
long_dress,0,50888
age_difference,0,50785
collared_dress,0,50751
goggles_on_head,0,50668
fish,0,50637
masturbation,0,50469
holding_staff,0,50438
dog_girl,0,50378
lens_flare,0,50257
convenient_censoring,0,50224
blouse,0,50186
chinese_text,0,50129
braided_ponytail,0,49987
between_legs,0,49972
swim_ring,0,49847
ribbon-trimmed_sleeves,0,49838
sailor_dress,0,49831
empty_eyes,0,49831
seiza,0,49819
fins,0,49722
shoulder_bag,0,49682
cigarette,0,49674
jitome,0,49502
2koma,0,49471
mature_female,0,49444
dog_tail,0,49333
:q,0,49328
unworn_headwear,0,49265
lace,0,49256
missing_headwear,0,49215
striped_panties,0,49202
denim_shorts,0,49139
reaching,0,49127
yellow_ribbon,0,49104
sideways_glance,0,48915
forest,0,48848
curtained_hair,0,48848
alcohol,0,48681
missionary,0,48637
persona,3,48602
santa_hat,0,48585
red_scarf,0,48482
rain,0,48359
side-tie_panties,0,48203
cleft_of_venus,0,48155
short_ponytail,0,48101
one-hour_drawing_challenge,0,48082
oni,0,48081
disembodied_linked_eye,0,47989
ribbed_sweater,0,47925
puffy_nipples,0,47900
brown_belt,0,47785
project_moon,3,47779
dragon_tail,0,47712
pendant,0,47690
layered_sleeves,0,47669
genderswap_(mtf),0,47534
pink_lips,0,47465
pov_hands,0,47454
rape,0,47345
striped_bow,0,47315
top_hat,0,47303
long_bangs,0,47238
large_areolae,0,47181
legs_up,0,47118
curly_hair,0,47093
emphasis_lines,0,47082
hand_in_own_hair,0,46978
red_bikini,0,46971
hair_spread_out,0,46960
bulge,0,46958
animal_hands,0,46901
hakama_skirt,0,46884
partially_submerged,0,46679
tokin_hat,0,46675
4boys,0,46642
legs_apart,0,46589
twins,0,46580
goddess_of_victory:_nikke,3,46547
animal_focus,0,46476
shrug_(clothing),0,46430
fingering,0,46398
height_difference,0,46385
personification,0,46336
animal_ear_hairband,0,46238
white_leotard,0,46206
condom,0,46133
artoria_pendragon_(fate),4,46033
pink_jacket,0,45936
crossdressing_(mtf),0,45930
large_penis,0,45919
bubble,0,45908
pokemon_focus,0,45888
brown_hat,0,45857
bandaged_arm,0,45806
tinted_eyewear,0,45795
idolmaster_shiny_colors,3,45763
mouth_mask,0,45753
white_bra,0,45688
lapels,0,45468
chainsaw_man,3,45461
ass_focus,0,45396
hat_ornament,0,45319
backlighting,0,45305
eyeliner,0,45297
santa_costume,0,45289
heart_hair_ornament,0,45252
asymmetrical_bangs,0,45244
cropped_shirt,0,45223
low_wings,0,45207
falling_petals,0,45071
off-shoulder_dress,0,45004
mature_male,0,44921
komeiji_koishi,4,44880
black_collar,0,44872
epaulettes,0,44818
head_rest,0,44787
red_rose,0,44773
jeans,0,44667
hoop_earrings,0,44660
torn_pantyhose,0,44604
running,0,44576
korean_text,0,44519
blue_one-piece_swimsuit,0,44473
cuffs,0,44425
idolmaster_(classic),3,44293
red_cape,0,44279
paper,0,44268
halloween,0,44233
hands_on_own_hips,0,44195
raised_eyebrows,0,44046
teacup,0,44015
boku_no_hero_academia,3,44008
yu-gi-oh!,3,43873
fate/stay_night,3,43831
back_bow,0,43822
parent_and_child,0,43818
red-framed_eyewear,0,43764
plump,0,43715
threesome,0,43674
out_of_frame,0,43632
hair_down,0,43562
bikini_top_only,0,43531
orange_background,0,43506
drinking_straw,0,43462
stud_earrings,0,43423
flying,0,43416
bowl,0,43288
cumdrip,0,43258
school_bag,0,43129
hand_on_another's_shoulder,0,43066
bags_under_eyes,0,43064
dog,0,42924
dress_lift,0,42851
monster,0,42826
double_v,0,42718
stubble,0,42625
watch,0,42519
lolita_fashion,0,42519
grey_pants,0,42448
purple_nails,0,42374
sun_hat,0,42257
6+boys,0,42245
bouquet,0,42196
steaming_body,0,42178
holding_flower,0,42058
flipped_hair,0,42028
doggystyle,0,41993
gym_uniform,0,41985
mini_person,0,41763
tentacle_hair,0,41727
knees_together_feet_apart,0,41675
blurry_foreground,0,41644
short_eyebrows,0,41554
foot_out_of_frame,0,41517
broom,0,41396
tracen_school_uniform,0,41361
+_+,0,41357
arm_tattoo,0,41319
mug,0,41246
green_hat,0,41234
tanlines,0,41210
double-breasted,0,41077
holding_knife,0,41065
black_serafuku,0,41060
veiny_penis,0,41041
final_fantasy_vii,3,41033
kochiya_sanae,4,40993
lab_coat,0,40977
on_chair,0,40970
dual_wielding,0,40959
spread_pussy,0,40882
blue_gloves,0,40804
konpaku_youmu,4,40752
holding_unworn_clothes,0,40740
partially_fingerless_gloves,0,40731
innertube,0,40680
breastplate,0,40643
cum_in_mouth,0,40595
circlet,0,40579
brother_and_sister,0,40566
scar_across_eye,0,40540
heart_hands,0,40531
cum_overflow,0,40493
white_sweater,0,40477
mirror,0,40467
buruma,0,40466
brown_dress,0,40461
pajamas,0,40451
open_book,0,40430
cirno,4,40423
red_hairband,0,40345
waving,0,40244
yellow_ascot,0,40188
wooden_floor,0,40124
facing_away,0,40119
blue_skin,0,40109
armpit_crease,0,40086
mustache,0,40058
yellow_jacket,0,40050
injury,0,39892
alice_margatroid,4,39815
blue_kimono,0,39690
ringed_eyes,0,39673
red_lips,0,39657
lollipop,0,39625
blue_theme,0,39593
serious,0,39510
bang_dream!_it's_mygo!!!!!,3,39420
split_mouth,0,39406
upskirt,0,39398
toenail_polish,0,39378
fur-trimmed_jacket,0,39371
bandaid_on_face,0,39327
zoom_layer,0,39302
arrow_(symbol),0,39287
black_cape,0,39268
drawstring,0,39235
fake_horns,0,39200
poke_ball,0,39059
sunset,0,39039
admiral_(kancolle),4,38993
single_side_bun,0,38960
love_live!_school_idol_project,3,38935
on_floor,0,38929
can,0,38909
under-rim_eyewear,0,38798
arms_at_sides,0,38744
sensei_(blue_archive),4,38736
fishnet_pantyhose,0,38717
doujin_cover,0,38709
bouncing_breasts,0,38700
patchouli_knowledge,4,38622
red_halo,0,38597
lantern,0,38570
sideburns,0,38559
enmaided,0,38555
forehead_mark,0,38539
mini_hat,0,38509
yellow_halo,0,38467
hug_from_behind,0,38403
chromatic_aberration,0,38401
rabbit,0,38381
:t,0,38347
!?,0,38337
yakumo_yukari,4,38319
shawl,0,38284
the_legend_of_zelda,3,38283
visor_cap,0,38276
competition_swimsuit,0,38231
leash,0,38197
impossible_clothes,0,38116
center_frills,0,38077
glint,0,38067
holding_bag,0,38051
shield,0,38016
lace-up_boots,0,37984
hat_flower,0,37981
print_bikini,0,37895
muscular_female,0,37828
pout,0,37755
card,0,37725
sailor_shirt,0,37662
very_short_hair,0,37629
artist_logo,0,37588
dragon,0,37528
character_doll,0,37474
contrapposto,0,37465
brown_shirt,0,37452
nipple_stimulation,0,37392
breasts_squeezed_together,0,37382
snowing,0,37315
legs_together,0,37263
hand_on_own_cheek,0,37242
frilled_shirt,0,37232
foot_focus,0,37177
fur_collar,0,37174
asymmetrical_hair,0,37151
reaching_towards_viewer,0,37117
rock,0,37104
sand,0,37047
object_insertion,0,36998
black_sclera,0,36993
ghost,0,36881
half_up_braid,0,36864
weibo_watermark,0,36862
popsicle,0,36860
garter_belt,0,36847
love_live!_hasu_no_sora_jogakuin_school_idol_club,3,36744
tiles,0,36736
aged_up,0,36723
two-sided_fabric,0,36701
green_ribbon,0,36582
butterfly_hair_ornament,0,36582
shoulder_cutout,0,36560
purple_ribbon,0,36514
crown_braid,0,36513
thighband_pantyhose,0,36459
hand_between_own_legs,0,36408
stairs,0,36401
smirk,0,36399
bishounen,0,36388
pinafore_dress,0,36348
teddy_bear,0,36294
huge_ass,0,36219
female_masturbation,0,36176
off-shoulder_shirt,0,36080
paw_pose,0,36067
unworn_hat,0,36043
red_vest,0,36022
long_pointy_ears,0,35999
sign,0,35984
nontraditional_miko,0,35964
adjusting_clothes,0,35869
black_sweater,0,35834
naughty_face,0,35750
neon_genesis_evangelion,3,35675
ice,0,35666
strawberry,0,35643
crystal,0,35626
on_ground,0,35484
sheathed,0,35476
limbus_company,3,35470
card_(medium),0,35456
mouse_ears,0,35452
panties_under_pantyhose,0,35427
spoon,0,35395
single_bare_shoulder,0,35341
blood_on_clothes,0,35336
white_fur,0,35307
backless_outfit,0,35297
interracial,0,35262
beanie,0,35236
fork,0,35219
body_fur,0,35132
spaghetti_strap,0,35095
handbag,0,35094
league_of_legends,3,35077
drink,0,34908
ice_cream,0,34907
skull,0,34890
city,0,34860
pasties,0,34841
brown_pants,0,34822
eyebrows_hidden_by_hair,0,34809
fire_emblem_heroes,3,34731
striped_bikini,0,34692
motion_blur,0,34680
smug,0,34668
pokemon_sword_and_shield,3,34579
final_fantasy_xiv,3,34535
on_couch,0,34530
upside-down,0,34503
symbol_in_eye,0,34477
smoking,0,34458
water_drop,0,34457
two-tone_dress,0,34363
sharp_fingernails,0,34356
arm_warmers,0,34338
arm_under_breasts,0,34337
nurse_cap,0,34325
hands_in_pockets,0,34305
=_=,0,34272
bandana,0,34240
blue_shoes,0,34165
nun,0,34140
shameimaru_aya,4,34130
brown_thighhighs,0,34031
sarashi,0,33992
alternate_color,0,33984
sitting_on_person,0,33975
railing,0,33922
black_one-piece_swimsuit,0,33880
style_parody,0,33852
street_fighter,3,33825
criss-cross_halter,0,33744
long_sidelocks,0,33716
white_capelet,0,33674
straw_hat,0,33672
holding_polearm,0,33645
borrowed_character,0,33643
jacket_on_shoulders,0,33641
fighting_stance,0,33632
print_kimono,0,33626
chopsticks,0,33577
splatoon_(series),3,33519
front-tie_bikini_top,0,33514
rigging,0,33499
tabard,0,33394
sportswear,0,33391
chocolate,0,33383
star-shaped_pupils,0,33362
food_in_mouth,0,33344
other_focus,0,33159
;),0,33159
white_scarf,0,33151
hair_tie,0,33136
idolmaster_million_live!,3,33133
panties_aside,0,33105
light_rays,0,33102
white_one-piece_swimsuit,0,33068
minigirl,0,33002
v_arms,0,32971
animal_hood,0,32971
ear_ornament,0,32943
nose,0,32830
branch,0,32787
covering_own_mouth,0,32680
contemporary,0,32674
hugging_object,0,32667
blue_panties,0,32637
sample_watermark,0,32607
ofuda,0,32592
pokemon_scarlet_and_violet,3,32521
pleated_dress,0,32494
realistic,0,32459
overalls,0,32458
shiny_clothes,0,32434
creature,0,32422
outstretched_hand,0,32415
holding_bottle,0,32369
android,0,32297
grey_dress,0,32200
chibi_inset,0,32191
ragnarok_online,3,32187
rabbit_ear_hairband,0,32184
palm_tree,0,32111
breast_pocket,0,32106
military_hat,0,32083
jumping,0,32073
mountain,0,32050
holding_fan,0,32035
grabbing_from_behind,0,31990
apple,0,31973
fence,0,31933
yukata,0,31916
cross-laced_clothes,0,31847
camera,0,31815
hand_on_another's_face,0,31801
blue_hairband,0,31796
holding_microphone,0,31795
fire_emblem:_three_houses,3,31702
selfie,0,31618
purple_jacket,0,31606
antlers,0,31567
bocchi_the_rock!,3,31567
vibrator,0,31548
pixel_art,0,31497
hime_cut,0,31495
blue_leotard,0,31489
dildo,0,31411
black_kimono,0,31392
tail_ornament,0,31360
snake,0,31334
potted_plant,0,31333
adjusting_eyewear,0,31322
hair_over_eyes,0,31301
floral_background,0,31276
gag,0,31255
new_year,0,31204
midriff_peek,0,31180
clitoris,0,31146
size_difference,0,31124
reisen_udongein_inaba,4,31111
spoken_question_mark,0,31065
animification,0,31036
mario_(series),3,31028
hair_bell,0,31027
frilled_bow,0,30966
green_skin,0,30928
bow_(weapon),0,30913
confetti,0,30911
split-color_hair,0,30907
pov_crotch,0,30874
komeiji_satori,4,30861
bespectacled,0,30802
door,0,30797
gagged,0,30791
clitoral_hood,0,30740
licking_lips,0,30703
mother_and_child,0,30686
goatee,0,30670
full-face_blush,0,30583
grabbing_another's_ass,0,30561
fujiwara_no_mokou,4,30558
wedding_dress,0,30504
holding_tray,0,30451
sunflower,0,30393
no_nose,0,30352
angel,0,30313
yellow_neckerchief,0,30230
pink_bikini,0,30173
dragon_ball,3,30150
covered_mouth,0,30141
zipper_pull_tab,0,30119
shota,0,30054
petite,0,30017
blindfold,0,30002
underwater,0,29954
gift_box,0,29918
spear,0,29866
pen,0,29775
holding_instrument,0,29760
akemi_homura,4,29753
absurdly_long_hair,0,29751
project_sekai,3,29716
kaname_madoka,4,29649
purple_thighhighs,0,29613
sun,0,29595
cum_on_hair,0,29581
bound_wrists,0,29581
crotch_seam,0,29549
anklet,0,29539
pink_hat,0,29513
food-themed_hair_ornament,0,29430
car,0,29393
balloon,0,29367
w,0,29365
3d,0,29286
xenoblade_chronicles_(series),3,29284
page_number,0,29271
valentine,0,29254
talking,0,29242
horizon,0,29238
hand_on_own_chin,0,29210
wrist_scrunchie,0,29173
guitar,0,29159
black_hoodie,0,29159
name_tag,0,29107
kneepits,0,29054
gyaru,0,29044
head_out_of_frame,0,28954
joints,0,28941
multiple_others,0,28921
white_cape,0,28911
scales,0,28825
vision_(genshin_impact),0,28813
antennae,0,28790
blue_gem,0,28766
o_o,0,28745
cable,0,28732
wristwatch,0,28707
food_on_face,0,28668
suspender_skirt,0,28665
marvel,3,28629
hair_stick,0,28605
forehead_jewel,0,28592
highleg_panties,0,28588
gakuran,0,28578
wand,0,28536
white_choker,0,28521
bikini_under_clothes,0,28519
top-down_bottom-up,0,28487
butt_crack,0,28487
+++,0,28469
utau,3,28466
sleeve_cuffs,0,28459
blue_cape,0,28450
open_cardigan,0,28435
duel_monster,0,28428
print_shirt,0,28427
half_gloves,0,28419
orange_bow,0,28409
bandeau,0,28375
spread_arms,0,28299
newsboy_cap,0,28279
bloomers,0,28272
ahegao,0,28230
purple_gloves,0,28226
red_thighhighs,0,28221
covering_breasts,0,28192
white_streaks,0,28192
toeless_legwear,0,28156
mask_on_head,0,28143
silent_comic,0,28134
claw_pose,0,28116
id_card,0,28094
hong_meiling,4,28040
cow_print,0,28004
blue_vest,0,27997
checkered_clothes,0,27991
fish_tail,0,27967
saliva_trail,0,27966
haori,0,27945
saigyouji_yuyuko,4,27936
dakimakura_(medium),0,27932
bookshelf,0,27849
folding_fan,0,27815
toaru_majutsu_no_index,3,27805
hanging_breasts,0,27777
multicolored_jacket,0,27767
lactation,0,27763
blanket,0,27733
pink_bowtie,0,27732
oekaki,0,27699
princess_connect!,3,27654
white_ascot,0,27648
raised_inner_eyebrows,0,27641
black_tank_top,0,27623
white_eyes,0,27535
headpiece,0,27484
microskirt,0,27457
white_wrist_cuffs,0,27433
k-on!,3,27427
abyssal_ship,0,27401
candle,0,27392
pokemon_(anime),3,27384
adjusting_hair,0,27377
partially_visible_vulva,0,27351
tube_top,0,27322
red_kimono,0,27313
open_fly,0,27266
cow_ears,0,27265
electricity,0,27241
black_tail,0,27206
covered_eyes,0,27196
panties_around_one_leg,0,27183
mecha_pilot_suit,0,27176
clock,0,27129
curled_horns,0,27077
winter_clothes,0,27024
center_opening,0,26924
underbust,0,26913
bush,0,26878
eighth_note,0,26874
tress_ribbon,0,26870
sousou_no_frieren,3,26852
danganronpa_2:_goodbye_despair,3,26828
poke_ball_(basic),0,26819
company_name,0,26798
blue_neckerchief,0,26785
scaramouche_(genshin_impact),4,26775
red_horns,0,26766
3koma,0,26724
colored_tips,0,26719
diamond_(shape),0,26692
pink_bra,0,26692
on_head,0,26664
naruto_(series),3,26652
highleg_one-piece_swimsuit,0,26635
gakuen_idolmaster,3,26606
japanese_armor,0,26554
film_grain,0,26534
feather_hair_ornament,0,26515
holding_bouquet,0,26440
white_belt,0,26399
drinking,0,26380
yellow_dress,0,26370
white_tank_top,0,26345
toned_male,0,26299
undershirt,0,26296
long_legs,0,26257
limited_palette,0,26254
red_boots,0,26250
pool,0,26206
mini_crown,0,26202
basket,0,26156
brown_coat,0,26041
kagamine_rin,4,26035
bodystocking,0,26022
leaning_back,0,26007
classroom,0,25997
patreon_logo,0,25995
inubashiri_momiji,4,25964
yokozuwari,0,25959
folded_ponytail,0,25923
red_ascot,0,25872
|_|,0,25858
hands_on_own_face,0,25847
controller,0,25846
heart_censor,0,25771
world_witches_series,3,25750
lyrical_nanoha,3,25724
white_collar,0,25709
after_vaginal,0,25664
disposable_cup,0,25652
fairy_wings,0,25644
petticoat,0,25639
shoulder_tattoo,0,25625
blue_rose,0,25624
suzumiya_haruhi_no_yuuutsu,3,25526
glass,0,25507
surrounded_by_penises,0,25493
looking_afar,0,25490
blue_thighhighs,0,25439
orgasm,0,25398
fishnet_thighhighs,0,25388
arrow_(projectile),0,25381
black_border,0,25353
eyeball,0,25321
scar_on_cheek,0,25294
holding_animal,0,25235
open_hand,0,25233
nervous_sweating,0,25141
tiger_ears,0,25139
harness,0,25139
cow_horns,0,25129
red_streaks,0,25114
hand_on_headwear,0,25110
torn_thighhighs,0,25109
aircraft,0,25097
red_choker,0,25097
white_hoodie,0,25089
tight_clothes,0,25074
black_capelet,0,25067
school_desk,0,25047
grabbing_own_breast,0,25022
purple_hat,0,25018
danganronpa_v3:_killing_harmony,3,25018
red_coat,0,24996
tabi,0,24986
invisible_chair,0,24882
holding_stuffed_toy,0,24878
armored_boots,0,24863
fur-trimmed_coat,0,24831
arm_strap,0,24819
gangbang,0,24819
partially_unbuttoned,0,24753
ankle_boots,0,24717
leg_warmers,0,24711
onsen,0,24698
halloween_costume,0,24683
arched_back,0,24677
mechanical_arms,0,24623
cheerleader,0,24615
witch,0,24591
pink_shoes,0,24562
striped_necktie,0,24560
pom_pom_(cheerleading),0,24548
voiceroid,3,24526
futa_with_female,0,24513
parallel_hairclips,0,24495
squiggle,0,24449
retro_artstyle,0,24440
white_bowtie,0,24430
animal_nose,0,24405
pokemon_sun_and_moon,3,24359
light_frown,0,24287
collared_jacket,0,24252
space,0,24250
bun_cover,0,24245
asymmetrical_gloves,0,24234
headpat,0,24231
bow_hairband,0,24213
hand_on_own_head,0,24155
multicolored_skin,0,24146
hanfu,0,24138
vambraces,0,24120
leggings,0,24105
holding_poke_ball,0,24008
low_twin_braids,0,23988
road,0,23944
reverse:1999,3,23944
cityscape,0,23890
jujutsu_kaisen,3,23869
shared_bathing,0,23823
nipple_tweak,0,23821
precum,0,23786
assault_rifle,0,23775
bandaid_on_leg,0,23762
tile_floor,0,23750
red_pants,0,23726
shibari,0,23725
nipple_piercing,0,23715
polka_dot_background,0,23670
inkling,0,23649
bikini_armor,0,23636
mega_man_(series),3,23630
layered_dress,0,23619
holding_plate,0,23617
wide_shot,0,23604
reading,0,23583
purple_bowtie,0,23534
frilled_hairband,0,23477
stretching,0,23440
green_necktie,0,23412
highleg_bikini,0,23407
love_live!_sunshine!!,3,23391
riding,0,23289
gothic_lolita,0,23285
belly,0,23279
geta,0,23278
grey_skin,0,23270
magic,0,23253
bald,0,23250
omori,3,23237
purple_bikini,0,23203
yellow_necktie,0,23199
under_covers,0,23132
interspecies,0,23128
fairy,0,23114
short_over_long_sleeves,0,23107
standing_sex,0,23096
huge_ahoge,0,23087
french_kiss,0,23054
slippers,0,23048
headdress,0,23027
lamp,0,23006
clothes_around_waist,0,23003
layered_skirt,0,22982
sleeveless_turtleneck,0,22922
dancing,0,22910
thong_panties,0,22904
miko,0,22886
re:zero_kara_hajimeru_isekai_seikatsu,3,22833
shade,0,22823
rolling_eyes,0,22822
facial_tattoo,0,22821
silhouette,0,22803
hair_slicked_back,0,22802
konpaku_youmu_(ghost),4,22793
guilty_gear,3,22771
blue_coat,0,22763
military_vehicle,0,22758
notched_lapels,0,22750
blue_boots,0,22739
pink_kimono,0,22730
laughing,0,22719
yakumo_ran,4,22716
red_shorts,0,22710
ear_bow,0,22709
back-to-back,0,22698
mismatched_legwear,0,22691
kaenbyou_rin,4,22686
green_nails,0,22679
disembodied_hand,0,22674
emblem,0,22669
pulling_own_clothes,0,22644
flag,0,22632
evil_smile,0,22617
bird_wings,0,22610
red_pupils,0,22604
paw_gloves,0,22594
undercut,0,22578
office_lady,0,22525
sailor_hat,0,22517
bare_back,0,22517
mechanical_halo,0,22511
star_print,0,22499
no_pupils,0,22495
bound_arms,0,22482
bangle,0,22479
animal_ear_piercing,0,22470
nurse,0,22462
frog_hair_ornament,0,22455
triangle_mouth,0,22451
hand_to_own_mouth,0,22356
thighlet,0,22350
long_hair_between_eyes,0,22349
eye_mask,0,22331
animal_costume,0,22301
reference_sheet,0,22282
frilled_hair_tubes,0,22278
own_hands_clasped,0,22277
male_underwear,0,22275
fate/extra,3,22269
bridal_veil,0,22210
red_leotard,0,22210
inverted_nipples,0,22187
kaga_(kancolle),4,22175
fire_emblem_fates,3,22166
nipple_slip,0,22164
grabbing_another's_arm,0,22140
aqua_necktie,0,22132
warrior_of_light_(ff14),4,22128
rumia,4,22128
kono_subarashii_sekai_ni_shukufuku_wo!,3,22123
partially_colored,0,22065
blue_scarf,0,22056
doodle_sensei_(blue_archive),4,22016
love_live!_nijigasaki_high_school_idol_club,3,21989
aqua_nails,0,21988
loose_socks,0,21988
raiden_shogun,4,21981
mother_and_daughter,0,21967
brown_cardigan,0,21951
white_rose,0,21929
lumine_(genshin_impact),4,21929
moriya_suwako,4,21917
bandaged_leg,0,21911
jack-o'-lantern,0,21899
incest,0,21875
purple_kimono,0,21865
wine_glass,0,21853
mouse_tail,0,21832
yellow_bikini,0,21792
happy_new_year,0,21742
sundress,0,21734
bench,0,21719
multiple_rings,0,21712
chest_jewel,0,21704
gohei,0,21703
rabbit_hair_ornament,0,21687
no_mouth,0,21686
taut_clothes,0,21681
unworn_eyewear,0,21653
triangular_headpiece,0,21648
ninja,0,21645
ship_turret,0,21606
frilled_thigh_strap,0,21606
scared,0,21587
digimon,3,21554
chinese_zodiac,0,21550
tied_shirt,0,21538
happy_sex,0,21525
imminent_penetration,0,21499
holster,0,21485
xenoblade_chronicles_2,3,21479
red_eyeshadow,0,21452
beachball,0,21451
spreading_own_pussy,0,21444
key,0,21439
holding_own_dress,0,21434
architecture,0,21433
femdom,0,21427
paw_print,0,21419
wedding_ring,0,21403
leg_lift,0,21366
striped_dress,0,21347
stuffed_rabbit,0,21314
presenting_own_body,0,21285
animalization,0,21284
facing_another,0,21270
hand_on_own_arm,0,21268
field,0,21264
wet_shirt,0,21260
grey_shorts,0,21254
unbuttoned,0,21252
suit_jacket,0,21235
brown_shorts,0,21212
5boys,0,21189
holding_fruit,0,21168
cum_in_ass,0,21166
tail_raised,0,21164
saber_(fate),4,21144
cross_necklace,0,21110
bleach,3,21092
bread,0,21070
leather,0,21051
skin-covered_horns,0,21023
cone_hair_bun,0,21020
scythe,0,21019
tatami,0,21011
blue_streaks,0,21001
indian_style,0,20992
face-to-face,0,20991
trailblazer_(honkai:_star_rail),4,20975
condom_wrapper,0,20973
head_wreath,0,20965
headphones_around_neck,0,20937
backless_dress,0,20899
monogatari_(series),3,20881
dagger,0,20869
axe,0,20861
real_life,3,20853
hands_on_own_chest,0,20837
brown_sweater,0,20832
mash_kyrielight,4,20814
tales_of_(series),3,20811
mittens,0,20810
pocky,0,20790
halftone,0,20755
vampire,0,20744
navel_cutout,0,20733
salute,0,20693
black_cat,0,20687
shimakaze_(kancolle),4,20652
link,4,20651
spoken_exclamation_mark,0,20638
star_earrings,0,20636
sarong,0,20619
bow_bra,0,20615
kimetsu_no_yaiba,3,20600
reiuji_utsuho,4,20591
grey_sweater,0,20586
averting_eyes,0,20575
bedroom,0,20567
alternate_eye_color,0,20550
hand_on_own_thigh,0,20545
bucket,0,20538
chen,4,20535
horn_ornament,0,20533
orange_shirt,0,20530
hitodama,0,20500
shark_tail,0,20456
ears_through_headwear,0,20442
playing_instrument,0,20437
anchor_symbol,0,20428
naked_shirt,0,20382
black_suit,0,20346
battle,0,20330
shoulder_blades,0,20328
dragon_quest,3,20323
raccoon_ears,0,20316
wet_hair,0,20276
tilted_headwear,0,20268
red_eyeliner,0,20248
used_condom,0,20236
computer,0,20233
whisker_markings,0,20230
kazami_yuuka,4,20230
teapot,0,20198
fantasy,0,20177
annoyed,0,20168
ganyu_(genshin_impact),4,20146
constricted_pupils,0,20132
see-through_shirt,0,20130
senran_kagura,3,20118
puff_of_air,0,20087
miki_sayaka,4,20058
drunk,0,20057
utdr_(toby_fox),3,20052
superhero_costume,0,20044
thumbs_up,0,20037
hip_vent,0,20009
mouse_girl,0,20005
2000s_(style),0,19986
red_hakama,0,19979
round_teeth,0,19941
yellow_skirt,0,19932
pink_theme,0,19923
bonnet,0,19922
leaf_hair_ornament,0,19908
anal_object_insertion,0,19905
charm_(object),0,19900
green_bikini,0,19889
anniversary,0,19888
open_kimono,0,19812
text_focus,0,19805
air_bubble,0,19799
overwatch,3,19799
holding_own_hair,0,19797
bead_necklace,0,19736
see-through_sleeves,0,19722
brothers,0,19709
public_indecency,0,19705
pectoral_cleavage,0,19693
against_wall,0,19690
red_skin,0,19660
fat,0,19644
:>,0,19640
animal_hat,0,19609
dark,0,19603
off-shoulder_sweater,0,19584
pink_rose,0,19575
bikini_skirt,0,19573
two-tone_eyes,0,19547
coat_on_shoulders,0,19547
face_piercing,0,19524
hugging_own_legs,0,19523
belt_collar,0,19516
pubic_tattoo,0,19512
red_panties,0,19475
ear_blush,0,19454
bishoujo_senshi_sailor_moon,3,19450
three-quarter_sleeves,0,19448
cannon,0,19431
autumn_leaves,0,19427
uneven_legwear,0,19427
pokemon_black_and_white,3,19400
lowleg,0,19399
holding_another's_wrist,0,19393
paintbrush,0,19375
hina_(blue_archive),4,19373
chest_tattoo,0,19367
idol,0,19353
fox_mask,0,19323
hat_feather,0,19323
princess_carry,0,19308
photo_(object),0,19306
pink_thighhighs,0,19306
toned_female,0,19286
fireworks,0,19265
two_tails,0,19263
unworn_shoes,0,19235
stitches,0,19226
heart_of_string,0,19183
sword_art_online,3,19182
unzipped,0,19177
navel_piercing,0,19161
green_halo,0,19101
red_capelet,0,19090
fur-trimmed_sleeves,0,19090
green_pants,0,19064
one_breast_out,0,19010
heart_earrings,0,19007
wind_lift,0,19005
randoseru,0,18989
head_fins,0,18970
latex,0,18962
bare_pectorals,0,18962
fujimaru_ritsuka_(male),4,18961
hooded_cloak,0,18949
white_bodysuit,0,18943
swimsuit_under_clothes,0,18930
cat_boy,0,18879
cross-shaped_pupils,0,18878
oil-paper_umbrella,0,18824
turning_head,0,18819
lower_teeth_only,0,18813
aura,0,18808
string,0,18800
yuuka_(blue_archive),4,18796
giant,0,18788
tunic,0,18774
drink_can,0,18755
on_one_knee,0,18683
headscarf,0,18661
tatara_kogasa,4,18659
yellow_bowtie,0,18639
carrot,0,18635
chest_harness,0,18630
jacket_partially_removed,0,18623
black_halo,0,18619
kawashiro_nitori,4,18619
cross_hair_ornament,0,18612
black_neckerchief,0,18593
gym_shirt,0,18588
spiked_collar,0,18581
game_controller,0,18551
bracer,0,18549
chestnut_mouth,0,18536
blank_eyes,0,18534
two-tone_skin,0,18526
sparkling_eyes,0,18521
old,0,18503
striped_bowtie,0,18498
clothes_between_breasts,0,18498
imminent_kiss,0,18493
ffm_threesome,0,18463
knee_pads,0,18462
cross-section,0,18458
everyone,0,18455
snowflakes,0,18450
belt_pouch,0,18439
mandarin_collar,0,18431
snake_hair_ornament,0,18424
shoe_soles,0,18416
picture_frame,0,18399
green_vest,0,18399
blue_sweater,0,18398
gameplay_mechanics,0,18390
oversized_clothes,0,18367
holding_fork,0,18360
red_gem,0,18355
pink_gloves,0,18349
purple_panties,0,18344
mmf_threesome,0,18336
scabbard,0,18314
tiptoes,0,18297
watercraft,0,18297
coin,0,18297
micro_shorts,0,18280
white_camisole,0,18279
fang_out,0,18278
sonic_(series),3,18271
male_penetrated,0,18271
asuna_(blue_archive),4,18268
holding_gift,0,18266
naked_towel,0,18219
afterimage,0,18217
animal_on_head,0,18191
single_sidelock,0,18179
assertive_female,0,18178
monitor,0,18171
animal_collar,0,18163
blood_on_hand,0,18157
kitsune,0,18151
heart_ahoge,0,18142
facepaint,0,18135
holding_cigarette,0,18125
moaning,0,18102
aqua_background,0,18096
nervous,0,18083
sitting_on_lap,0,18081
yellow_sclera,0,18070
bathing,0,18058
hand_on_own_knee,0,18038
hibiki_(kancolle),4,18026
purple_skin,0,18016
crescent_hair_ornament,0,18009
winter,0,18002
two-tone_shirt,0,18001
blue_hoodie,0,17993
ice_wings,0,17963
vines,0,17951
bad_anatomy,0,17925
striped_background,0,17922
kasane_teto,4,17888
gotoh_hitori,4,17886
armored_dress,0,17864
houraisan_kaguya,4,17863
digimon_(creature),0,17855
side_braids,0,17854
licking_penis,0,17851
short_kimono,0,17849
hinanawi_tenshi,4,17844
holding_spoon,0,17840
floppy_ears,0,17839
kamishirasawa_keine,4,17835
houshou_marine,4,17823
holding_can,0,17815
:/,0,17815
braided_bangs,0,17801
green_shorts,0,17791
very_dark_skin,0,17787
two-tone_jacket,0,17776
diagonal-striped_clothes,0,17774
sad,0,17764
nosebleed,0,17763
red_collar,0,17761
pinstripe_pattern,0,17753
shigure_(kancolle),4,17739
folded,0,17722
holding_chopsticks,0,17680
earmuffs,0,17678
strike_witches,3,17643
biting,0,17642
bat_(animal),0,17641
gardevoir,4,17638
father_and_child,0,17637
black_scarf,0,17632
lolita_hairband,0,17603
pointing_at_viewer,0,17582
breast_sucking,0,17581
looking_at_object,0,17564
blue_choker,0,17560
v-neck,0,17540
one-eyed,0,17528
leg_ribbon,0,17519
alternate_hair_color,0,17505
handcuffs,0,17500
dolphin_shorts,0,17498
persona_5,3,17487
m_legs,0,17484
pantyhose_under_shorts,0,17474
toaru_kagaku_no_railgun,3,17474
cowbell,0,17468
onee-shota,0,17455
black_sports_bra,0,17448
holding_candy,0,17438
souryuu_asuka_langley,4,17436
touken_ranbu,3,17426
waitress,0,17392
colored_extremities,0,17388
airplane,0,17364
slingshot_swimsuit,0,17351
pikachu,4,17342
multiple_hair_bows,0,17286
grey_gloves,0,17271
x-ray,0,17269
squeans,0,17250
white_veil,0,17245
food_focus,0,17231
final_fantasy_vii_remake,3,17226
shimenawa,0,17214
multiple_persona,0,17209
fur-trimmed_gloves,0,17193
wince,0,17184
torn_shirt,0,17184
fate/apocrypha,3,17170
kagamine_len,4,17144
pink_hairband,0,17138
vaginal_object_insertion,0,17118
pointless_censoring,0,17113
merfolk,0,17113
dark_persona,0,17112
blue_bra,0,17100
!!,0,17065
sakura_kyoko,4,17062
sack,0,17012
pink_sweater,0,16997
east_asian_architecture,0,16997
deep_skin,0,16994
green_bowtie,0,16978
biceps,0,16965
string_panties,0,16963
fire_emblem_awakening,3,16954
wagashi,0,16949
o-ring_bikini,0,16947
weapon_on_back,0,16924
police,0,16922
over_shoulder,0,16921
birthday,0,16914
red_sash,0,16905
science_adventure,3,16900
donut,0,16895
bukkake,0,16895
nier_(series),3,16889
shark_girl,0,16866
drop_shadow,0,16858
brown_fur,0,16838
pokemon_diamond/pearl/platinum,3,16828
tomoe_mami,4,16828
nun_headdress,0,16826
arknights:_endfield,3,16800
tifa_lockhart,4,16796
grey_hat,0,16787
spy_x_family,3,16784
huge_penis,0,16784
sphere_hair_ornament,0,16783
gochuumon_wa_usagi_desu_ka?,3,16777
alternate_hair_length_(longer),0,16771
aqua_bow,0,16748
grid_background,0,16740
gold,0,16738
shell,0,16719
the_king_of_fighters,3,16715
lace-trimmed_thighhighs,0,16705
neck_ring,0,16702
sanpaku,0,16693
nijisanji_en,3,16688
dark_background,0,16685
in_container,0,16671
>:),0,16665
stomach_bulge,0,16651
lace-trimmed_bra,0,16642
torii,0,16641
fur-trimmed_cape,0,16635
holding_bow_(weapon),0,16632
carrying_person,0,16617
holding_another's_hair,0,16610
cum_on_clothes,0,16597
bead_bracelet,0,16594
touhou_(pc-98),3,16584
frog,0,16555
body_markings,0,16552
stool,0,16547
holding_wand,0,16530
grey_thighhighs,0,16523
princess_zelda,4,16522
braided_bun,0,16511
firefly_(honkai:_star_rail),4,16504
frilled_choker,0,16501
yellow_hairband,0,16496
aiming,0,16495
lineart,0,16489
fujimaru_ritsuka_(female),4,16465
crescent_moon,0,16456
sexually_suggestive,0,16446
gawr_gura,4,16410
goat_horns,0,16409
ribs,0,16384
diamond-shaped_pupils,0,16382
playing_card,0,16381
blue_sleeves,0,16380
kill_la_kill,3,16368
dress_bow,0,16367
house,0,16365
hasu_no_sora_school_uniform,0,16335
ribbon_choker,0,16331
strap_gap,0,16327
pumpkin,0,16318
hair_up,0,16317
idolmaster_cinderella_girls_starlight_stage,3,16317
singing,0,16297
colored_speech_bubble,0,16284
cunnilingus,0,16244
tea,0,16216
hip_focus,0,16215
mystia_lorelei,4,16215
split,0,16192
foursome,0,16163
electric_guitar,0,16163
print_thighhighs,0,16162
gold_bikini,0,16156
fate/zero,3,16148
pearl_necklace,0,16148
side-by-side,0,16136
detached_wings,0,16135
badge,0,16124
koakuma,4,16111
alphes_(style),0,16105
bathroom,0,16092
frieren,4,16090
nazrin,4,16082
gigantic_breasts,0,16081
strap,0,16078
tiger_tail,0,16063
floating_clothes,0,16059
red_sweater,0,16055
mika_(blue_archive),4,16046
narrow_waist,0,16023
holding_paper,0,15997
presenting_own_armpit,0,15979
tsukihime,3,15973
christmas_tree,0,15960
ibuki_suika,4,15960
tassel_earrings,0,15951
brick_wall,0,15949
very_long_braid,0,15946
spiked_bracelet,0,15946
female_ejaculation,0,15936
popped_collar,0,15935
platform_sandals,0,15926
pants_pull,0,15922
covering_crotch,0,15920
fur-trimmed_dress,0,15915
yellow_gloves,0,15906
bear_ears,0,15903
brown_vest,0,15885
clothes_grab,0,15881
shirakami_fubuki,4,15874
black_bag,0,15868
pencil,0,15848
fur-trimmed_capelet,0,15805
pink_cardigan,0,15793
humanization,0,15784
flat_cap,0,15783
mecha_musume,0,15782
hibiscus,0,15778
persona_4,3,15767
zzz,0,15767
baby_animal,0,15745
cloud_strife,4,15732
cube_hair_ornament,0,15731
parasol,0,15710
inaba_tewi,4,15708
heart_cutout,0,15705
extra_arms,0,15700
animal_ear_headphones,0,15699
mushroom,0,15695
casual_one-piece_swimsuit,0,15671
showgirl_skirt,0,15635
burger,0,15617
topknot,0,15611
explosion,0,15595
heads_together,0,15581
inkling_player_character,4,15563
kicking,0,15559
mountainous_horizon,0,15553
persona_3,3,15549
television,0,15543
hooded_coat,0,15513
mermaid,0,15499
glowing_eye,0,15498
seductive_smile,0,15488
shackles,0,15471
holding_card,0,15468
handheld_game_console,0,15460
kirby_(series),3,15451
earclip,0,15438
falling,0,15419
braided_hair_rings,0,15417
multicolored_gloves,0,15416
water_bottle,0,15409
purple_necktie,0,15395
body_writing,0,15377
necktie_between_breasts,0,15370
alien_stage,3,15369
black_streaks,0,15364
usami_renko,4,15364
asymmetrical_clothes,0,15362
ripples,0,15330
anchor,0,15328
cookie,0,15319
shingeki_no_kyojin,3,15313
multicolored_dress,0,15308
raglan_sleeves,0,15303
vehicle_focus,0,15300
tacet_mark_(wuthering_waves),0,15286
sliding_doors,0,15281
content_rating,0,15273
gold_earrings,0,15272
police_uniform,0,15259
erection_under_clothes,0,15250
print_dress,0,15232
black_fur,0,15231
median_furrow,0,15216
red_bodysuit,0,15205
yellow_nails,0,15196
hoshimachi_suisei,4,15174
fake_screenshot,0,15171
leg_tattoo,0,15144
jumpsuit,0,15138
holding_camera,0,15130
raccoon_tail,0,15114
hammer,0,15108
scene_reference,0,15095
bath,0,15092
whiskers,0,15092
code_geass,3,15082
summer,0,15078
babydoll,0,15078
black_mask,0,15069
stirrup_legwear,0,15062
hoshino_(blue_archive),4,15047
dappled_sunlight,0,15046
sleeveless_jacket,0,15038
green_kimono,0,15036
camouflage,0,15022
torn_pants,0,15021
wing_hair_ornament,0,15020
orange_skirt,0,15013
maribel_hearn,4,14991
crop_top_overhang,0,14975
lace-trimmed_panties,0,14968
earphones,0,14963
horse,0,14944
wanderer_(genshin_impact),4,14937
peeing,0,14930
heart_in_eye,0,14928
knees,0,14919
lion_ears,0,14916
ruins,0,14908
garrison_cap,0,14900
cherry,0,14894
old_man,0,14890
polka_dot_bow,0,14866
pigeon-toed,0,14865
o-ring_top,0,14863
open_vest,0,14860
white_robe,0,14850
infection_monitor_(arknights),0,14846
leaning_to_the_side,0,14843
traditional_bowtie,0,14821
open_collar,0,14819
tentacle_sex,0,14809
bang_dream!_girls_band_party!,3,14803
official_style,0,14794
holding_pen,0,14788
lanyard,0,14763
black_sandals,0,14761
cutoffs,0,14757
yellow_sweater,0,14745
female_orgasm,0,14726
nier:automata,3,14724
arms_under_breasts,0,14718
cow_print_bikini,0,14711
orange_flower,0,14710
green_gloves,0,14695
braided_base,0,14691
danganronpa:_trigger_happy_havoc,3,14690
rio_(blue_archive),4,14685
number_tattoo,0,14673
dirty,0,14671
cow_girl,0,14659
mini_top_hat,0,14657
mind_control,0,14647
halter_dress,0,14633
2others,0,14632
hijiri_byakuren,4,14631
no_shirt,0,14615
lucky_star,3,14612
red_theme,0,14608
insect_wings,0,14603
fat_man,0,14597
black_flower,0,14595
mouth_drool,0,14561
short_necktie,0,14533
out-of-frame_censoring,0,14531
black_skin,0,14528
hu_tao_(genshin_impact),4,14520
dc_comics,3,14520
magatama,0,14513
arm_cannon,0,14508
asymmetrical_docking,0,14505
tiger_print,0,14486
dungeon_meshi,3,14473
trainer_(umamusume),4,14471
same-sex_bathing,0,14470
grey_halo,0,14468
double_penetration,0,14465
zouri,0,14459
medium_dress,0,14454
planet,0,14451
white_neckerchief,0,14449
syringe,0,14426
:|,0,14418
shy,0,14409
neptune_(series),3,14389
track_suit,0,14364
transparent,0,14352
grey_pantyhose,0,14351
crescent_hat_ornament,0,14348
faceless_female,0,14347
photo_background,0,14344
argyle_clothes,0,14320
blue_socks,0,14314
hakama_short_skirt,0,14311
ouro_kronii,4,14305
idolmaster_million_live!_theater_days,3,14293
pantyhose_pull,0,14280
implied_sex,0,14278
lamppost,0,14269
naval_uniform,0,14261
chest_sarashi,0,14239
speed_lines,0,14239
plaid_bow,0,14232
maple_leaf,0,14218
reference_inset,0,14213
asymmetrical_wings,0,14207
eyes_out_of_frame,0,14199
doll_joints,0,14197
yawning,0,14197
oversized_object,0,14196
extra_eyes,0,14192
copyright_logo,0,14192
power_lines,0,14175
turtleneck_shirt,0,14168
blue_bodysuit,0,14158
bare_tree,0,14133
bandaid_on_nose,0,14131
no_eyes,0,14121
solid_oval_eyes,0,14109
mahou_shoujo_no_majo_saiban,3,14098
chest_hair,0,14094
cake_slice,0,14092
cross_earrings,0,14080
white_necktie,0,14076
voice_actor_connection,0,14070
tail_wagging,0,14066
rectangular_halo,0,14046
houjuu_nue,4,14044
pee,0,14041
kongou_(kancolle),4,14039
frilled_thighhighs,0,14028
mismatched_gloves,0,14010
single_hair_intake,0,14006
multiple_expressions,0,14002
saibou_shinkyoku,3,14001
frilled_collar,0,13996
holding_lollipop,0,13991
hatching_(texture),0,13990
scissors,0,13975
higurashi_no_naku_koro_ni,3,13975
holding_ball,0,13972
huge_weapon,0,13955
tailcoat,0,13951
mobile_suit,0,13949
hands_on_own_cheeks,0,13942
plugsuit_(evangelion),0,13932
millennium_science_school_logo,0,13907
black_cloak,0,13905
mismatched_pupils,0,13905
checkered_floor,0,13904
baseball_bat,0,13903
agnes_tachyon_(umamusume),4,13893
go-toubun_no_hanayome,3,13875
muneate,0,13858
megurine_luka,4,13857
bamboo,0,13856
pokemon_legends:_z-a,3,13852
furina_(genshin_impact),4,13848
blue_butterfly,0,13841
aether_(genshin_impact),4,13836
symmetrical_docking,0,13823
mecha_focus,0,13821
tokyo_afterschool_summoners,3,13820
yellow_fur,0,13803
zoophilia,0,13798
nanami_chiaki,4,13790
arm_guards,0,13767
tomboy,0,13762
star_hat_ornament,0,13758
pregnant,0,13754
greaves,0,13749
rainbow,0,13746
tail_bow,0,13742
jeanne_d'arc_alter_(fate),4,13730
vertical-striped_shirt,0,13728
chalkboard,0,13726
mitakihara_school_uniform,0,13717
pink_skin,0,13706
pink_choker,0,13706
dragon_ball_z,3,13702
robot_joints,0,13700
vspo!,3,13695
two-tone_fur,0,13682
resident_evil,3,13681
orange_jacket,0,13678
flat_color,0,13677
checkered_background,0,13674
scar_on_arm,0,13666
torso_grab,0,13663
purple_theme,0,13663
dog_boy,0,13661
grey_vest,0,13637
star_in_eye,0,13633
shorts_under_skirt,0,13604
striped_pantyhose,0,13585
ranma_1/2,3,13582
big_hair,0,13572
submachine_gun,0,13557
heart_brooch,0,13552
inazuma_(kancolle),4,13550
saucer,0,13549
recording,0,13545
single_wing,0,13543
floral_print_kimono,0,13542
floating_earrings,0,13532
grey_coat,0,13530
pink_boots,0,13529
;o,0,13525
foreskin,0,13507
tate_eboshi,0,13489
inkling_girl,4,13481
see-through_cleavage,0,13476
coffee,0,13470
trait_connection,0,13468
pink_streaks,0,13467
multicolored_nails,0,13444
flower_field,0,13441
third_eye,0,13425
bridge,0,13411
bound_legs,0,13411
kita_high_school_uniform,0,13408
brown_bag,0,13402
standing_split,0,13398
small_sweatdrop,0,13398
name_connection,0,13391
floating_object,0,13376
shiny_pokemon,0,13373
bra_strap,0,13371
monster_boy,0,13366
single_sock,0,13346
purple_shoes,0,13339
smoking_pipe,0,13327
unconventional_maid,0,13314
sheep_horns,0,13313
ball_gag,0,13312
cowboy_hat,0,13310
elden_ring,3,13276
sunbeam,0,13273
elysia_(honkai_impact),4,13268
tasuki,0,13268
yagokoro_eirin,4,13267
monocle,0,13267
hand_on_another's_cheek,0,13230
nahida_(genshin_impact),4,13229
sleepy,0,13223
darkstalkers,3,13215
tape,0,13214
ensemble_stars!,3,13209
linea_alba,0,13205
alien,0,13203
one-piece_tan,0,13199
naked_apron,0,13187
watermelon,0,13183
bruise,0,13183
yasaka_kanako,4,13170
mizuhashi_parsee,4,13170
akemi_homura_(magical_girl),4,13165
evening,0,13163
skeleton,0,13151
greyscale_with_colored_background,0,13137
unworn_panties,0,13124
sheet_grab,0,13123
spoken_musical_note,0,13117
assault_lily,3,13115
heart_pasties,0,13112
streaming_tears,0,13098
peach,0,13094
cho_kaguya-hime!,3,13081
gradient_eyes,0,13080
holding_unworn_hat,0,13077
magia_record:_mahou_shoujo_madoka_magica_gaiden,3,13075
red_sleeves,0,13073
splashing,0,13068
manhattan_cafe_(umamusume),4,13065
stelle_(honkai:_star_rail),4,13065
male_swimwear,0,13052
1990s_(style),0,13051
magic_circle,0,13037
fur-trimmed_headwear,0,13033
pokemon_black_2_and_white_2,3,13028
ear_ribbon,0,13023
leaf_on_head,0,13007
akagi_(kancolle),4,12997
sidelighting,0,12994
multiple_moles,0,12988
pink_pupils,0,12987
very_sweaty,0,12967
beard_stubble,0,12967
blinking,0,12954
idol_clothes,0,12954
bathtub,0,12949
cyborg,0,12940
fire_emblem_engage,3,12932
kisaki_(blue_archive),4,12931
covered_collarbone,0,12929
purple_halo,0,12927
clipboard,0,12927
stardust_crusaders,3,12924
footwear_bow,0,12923
blue_fire,0,12919
fubuki_(kancolle),4,12913
shouting,0,12903
long_sideburns,0,12901
tying_hair,0,12896
bra_lift,0,12884
doctor_(arknights),4,12865
single_leg_pantyhose,0,12860
material_growth,0,12857
girls_band_cry,3,12841
traditional_halo,0,12841
deformed,0,12835
eiyuu_densetsu,3,12832
bestiality,0,12829
prosthesis,0,12811
kamen_rider,3,12806
shelf,0,12799
dripping,0,12771
rwby,3,12761
hand_on_own_stomach,0,12759
arm_belt,0,12744
nightgown,0,12743
whistle,0,12741
arm_ribbon,0,12738
aerial_fireworks,0,12735
flag_print,0,12727
grey_hoodie,0,12708
long_eyelashes,0,12701
abigail_williams_(fate),4,12698
motorcycle,0,12689
sweater_dress,0,12689
heart_print,0,12687
black_corset,0,12677
bandaged_hand,0,12669
yellow_hat,0,12653
sticker,0,12650
the_pose,0,12633
pillar,0,12625
trigger_discipline,0,12620
artist_self-insert,0,12605
sandwiched,0,12600
print_gloves,0,12591
feet_up,0,12584
ninomae_ina'nis,4,12583
falling_leaves,0,12561
pink_necktie,0,12559
mori_calliope,4,12554
dragon_wings,0,12552
soaking_feet,0,12551
black_ascot,0,12550
neck_tattoo,0,12539
egg,0,12529
breast_rest,0,12524
book_stack,0,12513
poolside,0,12510
genderswap_(ftm),0,12507
weapon_over_shoulder,0,12503
between_fingers,0,12498
scar_on_chest,0,12496
plaid_shirt,0,12489
partially_unzipped,0,12487
striped_socks,0,12472
swivel_chair,0,12470
internal_cumshot,0,12430
yae_miko,4,12430
feeding,0,12429
tile_wall,0,12429
fringe_trim,0,12426
skull_hair_ornament,0,12422
multiple_wings,0,12413
military_jacket,0,12410
single_off_shoulder,0,12401
alternate_hair_length_(shorter),0,12398
monster_hunter_(series),3,12392
obijime,0,12378
scroll,0,12365
yin_yang,0,12362
crack,0,12356
glaring,0,12355
torogao,0,12354
brown_bow,0,12352
blazblue,3,12338
purple_lips,0,12337
blood_from_mouth,0,12335
fur-trimmed_boots,0,12323
2b_(nier:automata),4,12320
mole_on_neck,0,12316
merry_christmas,0,12304
tiger_girl,0,12302
flower-shaped_pupils,0,12297
medium_skirt,0,12288
grabbing_another's_hair,0,12278
demon_boy,0,12275
fundoshi,0,12271
rice,0,12258
cum_string,0,12253
purple_pantyhose,0,12243
black_robe,0,12242
orange_dress,0,12242
red_armband,0,12239
rebuild_of_evangelion,3,12237
utility_pole,0,12237
adjusting_headwear,0,12225
umineko_no_naku_koro_ni,3,12220
shoulder_pads,0,12219
blood_splatter,0,12206
asymmetrical_sleeves,0,12203
race_queen,0,12197
kagiyama_hina,4,12193
husband_and_wife,0,12183
dougi,0,12182
planted,0,12179
reverse_cowgirl_position,0,12178
nikki_(series),3,12175
remote_control_vibrator,0,12170
kote,0,12168
solid_circle_eyes,0,12167
tassel_hair_ornament,0,12164
yuudachi_(kancolle),4,12156
ice_cream_cone,0,12156
cookie_(touhou),3,12149
beer,0,12142
sniper_rifle,0,12130
mahou_shoujo_lyrical_nanoha,3,12122
alternate_universe,0,12118
fate/kaleid_liner_prisma_illya,3,12111
fox_shadow_puppet,0,12108
pokemon_x_and_y,3,12106
american_flag,0,12105
mahou_shoujo_lyrical_nanoha_strikers,3,12096
green_gem,0,12089
multi-strapped_bikini_bottom,0,12085
jester_cap,0,12074
white_vest,0,12073
inazuma_eleven_(series),3,12070
wine,0,12063
convenient_hair,0,12059
cooking,0,12056
hand_on_another's_chin,0,12047
giantess,0,12044
arthropod_girl,0,12044
white_bloomers,0,12027
toki_(blue_archive),4,12020
elbow_rest,0,12009
amiya_(arknights),4,12005
beach_umbrella,0,12002
tenryuu_(kancolle),4,11997
cat_ear_headphones,0,11996
button_gap,0,11988
two-tone_gloves,0,11986
long_coat,0,11976
cardboard_box,0,11965
defeat,0,11960
forehead_protector,0,11959
red_wings,0,11948
center-flap_bangs,0,11946
holding_shield,0,11937
suitcase,0,11930
usada_pekora,4,11905
multiple_belts,0,11887
rimless_eyewear,0,11884
nervous_smile,0,11876
object_on_head,0,11875
baggy_pants,0,11873
teamwork_(sexual),0,11868
draph,0,11863
waist_cape,0,11855
looking_at_penis,0,11853
pom_pom_hair_ornament,0,11849
dog_tags,0,11828
shushing,0,11822
aiguillette,0,11821
pink_neckerchief,0,11821
wolf_boy,0,11815
0_0,0,11809
lily_(flower),0,11809
uterus,0,11806
lap_pillow,0,11804
gundam_suisei_no_majo,3,11799
broom_riding,0,11792
orb,0,11787
bobby_socks,0,11785
print_panties,0,11782
chain_necklace,0,11781
holding_broom,0,11776
projectile_cum,0,11768
bikini_bottom_only,0,11745
flower_knot,0,11742
maebari,0,11737
aerith_gainsborough,4,11729
slice_of_life,0,11726
vertical-striped_thighhighs,0,11712
bandaid_on_knee,0,11709
red_belt,0,11705
bra_visible_through_clothes,0,11702
senki_zesshou_symphogear,3,11692
arms_around_neck,0,11681
vase,0,11681
single_ear_cover,0,11669
super_smash_bros.,3,11668
grey_shoes,0,11664
high_heel_sandals,0,11663
gap_(touhou),0,11662
open_hands,0,11661
aris_(blue_archive),4,11658
raised_eyebrow,0,11653
taking_picture,0,11649
hair_pulled_back,0,11644
nekomata_okayu,4,11643
blue_capelet,0,11633
futon,0,11626
waist_bow,0,11625
paper_lantern,0,11623
netorare,0,11609
holding_bowl,0,11604
frilled_bra,0,11591
shigure_kai_ni_(kancolle),4,11585
bride,0,11582
punching,0,11561
laptop,0,11555
clothed_male_nude_female,0,11537
miqo'te,0,11533
red_headband,0,11530
street,0,11519
animal_on_shoulder,0,11509
jaggy_lines,0,11504
skyscraper,0,11500
head_on_pillow,0,11499
frilled_hat,0,11490
producer_(idolmaster),4,11484
studs,0,11484
shiroko_(blue_archive),4,11464
xd,0,11462
plaid_vest,0,11462
green_panties,0,11459
hair_over_breasts,0,11446
father_and_daughter,0,11443
ikazuchi_(kancolle),4,11434
holding_removed_eyewear,0,11424
wardrobe_malfunction,0,11423
toyosatomimi_no_miko,4,11423
diagonal-striped_necktie,0,11417
footjob,0,11416
d:,0,11404
holding_box,0,11398
cow_tail,0,11396
cushion,0,11389
thigh_belt,0,11387
skinny,0,11385
knight,0,11382
kogal,0,11375
nero_claudius_(fate),4,11369
kayoko_(blue_archive),4,11364
yor_briar,4,11360
train_interior,0,11354
single_pauldron,0,11347
fox,0,11343
hololive_indonesia,3,11337
striped_jacket,0,11335
print_skirt,0,11334
beamed_eighth_notes,0,11333
pillow_hug,0,11325
chain-link_fence,0,11325
oripathy_lesion_(arknights),0,11321
skirt_pull,0,11309
deltarune,3,11302
black_armor,0,11299
midair,0,11288
spoken_blush,0,11286
bow-shaped_hair,0,11284
daiyousei,4,11281
single_mechanical_arm,0,11275
rozen_maiden,3,11262
green_theme,0,11249
holding_own_skirt,0,11242
mari_(blue_archive),4,11239
backboob,0,11236
multi-tied_hair,0,11220
kariginu,0,11216
school_chair,0,11214
contrast_collar,0,11210
multicolored_bodysuit,0,11208
togawa_sakiko,4,11198
purple_hairband,0,11197
green_sweater,0,11192
barbell_piercing,0,11179
manjuu_(azur_lane),4,11170
red_bra,0,11130
squatting_cowgirl_position,0,11130
heart-shaped_eyewear,0,11124
half-closed_eye,0,11114
parted_hair,0,11111
unworn_jacket,0,11108
playing_games,0,11081
illyasviel_von_einzbern,4,11066
reclining,0,11064
multicolored_bikini,0,11062
gold_necklace,0,11062
kazusa_(blue_archive),4,11061
suzumiya_haruhi,4,11057
frilled_panties,0,11054
bandaid_on_cheek,0,11046
full_armor,0,11042
cardcaptor_sakura,3,11039
meat,0,11037
coffee_mug,0,11035
tengen_toppa_gurren_lagann,3,11024
multiple_horns,0,10999
onii-chan_wa_oshimai!,3,10996
o-ring_choker,0,10994
cane,0,10976
large_bow,0,10975
the_legend_of_zelda:_breath_of_the_wild,3,10972
steepled_fingers,0,10972
iron_cross,0,10971
single_elbow_glove,0,10967
barcode,0,10961
vertical-striped_dress,0,10953
explosive,0,10940
exhibitionism,0,10927
makima_(chainsaw_man),4,10926
boy_on_top,0,10925
blue_belt,0,10914
striped_skirt,0,10913
noodles,0,10912
gold_bracelet,0,10910
cum_on_ass,0,10909
radio_antenna,0,10905
sakazuki,0,10905
brown_tail,0,10905
leaning_on_person,0,10893
nami_(one_piece),4,10891
sakuragaoka_high_school_uniform,0,10890
heart-shaped_food,0,10880
low-braided_long_hair,0,10878
hamakaze_(kancolle),4,10874
kirby,4,10871
tohsaka_rin,4,10868
food_print,0,10865
blood_on_weapon,0,10859
atelier_(series),3,10853
single_shoe,0,10843
leather_jacket,0,10832
yellow_cardigan,0,10831
grey_sailor_collar,0,10815
river,0,10805
misaka_mikoto,4,10802
rectangular_eyewear,0,10802
holding_axe,0,10797
arm_garter,0,10786
star_symbol_background,0,10783
blue_overalls,0,10781
purple_leotard,0,10778
megumin,4,10775
grey_cardigan,0,10765
guilty_gear_strive,3,10761
pink_shorts,0,10754
zuikaku_(kancolle),4,10752
amputee,0,10739
macross,3,10726
blue_ascot,0,10725
notebook,0,10716
raccoon_girl,0,10716
dot_mouth,0,10710
drink_carton,0,10699
wolf,0,10697
kissing_cheek,0,10685
flower_wreath,0,10684
lightning_bolt_symbol,0,10683
unworn_skirt,0,10683
akatsuki_(kancolle),4,10680
bokeh,0,10677
company_connection,0,10672
on_desk,0,10671
nekomata,0,10669
pretty_series,3,10663
sweater_lift,0,10659
purple_sleeves,0,10658
sideways_mouth,0,10657
snout,0,10654
nishizumi_miho,4,10654
updo,0,10652
sleeveless_kimono,0,10651
vento_aureo,3,10649
grey_socks,0,10647
thigh_holster,0,10638
ankle_socks,0,10636
cowlick,0,10626
multicolored_wings,0,10623
thank_you,0,10621
panty_peek,0,10608
manly,0,10608
leopard_print,0,10608
shopping_bag,0,10602
hand_on_another's_back,0,10596
viewfinder,0,10596
turn_pale,0,10590
hoshiguma_yuugi,4,10587
tank,0,10573
jiangshi,0,10571
holding_controller,0,10568
heart-shaped_box,0,10562
akiyama_mio,4,10559
hot,0,10558
gradient_clothes,0,10555
firing,0,10552
octoling,0,10539
holding_popsicle,0,10538
hand_on_own_ass,0,10532
narrowed_eyes,0,10532
kaname_madoka_(magical_girl),4,10531
mononobe_no_futo,4,10529
perineum,0,10527
gold_ship_(umamusume),4,10524
mixed-language_text,0,10516
waves,0,10507
fucked_silly,0,10505
corruption,0,10501
two-sided_cape,0,10484
shiki_eiki,4,10481
dragon_boy,0,10479
loose_hair_strand,0,10474
dango,0,10466
heart_necklace,0,10466
bird_ears,0,10465
chihaya_anon,4,10458
takanashi_kiara,4,10457
mouse_(animal),0,10449
fashion,0,10446
naruto_shippuuden,3,10446
sepia,0,10443
open_hoodie,0,10443
;p,0,10443
teardrop,0,10439
leotard_under_clothes,0,10437
costume_switch,0,10421
holding_scythe,0,10416
castle,0,10411
ayanami_rei,4,10409
haruna_(kancolle),4,10408
waistcoat,0,10407
ranguage,0,10405
white_horns,0,10403
heaven_burns_red,3,10394
red_buruma,0,10390
axis_powers_hetalia,3,10385
white_headband,0,10372
ooarai_school_uniform,0,10367
torn_dress,0,10361
wriggle_nightbug,4,10339
lycoris_recoil,3,10338
covering_face,0,10338
broken,0,10330
black_veil,0,10329
colored_inner_animal_ears,0,10326
pointing_at_self,0,10319
arm_around_shoulder,0,10316
unworn_clothes,0,10316
cow_print_thighhighs,0,10312
shanghai_doll,4,10306
uwabaki,0,10305
green_sailor_collar,0,10303
pawpads,0,10296
blue_wings,0,10295
purple_bra,0,10294
onozuka_komachi,4,10293
four-finger_heart_hands,0,10287
bun_with_braided_base,0,10287
painterly,0,10282
faulds,0,10279
twitching,0,10264
holding_pom_poms,0,10261
plaid_scarf,0,10256
girls'_frontline_2:_exilium,3,10255
competition_school_swimsuit,0,10251
armpit_hair,0,10244
phainon_(honkai:_star_rail),4,10244
holding_drink,0,10241
lifting_person,0,10235
green_cape,0,10234
loose_necktie,0,10231
poster_(object),0,10230
slime_(substance),0,10222
pokemon_masters_ex,3,10214
sakura_miko,4,10213
beer_mug,0,10208
blue_buruma,0,10207
koharu_(blue_archive),4,10205
humanoid_robot,0,10192
gradient_sky,0,10183
hololive_dev_is,3,10178
green_shoes,0,10174
metal_collar,0,10171
cum_on_tongue,0,10171
rem_(re:zero),4,10169
black_camisole,0,10167
zhongli_(genshin_impact),4,10154
landscape,0,10135
policewoman,0,10127
navel_hair,0,10123
v_over_eye,0,10120
black_sash,0,10116
erune,0,10113
fedora,0,10110
red_sclera,0,10103
yellow_shorts,0,10091
sailor_senshi_uniform,0,10087
water_gun,0,10086
choppy_bangs,0,10082
shorts_pull,0,10075
diagonal-striped_bow,0,10072
holding_mask,0,10072
imaizumi_kagerou,4,10064
yellow_shoes,0,10057
wing_ornament,0,10056
high-waist_shorts,0,10052
hachimaki,0,10052
twisted_torso,0,10051
single_detached_sleeve,0,10050
pumps,0,10045
aegyo_sal,0,10045
morichika_rinnosuke,4,10041
reze_(chainsaw_man),4,10031
holding_towel,0,10028
last_origin,3,10027
fox_boy,0,10026
white_headdress,0,10023
white_feathers,0,10021
fate_testarossa,4,10006
hands_on_own_knees,0,10006
cat_hair_ornament,0,10005
downblouse,0,10002
orange_(fruit),0,10002
kashima_(kancolle),4,9999
black_lips,0,9993
abstract_background,0,9989
sagging_breasts,0,9982
furry_with_non-furry,0,9979
hypnosis,0,9971
against_glass,0,9969
album_cover,0,9963
hand_on_another's_arm,0,9952
naruto_(classic),3,9952
musical_note_hair_ornament,0,9934
battle_tendency,3,9933
yuudachi_kai_ni_(kancolle),4,9930
frilled_gloves,0,9928
collared_coat,0,9920
oppai_loli,0,9918
sakayori_iroha,4,9905
heart_choker,0,9904
plaid_dress,0,9899
demon,0,9892
tokoyami_towa,4,9889
purple_vest,0,9888
improvised_gag,0,9881
girl_sandwich,0,9881
bite_mark,0,9878
pokemon_heartgold_and_soulsilver,3,9873
whip,0,9871
track_pants,0,9867
deep_penetration,0,9864
plunging_neckline,0,9858
yellow_pupils,0,9858
blue_fur,0,9855
crotchless,0,9853
over-kneehighs,0,9852
tight_pants,0,9849
pink_scarf,0,9848
orange_bikini,0,9843
diamond_button,0,9841
mona_(genshin_impact),4,9830
furisode,0,9826
rice_shower_(umamusume),4,9825
trading_card,0,9823
nagato_(kancolle),4,9819
high-waist_pants,0,9815
aqua_shirt,0,9815
tie_clip,0,9812
still_life,0,9805
microphone_stand,0,9801
reverse_outfit,0,9801
bone,0,9800
\m/,0,9785
flip_phone,0,9783
dark_nipples,0,9782
bikini_bottom_aside,0,9779
crystal_wings,0,9769
purple_coat,0,9765
yuzuki_yukari,4,9758
loincloth,0,9744
artistic_error,0,9737
old_school_swimsuit,0,9737
white_cat,0,9737
fate/extra_ccc,3,9736
v-fin,0,9732
uneven_eyes,0,9731
wispy_bangs,0,9726
purple_pants,0,9720
ambiguous_gender,0,9715
onigiri,0,9704
oma_kokichi,4,9699
thong_bikini,0,9693
grey_boots,0,9688
penguin,0,9685
kitchen,0,9684
back_cutout,0,9671
red_sailor_collar,0,9668
perspective,0,9664
purple_rose,0,9664
ears_down,0,9657
fern_(sousou_no_frieren),4,9655
nanashi_mumei,4,9636
anal_beads,0,9632
splatoon_3,3,9625
drill_sidelocks,0,9625
yellow_scarf,0,9618
hand_in_another's_hair,0,9607
dark_elf,0,9602
march_7th_(honkai:_star_rail),4,9597
triangle,0,9593
minato_aqua,4,9592
convenient_leg,0,9590
robot_ears,0,9589
torpedo,0,9587
energy,0,9580
family,0,9579
pinky_out,0,9578
pokemon_legends:_arceus,3,9575
looking_at_animal,0,9568
3:,0,9566
long_tongue,0,9563
single_sleeve,0,9552
stomach_tattoo,0,9550
evil_grin,0,9545
multiple_earrings,0,9533
diagonal_bangs,0,9532
partially_undressed,0,9532
crow,0,9522
pyra_(xenoblade),4,9519
belle_(zenless_zone_zero),4,9508
single_hair_streak,0,9503
earpiece,0,9487
scathach_(fate),4,9484
chess_piece,0,9484
yandere,0,9482
painting_(object),0,9481
holding_strap,0,9474
pink_petals,0,9464
zombie,0,9463
o-ring_thigh_strap,0,9461
pervert,0,9455
smile_precure!,3,9454
laurel_crown,0,9448
computer_keyboard,0,9443
holding_leash,0,9441
mega_pokemon,0,9440
thighhighs_under_boots,0,9440
orange_sky,0,9433
revolver,0,9432
dawn_(pokemon),4,9429
autumn,0,9428
hand_on_another's_waist,0,9427
towel_around_neck,0,9419
red_socks,0,9411
pole,0,9408
time_paradox,0,9404
suzuya_(kancolle),4,9398
shirt_pull,0,9396
people,0,9394
oshi_no_ko,3,9393
e.g.o_(project_moon),0,9388
medical_eyepatch,0,9383
ellen_joe,4,9377
goth_fashion,0,9375
hair_beads,0,9375
??,0,9374
starfish,0,9369
bra_pull,0,9365
stage,0,9365
spotlight,0,9360
waking_up,0,9354
kyubey,4,9354
disembodied_penis,0,9350
interface_headset_(evangelion),0,9344
asymmetrical_horns,0,9337
reverse_bunnysuit,0,9336
two-sided_jacket,0,9331
layered_clothes,0,9328
clone,0,9328
money,0,9327
see-through_dress,0,9322
ear_tag,0,9319
kita_ikuyo,4,9311
rover_(wuthering_waves),4,9308
colored_tongue,0,9302
front_ponytail,0,9298
horror_(theme),0,9297
mini_wings,0,9291
horn_ribbon,0,9288
santa_dress,0,9286
bird_tail,0,9284
pillarboxed,0,9283
pubic_hair_peek,0,9282
rose_print,0,9277
heart-shaped_chocolate,0,9276
tablet_pc,0,9275
nakano_azusa,4,9274
blue_scrunchie,0,9273
\||/,0,9271
lillie_(pokemon),4,9268
lightning,0,9263
grabbing_own_ass,0,9262
nagato_yuki,4,9256
undertale,3,9245
seia_(blue_archive),4,9243
steins;gate,3,9239
mother_and_son,0,9236
sphere_earrings,0,9235
the_legend_of_zelda:_tears_of_the_kingdom,3,9234
nagasaki_soyo,4,9232
heart_background,0,9232
red_trim,0,9222
statue,0,9213
engrish_text,0,9212
print_pantyhose,0,9185
columbina_(genshin_impact),4,9180
a.i._voice,3,9158
tomoe_mami_(magical_girl),4,9156
open_door,0,9151
winter_coat,0,9141
mixed-sex_bathing,0,9138
throne,0,9135
nintendo_switch,0,9134
arm_rest,0,9132
wine_bottle,0,9132
tamamo_no_mae_(fate),4,9126
boat,0,9119
muted_colors,0,9119
suggestive_fluid,0,9117
road_sign,0,9111
scar_on_nose,0,9102
breast_curtains,0,9101
chun-li,4,9098
grapes,0,9092
aqua_bowtie,0,9089
helltaker,3,9086
blue_sash,0,9083
panty_&_stocking_with_garterbelt,3,9077
drawing_(object),0,9076
animal_feet,0,9064
fur_hat,0,9062
doorway,0,9062
breast_lift,0,9061
green_coat,0,9060
reverse_suspended_congress,0,9052
black_leggings,0,9052
energy_sword,0,9038
hinoshita_kaho,4,9032
machine_gun,0,9030
street_fighter_6,3,9026
jacket_around_waist,0,9020
wise_(zenless_zone_zero),4,9019
demon_slayer_uniform,0,9019
lion_girl,0,9019
aikatsu!_(series),3,9014
asymmetrical_footwear,0,9012
holding_another's_arm,0,8997
blue_pupils,0,8992
kinomoto_sakura,4,8988
leotard_aside,0,8987
anchor_hair_ornament,0,8974
kobayashi-san_chi_no_maidragon,3,8973
bicycle,0,8968
double_handjob,0,8957
spider-man_(series),3,8951
pointing_up,0,8949
take_your_pick,0,8948
ace_attorney,3,8948
ryuujou_(kancolle),4,8941
kaito_(vocaloid),4,8938
paper_fan,0,8938
bubble_skirt,0,8935
coattails,0,8933
pouring,0,8926
hirasawa_yui,4,8924
twilight,0,8917
mole_on_thigh,0,8916
toramaru_shou,4,8912
thorns,0,8910
looking_at_phone,0,8909
east-west_crossover,0,8907
goggles_on_headwear,0,8903
stick,0,8899
pun,0,8895
backwards_hat,0,8889
one-punch_man,3,8880
cyrene_(honkai:_star_rail),4,8875
hand_on_another's_chest,0,8874
kotatsu,0,8870
yuruyuri,3,8869
untied_bikini_top,0,8865
elbow_pads,0,8863
non-humanoid_robot,0,8861
holding_dagger,0,8854
playing_video_games,0,8852
animal_penis,0,8851
locker,0,8850
red_cloak,0,8849
male_masturbation,0,8849
tracen_training_uniform,0,8849
crab,0,8844
hand_on_another's_thigh,0,8841
himekaidou_hatate,4,8832
striped_scarf,0,8828
tomoe_(symbol),0,8823
school,0,8820
tail_ribbon,0,8816
female_pov,0,8813
male_maid,0,8811
bird_girl,0,8802
white_halo,0,8791
two-tone_skirt,0,8788
bandage_over_one_eye,0,8777
caelus_(honkai:_star_rail),4,8775
baby,0,8775
daiwa_scarlet_(umamusume),4,8774
hands_on_another's_shoulders,0,8772
beak,0,8769
matoi_ryuuko,4,8768
halftone_background,0,8764
rosa_(pokemon),4,8763
hands_on_another's_face,0,8760
pointy_hair,0,8758
pussy_peek,0,8756
shore,0,8756
tokiwadai_school_uniform,0,8756
rose_petals,0,8754
aqua_dress,0,8745
white_cloak,0,8745
jeanne_d'arc_(fate),4,8742
forked_eyebrows,0,8741
may_(pokemon),4,8740
spider_lily,0,8734
no_socks,0,8730
sake,0,8729
miki_sayaka_(magical_girl),4,8728
gridman_universe,3,8727
planted_sword,0,8723
brown_horns,0,8720
facing_to_the_side,0,8719
ringlets,0,8708
arm_hair,0,8707
cropped_shoulders,0,8703
prosthetic_arm,0,8696
hands_in_own_hair,0,8692
orgy,0,8689
dressing,0,8685
crazy_eyes,0,8681
crowd,0,8677
mask_pull,0,8676
chest_belt,0,8672
black_bridal_gauntlets,0,8662
unmoving_pattern,0,8656
grey_fur,0,8650
side_cutout,0,8644
pokemon_omega_ruby_and_alpha_sapphire,3,8643
bike_shorts_under_skirt,0,8639
holding_doll,0,8636
purple_gem,0,8636
armchair,0,8632
purple_wings,0,8626
mushoku_tensei,3,8623
punishing:_gray_raven,3,8621
murasa_minamitsu,4,8613
ladle,0,8611
u_u,0,8605
lipstick_mark,0,8604
full_cleavage,0,8604
letter,0,8602
cable_knit,0,8595
reverse_grip,0,8594
power_armor,0,8579
unsheathing,0,8578
striped_ribbon,0,8578
otonokizaka_school_uniform,0,8577
urethra,0,8573
soap_bubbles,0,8571
mechanical_wings,0,8563
spring_onion,0,8563
strap_pull,0,8561
princess_peach,4,8554
texas_(arknights),4,8551
black_headband,0,8549
snowman,0,8547
orange_nails,0,8547
pink_sleeves,0,8540
mejiro_mcqueen_(umamusume),4,8539
pink_leotard,0,8539
taut_shirt,0,8538
love_live!_superstar!!,3,8525
dimples_of_venus,0,8521
sunny_(omori),4,8520
wedgie,0,8514
test_tube,0,8514
penis_on_face,0,8513
unworn_mask,0,8507
art_program_in_frame,0,8496
red_scrunchie,0,8495
breast_tattoo,0,8493
purple_cape,0,8493
on_bench,0,8489
ceiling,0,8487
dress_flower,0,8484
x-shaped_pupils,0,8483
damaged,0,8482
senran_kagura_new_wave,3,8479
fighting,0,8476
gears,0,8474
yellow_rose,0,8468
shooting_star,0,8464
purple_choker,0,8463
romaji_text,0,8461
in-franchise_crossover,0,8461
karin_(blue_archive),4,8460
green_scarf,0,8459
bakemonogatari,3,8452
clover,0,8446
noa_(blue_archive),4,8431
peeking_out,0,8418
leaf_print,0,8418
cross_scar,0,8418
bursting_breasts,0,8418
nishikigi_chisato,4,8416
hunter_x_hunter,3,8411
keqing_(genshin_impact),4,8410
venti_(genshin_impact),4,8406
mythra_(xenoblade),4,8405
glitch,0,8403
flower_earrings,0,8403
transformation,0,8400
kaku_seiga,4,8394
jar,0,8392
blue_pantyhose,0,8387
yukkuri_shiteitte_ne,0,8385
frilled_socks,0,8384
nishikino_maki,4,8383
no_nipples,0,8381
spread_anus,0,8375
colored_pubic_hair,0,8374
chick,0,8371
office_chair,0,8369
orange_ribbon,0,8362
serval_(kemono_friends),4,8361
midoriya_izuku,4,8359
twisted_wonderland,3,8358
silk,0,8357
orange_necktie,0,8357
plana_(blue_archive),4,8354
underboob_cutout,0,8350
brown_scarf,0,8349
karakasa_obake,0,8349
pocket_watch,0,8348
gundam_gquuuuuux,3,8341
gilgamesh_(fate),4,8340
albino,0,8338
stellive,3,8333
x-men,3,8333
reverse_trap,0,8333
breast_suppress,0,8329
imminent_rape,0,8318
ship,0,8316
black_cardigan,0,8316
takamachi_nanoha,4,8311
houshou_(kancolle),4,8309
see-through_veil,0,8309
ookami_mio,4,8306
red_pantyhose,0,8306
the_hundred_line_-last_defense_academy-,3,8300
ribbed_shirt,0,8298
chewing_gum,0,8298
dragon_print,0,8298
orange_bowtie,0,8292
spoken_squiggle,0,8290
paimon_(genshin_impact),4,8290
shop,0,8287
after_fellatio,0,8285
polka_dot_panties,0,8284
brown_sweater_vest,0,8284
big_belly,0,8284
robot_girl,0,8284
female_pervert,0,8283
middle_finger,0,8282
metroid,3,8268
sanrio,3,8262
butterfly_wings,0,8261
basil_(omori),4,8252
orange-tinted_eyewear,0,8251
pirate_hat,0,8249
naked_ribbon,0,8242
joseph_joestar,4,8235
strapless_bikini,0,8229
flip-flops,0,8225
evolutionary_line,0,8225
thinking,0,8220
imminent_vaginal,0,8215
diamond_wa_kudakenai,3,8213
lake,0,8212
macaron,0,8202
yume_kawaii,0,8195
kafuu_chino,4,8193
green_sleeves,0,8193
crossed_ankles,0,8182
trench_coat,0,8181
american_flag_print,0,8179
locked_arms,0,8178
imagining,0,8174
penis_awe,0,8174
death,0,8167
tower,0,8167
stomach_cutout,0,8166
hydrangea,0,8157
pendant_choker,0,8153
huge_nipples,0,8146
closed_umbrella,0,8142
pink_bag,0,8136
marnie_(pokemon),4,8129
anal_tail,0,8125
green_hairband,0,8124
high_school_dxd,3,8120
monkey_d._luffy,4,8118
green_thighhighs,0,8117
torn_skirt,0,8116
large_tail,0,8112
synthesizer_v,3,8111
lower_body,0,8111
egg_vibrator,0,8109
anus_peek,0,8099
poking,0,8096
kyuubi,0,8094
bandaged_head,0,8091
frilled_one-piece_swimsuit,0,8090
taur,0,8088
yellow_theme,0,8074
spoken_anger_vein,0,8072
lion_tail,0,8072
gold_chain,0,8071
purple_boots,0,8070
shikishi,0,8068
opaque_glasses,0,8067
feather_hair,0,8061
wrist_ribbon,0,8059
hilda_(pokemon),4,8056
bleeding,0,8054
shotgun,0,8052
body_blush,0,8039
hata_no_kokoro,4,8039
tomato,0,8037
envelope,0,8033
orange_hat,0,8026
sono_bisque_doll_wa_koi_wo_suru,3,8026
suletta_mercury,4,8023
unworn_helmet,0,8022
jirai_kei,0,8020
breast_envy,0,8018
business_suit,0,8017
puddle,0,8014
red_rope,0,8013
kafka_(honkai:_star_rail),4,8010
armpit_peek,0,8010
purple_shorts,0,8001
greco-roman_clothes,0,8000
to_heart_(series),3,7997
denji_(chainsaw_man),4,7992
yellow_skin,0,7986
toilet,0,7986
sleeveless_sweater,0,7984
bear,0,7983
holding_paintbrush,0,7979
spoken_interrobang,0,7977
ring_piercing,0,7976
irrumatio,0,7976
saihara_shuichi,4,7972
pentagram,0,7968
lying_on_person,0,7961
rabbit_pose,0,7960
quiver,0,7958
fatal_fury,3,7957
assault_visor,0,7953
horseshoe_ornament,0,7950
glowstick,0,7948
okita_souji_(fate),4,7946
deepthroat,0,7939
wet_panties,0,7933
aqua_skirt,0,7920
multicolored_skirt,0,7914
lemon,0,7914
cow_print_gloves,0,7906
oozora_subaru,4,7903
red-tinted_eyewear,0,7900
inverted_bob,0,7891
gym_shorts,0,7889
reflective_liquid,0,7888
blue_cardigan,0,7887
okobo,0,7881
sparkle_(honkai:_star_rail),4,7877
garreg_mach_monastery_uniform,0,7876
oyama_mahiro,4,7865
samus_aran,4,7864
yellow_kimono,0,7863
blue_serafuku,0,7859
folded_fan,0,7857
suction_cups,0,7857
color_guide,0,7855
arona_(blue_archive),4,7845
blue_lips,0,7843
diffraction_spikes,0,7842
miniboy,0,7842
stand_(jojo),0,7834
ore_no_imouto_ga_konna_ni_kawaii_wake_ga_nai,3,7831
cat_paws,0,7830
orange_gloves,0,7822
flaccid,0,7817
hoshimi_miyabi,4,7816
arm_hug,0,7814
yazawa_nico,4,7813
colored_blood,0,7804
tojo_nozomi,4,7800
hairpods,0,7797
colorful,0,7795
quad_tails,0,7793
finger_gun,0,7785
emiya_shirou,4,7782
grey_panties,0,7781
upright_straddle,0,7780
iseri_nina,4,7773
holding_baseball_bat,0,7771
shuten_douji_(fate),4,7765
murakumo_(kancolle),4,7764
saki_(manga),3,7764
hooded_capelet,0,7763
large_hat,0,7760
adachi_rei,4,7756
bra_peek,0,7755
purple_sailor_collar,0,7750
sonoda_umi,4,7742
deer_ears,0,7741
momoi_(blue_archive),4,7741
cat_hood,0,7740
kiana_kaslana,4,7739
amane_kanata,4,7736
dancer,0,7735
spider_web,0,7733
mechanical_tail,0,7732
amatsukaze_(kancolle),4,7727
sleeve_bow,0,7723
debris,0,7715
lowleg_panties,0,7715
shiina_taki,4,7708
hairy,0,7708
ijichi_nijika,4,7705
fat_mons,0,7704
bangs_pinned_back,0,7700
lock,0,7692
frilled_kimono,0,7692
holding_basket,0,7687
triangle_hair_ornament,0,7685
bolt_action,0,7684
reindeer_antlers,0,7684
blue_tail,0,7680
waterfall,0,7678
low-tied_sidelocks,0,7676
argyle_background,0,7675
mitsudomoe_(shape),0,7672
after_anal,0,7668
flashing,0,7667
grey_sky,0,7667
dress_pull,0,7667
holding_flag,0,7663
shiori_novella,4,7658
brown_sandals,0,7657
kujo_jotaro,4,7654
arm_around_another's_waist,0,7651
fog,0,7649
ibaraki_kasen,4,7647
whistle_around_neck,0,7637
astolfo_(fate),4,7635
yukihana_lamy,4,7634
nagae_iku,4,7632
nico_robin,4,7624
kemono_friends_3,3,7622
tail_through_clothes,0,7621
cynthia_(pokemon),4,7621
winged_arms,0,7620
plaid_bowtie,0,7616
aru_(blue_archive),4,7611
gawr_gura_(1st_costume),4,7601
food_on_body,0,7600
carrot_hair_ornament,0,7599
hibike!_euphonium,3,7598
pizza,0,7592
see-through_silhouette,0,7591
subtitled,0,7589
nanashi_inc.,3,7579
cat_cutout,0,7576
fusion,0,7573
red_armor,0,7573
yamato_(kancolle),4,7568
tainaka_ritsu,4,7562
misumi_uika,4,7559
komaeda_nagito,4,7559
arm_around_neck,0,7557
w_arms,0,7544
tiger_&_bunny,3,7544
hose,0,7539
towel_on_head,0,7539
hanako_(blue_archive),4,7538
holding_hammer,0,7537
unbuttoned_shirt,0,7534
too_many,0,7533
nostrils,0,7529
red_bag,0,7529
miyako_yoshika,4,7523
fujishima_megumi,4,7522
white_sash,0,7522
white_trim,0,7518
black_shrug,0,7513
domino_mask,0,7512
grabbing_another's_penis,0,7505
yellow_panties,0,7501
hakos_baelz,4,7500
aroused,0,7497
paizuri_under_clothes,0,7493
nerissa_ravencroft,4,7493
earth_(planet),0,7493
clothed_pokemon,0,7490
marvel_rivals,3,7489
shibari_over_clothes,0,7489
chef_hat,0,7486
pixiv_fantasia,3,7486
novelty_censor,0,7484
tengu-geta,0,7483
frilled_wrist_cuffs,0,7483
circle,0,7478
saotome_ranma,4,7478
to_love-ru,3,7475
command_spell,0,7474
purple_sash,0,7473
kurokote,0,7472
mechanical_legs,0,7472
spacesuit,0,7459
bone_hair_ornament,0,7458
shibuya_rin,4,7457
panty_straps,0,7452
wizard_hat,0,7446
yukikaze_(kancolle),4,7445
cracked_skin,0,7444
striped_pants,0,7443
fruit_print,0,7442
gourd,0,7441
energy_gun,0,7438
white_tail,0,7436
christmas_ornaments,0,7435
ushio_(kancolle),4,7435
wakaba_mutsumi,4,7433
father_and_son,0,7429
bangboo_(zenless_zone_zero),0,7426
parfait,0,7425
spacecraft,0,7419
short_bangs,0,7415
rubber_duck,0,7412
clothed_animal,0,7411
frilled_capelet,0,7407
bakugou_katsuki,4,7406
hooded_cape,0,7405
white_eyelashes,0,7395
butt_plug,0,7390
baobhan_sith_(fate),4,7388
hair_flowing_over,0,7384
shouji,0,7383
tartaglia_(genshin_impact),4,7381
yellow_horns,0,7381
knees_to_chest,0,7377
mandarin_orange,0,7373
cheek-to-cheek,0,7364
star_halo,0,7360
apex_legends,3,7356
chaldea_master_uniform,0,7348
spread_ass,0,7344
two-tone_bow,0,7344
hair_horns,0,7340
leg_hair,0,7338
kamisato_ayaka,4,7337
bikini_top_lift,0,7337
elsword,3,7336
hagoromo,0,7333
clownpiece,4,7333
on_throne,0,7332
female_byleth_(fire_emblem),4,7329
sword_on_back,0,7329
trident,0,7325
purple_tail,0,7324
guro,0,7321
warship_girls_r,3,7319
holding_behind_back,0,7312
paint_splatter,0,7308
glowing_weapon,0,7306
holding_cat,0,7305
watson_amelia,4,7305
multicolored_horns,0,7305
white_scrunchie,0,7305
roots_(hair),0,7300
beer_can,0,7299
sheep_girl,0,7299
super_saiyan,0,7296
kawaragi_momoka,4,7293
purple_streaks,0,7292
inugami_korone,4,7292
soul_gem_(madoka_magica),0,7285
numbered,0,7285
violin,0,7282
bustier,0,7281
saber_alter,4,7273
two-footed_footjob,0,7272
shirogane_noel,4,7271
surgical_mask,0,7267
flexible,0,7265
biting_own_lip,0,7261
single_hair_ring,0,7260
sandwich,0,7259
miorine_rembran,4,7258
small_horns,0,7258
framed_breasts,0,7256
ayase_eli,4,7254
sua_(alien_stage),4,7253
kaguya_(cho_kaguya-hime!),4,7249
bodypaint,0,7248
animal_ear_headwear,0,7246
tokusatsu,0,7244
grabbing_another's_thighs,0,7236
white_mask,0,7236
thick_eyelashes,0,7227
gloom_(expression),0,7224
otomune_kozue,4,7221
sideless_outfit,0,7220
heart_o-ring,0,7220
>:(,0,7213
eevee,4,7202
wolf_cut,0,7200
gundam_seed,3,7199
sheep_ears,0,7194
klee_(genshin_impact),4,7194
flustered,0,7193
kasodani_kyouko,4,7193
spread_toes,0,7193
wa_maid,0,7190
fishing_rod,0,7190
tongue_piercing,0,7187
puckered_lips,0,7186
bandaids_on_nipples,0,7186
condom_in_mouth,0,7186
soga_no_tojiko,4,7185
:>=,0,7184
inazuma_eleven_go,3,7180
text_background,0,7178
song_name,0,7178
archer_(fate),4,7177
dead_or_alive,3,7175
morrigan_aensland,4,7169
atago_(kancolle),4,7166
horizontal_pupils,0,7166
one-piece_swimsuit_pull,0,7164
spade_(shape),0,7163
pokemon_firered_and_leafgreen,3,7156
milk,0,7154
momose_ginko,4,7154
holding_pokemon,0,7150
son_goku,4,7143
egasumi,0,7142
little_busters!,3,7137
pancake,0,7134
covered_face,0,7127
pince-nez,0,7123
seagull,0,7121
drum,0,7121
lappland_(arknights),4,7121
no_pussy,0,7119
plectrum,0,7118
two-tone_bikini,0,7116
holding_gohei,0,7115
junko_(touhou),4,7110
pussy_juice_trail,0,7110
pink_fur,0,7107
pink_hoodie,0,7104
single_fingerless_glove,0,7100
obiage,0,7100
swimsuit_aside,0,7098
kurodani_yamame,4,7095
black_apron,0,7091
holding_game_controller,0,7089
cupcake,0,7088
twitter_logo,0,7088
library,0,7086
birthday_cake,0,7086
goggles_around_neck,0,7084
shoulder_spikes,0,7079
tokai_teio_(umamusume),4,7074
yoga_pants,0,7070
white_suit,0,7070
cat_lingerie,0,7068
kumoi_ichirin,4,7068
finger_to_cheek,0,7067
sakura_kyoko_(magical_girl),4,7066
pink_apron,0,7059
skates,0,7059
pussy_juice_stain,0,7058
mizi_(alien_stage),4,7056
strapless_shirt,0,7055
bullet,0,7054
tissue_box,0,7052
2023,0,7050
hand_under_clothes,0,7050
letterman_jacket,0,7050
aqua_neckerchief,0,7049
library_of_ruina,3,7046
sakamata_chloe,4,7044
1980s_(style),0,7042
notched_ear,0,7042
yahata_umiri,4,7041
overskirt,0,7038
white_cardigan,0,7034
hair_tie_in_mouth,0,7032
murano_sayaka,4,7025
holding_clipboard,0,7024
kamitsubaki_studio,3,7023
watashi_ga_motenai_no_wa_dou_kangaetemo_omaera_ga_warui!,3,7023
kaguya-sama_wa_kokurasetai_~tensai-tachi_no_renai_zunousen~,3,7019
yellow_boots,0,7018
cu_chulainn_(fate),4,7015
maid_bikini,0,7014
octopus,0,7009
bag_charm,0,7006
ako_(blue_archive),4,7005
turtleneck_dress,0,7003
aiming_at_viewer,0,7001
fur-trimmed_hood,0,6999
duck,0,6997
spoken_character,0,6996
smelling,0,6996
paper_bag,0,6989
button_badge,0,6986
nishizumi_maho,4,6985
milestone_celebration,0,6981
orange_shorts,0,6976
piggyback,0,6974
akebono_(kancolle),4,6971
toe_scrunch,0,6971
talons,0,6970
white-framed_eyewear,0,6962
nontraditional_playboy_bunny,0,6962
feather_boa,0,6960
meiko_(vocaloid),4,6959
sheep,0,6957
vegetable,0,6951
pink_socks,0,6944
rapier,0,6942
burn_scar,0,6940
shoukaku_(kancolle),4,6939
kingdom_hearts,3,6936
yellow-framed_eyewear,0,6932
heart_balloon,0,6931
brand_name_imitation,0,6926
microdress,0,6922
green_boots,0,6921
after_kiss,0,6919
kei_(blue_archive),4,6917
asuna_(bunny)_(blue_archive),4,6916
joseph_joestar_(young),4,6916
latex_bodysuit,0,6915
au_ra,0,6912
hasumi_(blue_archive),4,6910
crescent_earrings,0,6910
impossible_shirt,0,6904
green_hoodie,0,6900
uneven_horns,0,6899
black_garter_straps,0,6897
2024,0,6888
eyepatch_bikini,0,6885
sparse_pubic_hair,0,6885
skadi_(arknights),4,6884
cage,0,6881
kunai,0,6880
borrowed_clothes,0,6879
blue_bag,0,6878
matou_sakura,4,6878
spitroast,0,6871
holding_smoking_pipe,0,6870
red_hoodie,0,6868
dungeon_ni_deai_wo_motomeru_no_wa_machigatteiru_darou_ka,3,6868
skin_fangs,0,6868
hand_on_own_leg,0,6860
pokephilia,0,6859
small_penis,0,6857
character_profile,0,6854
floor,0,6854
city_lights,0,6853
wiffle_gag,0,6853
cum_pool,0,6847
black_feathers,0,6838
tsukino_usagi,4,6838
puffy_detached_sleeves,0,6835
pink_pants,0,6834
cum_on_legs,0,6831
unaligned_breasts,0,6830
kisaragi_chihaya,4,6825
disgaea,3,6824
danmaku,0,6822
holostars,3,6810
megaphone,0,6804
holding_guitar,0,6801
flag_print_bikini,0,6800
romper,0,6795
hoshii_miki,4,6793
impossible_bodysuit,0,6793
hand_over_own_mouth,0,6791
stage_lights,0,6780
omniscient_reader's_viewpoint,3,6779
angel_beats!,3,6778
gloria_(pokemon),4,6777
latin_cross,0,6777
brown_ribbon,0,6773
flower_pot,0,6773
inoue_takina,4,6772
suzuran_(arknights),4,6772
swimming,0,6771
>_o,0,6769
sleepwear,0,6765
dragon_ball_super,3,6765
ancient_egyptian,0,6764
ssss.gridman,3,6764
northern_ocean_princess,4,6763
purple_serafuku,0,6761
acheron_(honkai:_star_rail),4,6759
sparkle_background,0,6759
tekken,3,6758
bar_(place),0,6757
two-tone_bodysuit,0,6752
black_sweater_vest,0,6751
fisheye,0,6750
watanabe_you,4,6749
cuts,0,6743
anya_(spy_x_family),4,6741
sekibanki,4,6738
head_back,0,6736
constellation,0,6733
ooyodo_(kancolle),4,6732
thigh_pouch,0,6730
black_scrunchie,0,6729
briefcase,0,6726
treble_clef,0,6726
aqua_(konosuba),4,6726
very_long_tail,0,6725
evening_gown,0,6717
spanked,0,6716
white_headscarf,0,6714
magazine_(weapon),0,6714
unworn_bra,0,6713
bandaged_neck,0,6712
bat_print,0,6712
pripara,3,6709
darjeeling_(girls_und_panzer),4,6706
throwing,0,6705
leaning,0,6704
eastern_dragon,0,6704
kieran_(pokemon),4,6703
white_leg_warmers,0,6703
heart_tattoo,0,6696
oshino_shinobu,4,6696
hinata_hajime,4,6694
wide_spread_legs,0,6694
orange_fur,0,6689
kijin_seija,4,6688
animal_crossing,3,6679
hand_on_another's_hip,0,6678
hk416_(girls'_frontline),4,6675
candy_apple,0,6674
gloved_handjob,0,6667
shinosawa_hiro,4,6666
holding_lantern,0,6664
cheese,0,6664
ancient_greek_clothes,0,6663
jingasa,0,6659
spider_web_print,0,6659
embers,0,6657
yellow_belt,0,6656
power_(chainsaw_man),4,6656
cosmetics,0,6655
horned_helmet,0,6655
mahou_shoujo_lyrical_nanoha_a's,3,6652
string_of_fate,0,6649
sailor,0,6648
platform_shoes,0,6644
harpy,0,6641
mordred_(fate),4,6641
black_rock_shooter,3,6640
white_sports_bra,0,6639
snake_tail,0,6635
bulletproof_vest,0,6629
oguri_cap_(umamusume),4,6626
tiger,0,6625
amagami,3,6624
ribbon-trimmed_thighhighs,0,6624
upturned_eyes,0,6617
remote_control,0,6614
nozomi_(blue_archive),4,6612
checkered_skirt,0,6611
finger_in_another's_mouth,0,6608
flute,0,6606
unworn_shirt,0,6604
oversized_shirt,0,6602
shide,0,6601
screenshot_inset,0,6599
flame-tipped_tail,0,6596
popsicle_in_mouth,0,6594
runami_yachiyo,4,6593
nude_cover,0,6591
triangle_earrings,0,6589
frying_pan,0,6588
fire_emblem:_the_blazing_blade,3,6584
scope,0,6583
surreal,0,6582
fullmetal_alchemist,3,6581
black_hanfu,0,6580
soccer_uniform,0,6578
unsheathed,0,6574
thong_leotard,0,6573
bass_guitar,0,6570
heart_facial_mark,0,6568
minamoto_no_raikou_(fate),4,6568
multiple_braids,0,6567
osawa_rurino,4,6566
gown,0,6560
showering,0,6560
bb_(fate),4,6555
yamada_ryo,4,6555
request_inset,0,6555
teacher,0,6551
cum_on_stomach,0,6551
stuffed_cat,0,6550
wrench,0,6550
kodomo_doushi,0,6548
fire_emblem:_radiant_dawn,3,6547
aki_minoriko,4,6545
purple_scarf,0,6542
calligraphy_brush,0,6540
red_moon,0,6534
prone_bone,0,6533
gaping,0,6532
holding_arrow,0,6531
holding_syringe,0,6531
two-handed,0,6525
shishiro_botan,4,6522
arcueid_brunestud,4,6521
mage_staff,0,6520
writing,0,6520
holding_handheld_game_console,0,6519
police_hat,0,6517
kitakami_(kancolle),4,6517
head-mounted_display,0,6515
kanna_(blue_archive),4,6511
grey_bow,0,6511
checkered_scarf,0,6506
shortstack,0,6506
side_cape,0,6502
steamed_bun,0,6502
harem_outfit,0,6501
soldier,0,6501
lily_pad,0,6500
mahou_shoujo_madoka_magica:_hangyaku_no_monogatari,3,6499
green_leotard,0,6498
splatoon_1,3,6497
2025,0,6497
multiple_4koma,0,6496
izumi_konata,4,6495
instagram_username,0,6491
broken_glass,0,6488
hiiragi_kagami,4,6488
purple_bodysuit,0,6478
gold_choker,0,6477
pink_eyeshadow,0,6476
pointy_nose,0,6475
shoujo_kageki_revue_starlight,3,6472
petting,0,6472
sushi,0,6466
;q,0,6458
midori_(blue_archive),4,6453
striped_sleeves,0,6453
finger_on_trigger,0,6452
multiple_crossover,0,6451
to_heart_2,3,6447
purple_sky,0,6444
scowl,0,6443
holding_sheath,0,6442
scar_on_forehead,0,6439
kitagawa_marin,4,6439
pearl_earrings,0,6436
lobotomy_corporation,3,6436
dandadan,3,6433
roronoa_zoro,4,6428
raincoat,0,6428
lance,0,6427
white_sandals,0,6422
white_bag,0,6421
2022,0,6419
taihou_(azur_lane),4,6419
holding_underwear,0,6417
cooperative_fellatio,0,6414
french_fries,0,6411
ceiling_light,0,6410
cat_hat,0,6410
mydei_(honkai:_star_rail),4,6410
hieda_no_akyuu,4,6408
trash_can,0,6404
hand_on_another's_neck,0,6403
driving,0,6402
train,0,6402
blue_horns,0,6401
eula_(genshin_impact),4,6398
kanzashi,0,6398
kal'tsit_(arknights),4,6392
ikari_shinji,4,6384
pink_scrunchie,0,6380
shenhe_(genshin_impact),4,6377
clannad,3,6377
plaid_necktie,0,6376
strangling,0,6373
crescent_pin,0,6372
happy_halloween,0,6372
aqua_ribbon,0,6368
tusks,0,6366
aikatsu!,3,6364
pill,0,6363
reverse_upright_straddle,0,6361
dio_brando,4,6360
mirko,4,6359
banana,0,6357
fluffy,0,6351
white_nails,0,6348
deer_antlers,0,6347
yellow_trim,0,6347
light_trail,0,6346
tiger_boy,0,6343
mechanical_horns,0,6343
mismatched_footwear,0,6343
torn_sleeves,0,6339
yellow_sash,0,6336
rensouhou-chan,4,6336
remielle_dan,4,6336
amami_haruka,4,6335
saori_(blue_archive),4,6329
ishmael_(project_moon),4,6328
cream,0,6324
candlestand,0,6322
phase_connect,3,6322
assisted_exposure,0,6321
needy_girl_overdose,3,6321
falling_feathers,0,6320
squirrel_ears,0,6317
chips_(food),0,6316
official_alternate_hair_color,0,6312
ash_ketchum,4,6311
hallway,0,6310
rooftop,0,6310
megami_magazine,3,6308
silence_suzuka_(umamusume),4,6308
lamia,0,6307
head_grab,0,6305
frilled_pillow,0,6304
two-tone_swimsuit,0,6304
map,0,6302
dirty_face,0,6301
sandrone_(genshin_impact),4,6298
gekkoukan_high_school_uniform,0,6297
staring,0,6296
bodysuit_under_clothes,0,6295
instant_loss,0,6293
layered_bikini,0,6289
red_(pokemon),4,6286
on_shoulder,0,6285
defloration,0,6283
banner,0,6283
grey_tail,0,6279
clothes_in_mouth,0,6277
chicken,0,6277
cone_horns,0,6277
itsumi_erika,4,6274
blue_apron,0,6269
1koma,0,6269
multiple_scars,0,6269
asashio_(kancolle),4,6268
shrine,0,6264
on_table,0,6260
fire_emblem:_genealogy_of_the_holy_war,3,6254
puppet,0,6254
soda_can,0,6248
jellyfish,0,6248
ribbon-trimmed_skirt,0,6247
pink_belt,0,6247
mating_press,0,6236
morgan_le_fay_(fate),4,6232
leg_lock,0,6231
purple_sweater,0,6230
clover_hair_ornament,0,6230
mario,4,6228
piano,0,6228
gintama,3,6227
aubrey_(omori),4,6223
afloat,0,6223
white_hanfu,0,6222
holding_sign,0,6219
holding_sack,0,6219
tsundere,0,6215
bandaid_hair_ornament,0,6214
stylus,0,6213
behind_another,0,6211
strappy_heels,0,6207
fuwawa_abyssgard,4,6207
xiao_(genshin_impact),4,6206
covered_abs,0,6203
bikini_tan,0,6201
don_quixote_(project_moon),4,6201
omelet,0,6199
brown_capelet,0,6198
red_bandana,0,6197
date_a_live,3,6194
nipple_rings,0,6188
holding_swim_ring,0,6187
sonic_the_hedgehog,4,6184
hikari_(blue_archive),4,6182
holding_plectrum,0,6178
white_bird,0,6177
tall_female,0,6176
swim_trunks,0,6176
employee_uniform,0,6172
splatoon_2,3,6169
colored_bangs,0,6168
mutsuki_(blue_archive),4,6166
exercising,0,6165
houshou_marine_(1st_costume),4,6164
humiliation,0,6164
straddling_paizuri,0,6160
hand_grab,0,6158
hickey,0,6157
flower_ornament,0,6155
energy_wings,0,6155
torn_bodysuit,0,6152
sun_symbol,0,6152
fewer_digits,0,6149
ancient_egyptian_clothes,0,6143
multicolored_hairband,0,6143
bird_on_head,0,6138
polka_dot_bikini,0,6137
happy_valentine,0,6136
sideways,0,6136
unamused,0,6129
fellatio_gesture,0,6126
mococo_abyssgard,4,6125
disposable_coffee_cup,0,6122
lotus,0,6119
contrail,0,6119
grey_border,0,6118
medal,0,6113
multiple_hairclips,0,6112
multicolored_fur,0,6111
chain_leash,0,6110
electric_fan,0,6110
bubble_tea,0,6108
stone_ocean,3,6107
unusually_open_eyes,0,6104
mochi,0,6100
pink_tail,0,6099
car_interior,0,6097
blowing_bubble_gum,0,6096
toy,0,6092
lace_panties,0,6089
lowleg_bikini,0,6086
magazine_cover,0,6086
shoulder_boards,0,6084
asuna_(sao),4,6083
in_box,0,6083
emoji,0,6082
teardrop_facial_mark,0,6081
tucking_hair,0,6081
see-through_skirt,0,6081
yellow_vest,0,6079
virgin_killer_sweater,0,6077
looking_over_eyewear,0,6069
:i,0,6061
red_umbrella,0,6060
transformers,3,6058
stained_glass,0,6055
feather_earrings,0,6053
kindergarten_uniform,0,6053
dusk,0,6051
character_print,0,6046
worried,0,6045
shark_hair_ornament,0,6043
serena_(pokemon),4,6042
body_freckles,0,6039
goat_ears,0,6038
darling_in_the_franxx,3,6035
orange_hairband,0,6034
striped_tail,0,6033
string_of_flags,0,6032
batman_(series),3,6030
princess,0,6028
prinz_eugen_(kancolle),4,6027
holding_another's_leg,0,6025
ok_sign,0,6024
pompadour,0,6022
roswaal_mansion_maid_uniform,0,6020
new_super_mario_bros._u_deluxe,3,6017
sleeves_pushed_up,0,6016
denim_skirt,0,6011
diamond_hairband,0,6009
flower_symbol,0,6008
praying,0,6007
silver_wolf_(honkai:_star_rail),4,6006
gundam_00,3,5998
strap_between_breasts,0,5995
flask,0,5988
red_fur,0,5984
basketball_(object),0,5977
torn_cape,0,5976
ejaculating_while_penetrated,0,5976
super_crown,0,5972
torn_shorts,0,5970
brown_cape,0,5968
gumi,4,5967
lineup,0,5967
nilou_(genshin_impact),4,5964
cyberpunk_(series),3,5963
ramen,0,5963
profanity,0,5962
macross_frontier,3,5961
brown_sailor_collar,0,5960
bow_choker,0,5960
bound_ankles,0,5956
single_kneehigh,0,5956
infinity_nikki,3,5954
phantasy_star,3,5953
clitoral_stimulation,0,5951
cumulonimbus_cloud,0,5950
haneoka_school_uniform,0,5948
toki_(bunny)_(blue_archive),4,5940
path_to_nowhere,3,5939
xenoblade_chronicles_3,3,5938
shiranui_mai,4,5935
len'en,3,5929
needle,0,5927
blue_eyeshadow,0,5924
doki_doki_literature_club,3,5924
jane_doe_(zenless_zone_zero),4,5923
plastic_bag,0,5922
higuchi_madoka,4,5921
chest_strap,0,5914
kotobuki_tsumugi,4,5905
dark_souls_(series),3,5902
bandaid_on_arm,0,5901
la+_darknesss,4,5900
squirrel_tail,0,5900
smell,0,5900
reflection_focus,0,5898
white_shrug,0,5897
suspender_shorts,0,5895
eyebrow_piercing,0,5895
anyoji_hime,4,5894
slime_(creature),0,5893
golden_kamuy,3,5892
mutsu_(kancolle),4,5890
fake_phone_screenshot,0,5886
kaban_(kemono_friends),4,5886
kris_(deltarune),4,5885
game_console,0,5883
kikuchi_makoto,4,5880
sukuna_shinmyoumaru,4,5877
toon_(style),0,5876
irys_(hololive),4,5875
c.c.,4,5871
confused,0,5867
holding_condom,0,5866
dokidoki!_precure,3,5866
hands_on_own_head,0,5865
shovel,0,5862
mobile_suit_gundam,3,5862
uraraka_ochaco,4,5860
purple-tinted_eyewear,0,5858
stray_pubic_hair,0,5858
hiding,0,5858
cum_on_penis,0,5857
anchovy_(girls_und_panzer),4,5853
graffiti,0,5851
arlecchino_(genshin_impact),4,5849
minami_kotori,4,5848
pudding,0,5847
user_interface,0,5846
seashell,0,5845
hecatia_lapislazuli,4,5843
suspension,0,5842
green_neckerchief,0,5840
marcille_donato,4,5839
medusa_(fate),4,5836
cookie_run,3,5834
puyopuyo,3,5834
yahari_ore_no_seishun_lovecome_wa_machigatteiru.,3,5831
blue-framed_eyewear,0,5830
diamond_cutout,0,5830
partially_shaded_face,0,5830
food_on_head,0,5830
stitched_face,0,5824
monkey_tail,0,5818
angelina_(arknights),4,5816
hand_on_another's_ass,0,5812
newspaper,0,5804
kasane_teto_(utau),4,5803
grey_sleeves,0,5801
star_wars,3,5800
quill,0,5796
boo_tao_(genshin_impact),4,5796
yugiri_tsuzuri,4,5794
cammy_white,4,5793
futatsuiwa_mamizou,4,5790
black_hakama,0,5787
purple_eyeshadow,0,5786
aqua_jacket,0,5780
queen's_blade,3,5777
nipple_bar,0,5777
utaite,0,5775
arch,0,5772
grey_horns,0,5772
uzumaki_naruto,4,5772
collage,0,5769
grey_kimono,0,5766
lace-trimmed_dress,0,5765
meitantei_conan,3,5764
paw_shoes,0,5763
grandmaster_of_demonic_cultivation,3,5757
segmented_comic,0,5756
hellaverse,3,5754
blue_armor,0,5753
uneven_gloves,0,5752
sephiroth,4,5752
tally,0,5748
kiseru,0,5747
hill,0,5746
nijigasaki_school_uniform,0,5745
artoria_pendragon_(lancer)_(fate),4,5743
chinese_knot,0,5740
dice,0,5739
back_tattoo,0,5738
public_nudity,0,5737
mohawk,0,5735
pink-tinted_eyewear,0,5734
bat_hair_ornament,0,5734
iono_(pokemon),4,5733
yellow_hoodie,0,5732
letty_whiterock,4,5732
green_bra,0,5731
flats,0,5727
red_tattoo,0,5725
ice_cube,0,5716
snot,0,5711
narukami_yu,4,5711
owl,0,5710
raiden_mei,4,5710
untied_bikini_bottom,0,5709
horned_headwear,0,5708
speaker,0,5704
matching_outfits,0,5703
daisy_(flower),0,5702
twitching_penis,0,5700
arched_bangs,0,5700
striped_horns,0,5699
cyrene_(demiurge)_(honkai:_star_rail),4,5698
heart_hands_duo,0,5698
corpse,0,5694
presenting_own_foot,0,5694
multicolored_shoes,0,5689
missing_legwear,0,5689
black_pubic_hair,0,5688
aki_shizuha,4,5684
crazy_smile,0,5683
skirt_suit,0,5682
female_admiral_(kancolle),4,5682
orange_neckerchief,0,5681
mascara,0,5679
four-leaf_clover,0,5677
qingdai_guanmao,0,5670
tatsuta_(kancolle),4,5670
neru_(blue_archive),4,5670
holding_ice_cream,0,5670
under-elbow_gloves,0,5668
gojo_satoru,4,5666
school_emblem,0,5665
nightcap,0,5663
blank_censor,0,5663
heartcatch_precure!,3,5662
pussyjob,0,5662
furry_with_furry,0,5660
black_rose,0,5660
cigar,0,5658
screentones,0,5657
drumsticks,0,5654
exusiai_(arknights),4,5649
arm_held_back,0,5641
screaming,0,5641
ruffle_bikini,0,5640
flower_knight_girl,3,5639
2021,0,5638
tokyo-3_middle_school_uniform,0,5637
twirling_hair,0,5637
cuddling,0,5635
adam's_apple,0,5635
scratches,0,5630
snowflake_print,0,5630
diagonal-striped_bowtie,0,5629
open_dress,0,5628
jealous,0,5627
takao_(kancolle),4,5627
ceres_fauna,4,5626
fire_emblem:_path_of_radiance,3,5625
path,0,5623
basil_(faraway)_(omori),4,5617
cross-laced_dress,0,5615
triangle_bikini_top,0,5615
ereshkigal_(fate),4,5614
fishnet_top,0,5608
shijou_takane,4,5608
aran_sweater,0,5607
chainsaw,0,5607
earbuds,0,5606
ooi_(kancolle),4,5606
mp3_player,0,5603
attacking_viewer,0,5601
computer_mouse,0,5599
sendai_(kancolle),4,5598
slime_girl,0,5597
brown_socks,0,5596
pokemon_ruby/sapphire/emerald,3,5595
steel_ball_run,3,5593
rabbit_boy,0,5592
houseki_no_kuni,3,5588
untucked_shirt,0,5586
yumemi_riamu,4,5586
musashi_(kancolle),4,5586
spread_fingers,0,5584
on_lap,0,5581
okita_souji_(koha-ace),4,5573
sleep_mask,0,5569
title,0,5566
fanbox_username,0,5562
pink_pajamas,0,5561
yellow_coat,0,5560
dreadlocks,0,5560
lifting_another's_clothes,0,5556
halo_behind_head,0,5552
ryouou_school_uniform,0,5547
monster_musume_no_iru_nichijou,3,5545
love_live!_school_idol_festival,3,5544
crotch_rope,0,5541
grey-framed_eyewear,0,5535
grenade,0,5535
dungeons_&_dragons,3,5528
slave,0,5524
stocking_(psg),4,5523
cheating_(relationship),0,5522
pink_coat,0,5519
rudder_footwear,0,5519
adjusting_swimsuit,0,5519
deer_girl,0,5516
character_hair_ornament,0,5514
tulip,0,5509
bullpup,0,5508
puzzle_&_dragons,3,5504
haikyuu!!,3,5504
pinching,0,5501
aqua_bikini,0,5501
looking_at_mirror,0,5500
candy_cane,0,5499
bread_slice,0,5498
bismarck_(kancolle),4,5495
nice_nature_(umamusume),4,5494
mouth_veil,0,5492
veiny_arms,0,5491
yuuki_makoto_(persona_3),4,5487
smokestack,0,5487
korean_clothes,0,5487
fluffy_hair,0,5485
purple_horns,0,5483
blue_hakama,0,5481
satono_diamond_(umamusume),4,5480
clothes_hanger,0,5480
rabbit_hood,0,5480
impregnation,0,5480
riding_crop,0,5479
platform_boots,0,5478
sink,0,5474
edelgard_von_hresvelg,4,5473
gas_mask,0,5473
miyu_(blue_archive),4,5472
left-handed,0,5469
instrument_case,0,5469
squirrel_girl,0,5465
white_armor,0,5463
holding_pencil,0,5462
condom_on_penis,0,5462
vshojo,3,5461
yurucamp,3,5461
devil_may_cry_(series),3,5459
hugging_doll,0,5457
thigh_sex,0,5453
multiple_bracelets,0,5451
senketsu,4,5450
party_hat,0,5445
crossed_bandaids,0,5445
caesar_anthonio_zeppeli,4,5445
bremerton_(azur_lane),4,5443
ring_light_reflection,0,5443
orange_kimono,0,5441
akashi_(kancolle),4,5441
alternate_skin_color,0,5438
multicolored_swimsuit,0,5438
yellow_scrunchie,0,5438
nose_piercing,0,5437
haruno_sakura,4,5432
goldfish,0,5431
kachimachi_kosuzu,4,5431
yoko_littner,4,5429
shirasaka_koume,4,5427
frogtie,0,5426
nakiri_ayame,4,5426
hooves,0,5423
cat_print,0,5422
skullgirls,3,5418
kagerou_project,3,5408
long_shirt,0,5408
uchiwa,0,5408
perky_breasts,0,5408
dove,0,5404
high_side_ponytail,0,5398
mega_man_(classic),3,5398
brown_hairband,0,5394
osomatsu_(series),3,5393
the_legend_of_zelda:_twilight_princess,3,5390
shiranui_(kancolle),4,5386
bloom,0,5385
eastern_dragon_horns,0,5384
heart-shaped_pillow,0,5378
figure,0,5377
lucina_(fire_emblem),4,5375
pokemon_(classic_anime),3,5374
toothbrush,0,5374
rug,0,5373
belly_chain,0,5372
purple_belt,0,5371
beach_towel,0,5370
attack,0,5367
rubbing_eyes,0,5364
;3,0,5361
lotion,0,5361
pantylines,0,5360
sake_bottle,0,5356
desert,0,5356
sazanami_(kancolle),4,5356
o-ring_bottom,0,5355
agnes_tachyon_(tach-nology)_(umamusume),4,5355
open_shorts,0,5353
spill,0,5353
cropped_vest,0,5350
d.va_(overwatch),4,5350
wet_swimsuit,0,5350
panther_ears,0,5349
print_bow,0,5347
horseback_riding,0,5343
neck_ruff,0,5343
surrounded_by_hands,0,5340
single_hair_tube,0,5335
shako_cap,0,5334
restaurant,0,5333
gold_armor,0,5330
amamiya_ren,4,5329
tendou_akane,4,5325
shark,0,5323
censored_nipples,0,5320
red_hands,0,5317
undersized_clothes,0,5317
blowing_kiss,0,5317
scar_on_neck,0,5315
ishtar_(fate),4,5311
kasane_teto_(sv),4,5310
monster_girl_encyclopedia,3,5310
duel,0,5310
nikki_(nikki),4,5307
cellphone_photo,0,5306
mega_man_x_(series),3,5305
cevio,3,5304
grey_neckerchief,0,5304
covering_own_eyes,0,5302
moss,0,5296
ibuki_(blue_archive),4,5294
multicolored_halo,0,5291
grey_necktie,0,5291
octoling_player_character,4,5290
inset_border,0,5290
surtr_(arknights),4,5287
no_lineart,0,5287
stethoscope,0,5287
touqi_guaitan,3,5287
kosaka_honoka,4,5286
sticker_on_face,0,5285
akiyama_yukari,4,5282
locker_room,0,5282
multicolored_leotard,0,5280
fanny_pack,0,5279
fish_hair_ornament,0,5277
shiranui_flare,4,5277
lifebuoy,0,5275
come_hither,0,5272
heart_in_mouth,0,5268
purple_umbrella,0,5267
holding_cane,0,5266
yellow_bag,0,5263
flight_deck,0,5261
naked_jacket,0,5261
idolmaster_1,3,5257
gold_ring,0,5254
zani_(wuthering_waves),4,5253
abstract,0,5251
sanji_(one_piece),4,5250
wife_and_wife,0,5245
hands_on_another's_head,0,5239
sitting_on_face,0,5239
rotom,4,5238
orange_theme,0,5238
orange_pants,0,5238
peeing_self,0,5236
souryuu_(kancolle),4,5234
snowflake_hair_ornament,0,5233
single_gauntlet,0,5230
legwear_garter,0,5228
cold,0,5228
paint,0,5227
wei_wuxian,4,5225
american_flag_bikini,0,5224
kasumi_(kancolle),4,5222
multicolored_shirt,0,5222
bare_hips,0,5222
hip_bones,0,5219
dessert,0,5218
caught,0,5218
textless_cover_page,0,5216
meltryllis_(fate),4,5215
musical_staff,0,5213
carpet,0,5212
photo_inset,0,5212
super_robot_wars,3,5211
wedding,0,5209
murasaki_shion,4,5204
sleeve_garter,0,5204
dirty_clothes,0,5203
guilty_gear_xrd,3,5202
yellow_thighhighs,0,5199
iowa_(kancolle),4,5198
frilled_ribbon,0,5197
mismatched_bikini,0,5196
kiryuuin_satsuki,4,5196
head_on_another's_shoulder,0,5195
hakui_koyori,4,5188
bow_bikini,0,5188
fu_hua,4,5186
orange_shoes,0,5184
kabedon,0,5183
running_bond,0,5183
fish_girl,0,5180
hirogaru_sky!_precure,3,5180
blue_armband,0,5179
arabian_clothes,0,5178
different_reflection,0,5178
object_namesake,0,5176
church,0,5174
green_choker,0,5174
kouyoku_senki_exs-tia,3,5172
heart_button,0,5171
ui_(blue_archive),4,5167
ange_katrina,4,5166
kemono_friends_v_project,3,5163
sode,0,5160
samidare_(kancolle),4,5159
ladder,0,5157
curled_fingers,0,5157
yuki_miku,4,5156
neckwear_grab,0,5154
omori_(omori),4,5154
fur_scarf,0,5152
watson_cross,0,5152
female_rover_(wuthering_waves),4,5151
you_gonna_get_raped,0,5150
uranohoshi_school_uniform,0,5150
greatsword,0,5148
loose_belt,0,5145
thrusters,0,5143
pink-framed_eyewear,0,5142
sunburst,0,5137
baseball_uniform,0,5136
miyamoto_musashi_(fate),4,5134
striped_shorts,0,5132
orc,0,5132
atelier_ryza,3,5129
chained,0,5128
backless_leotard,0,5126
hair_ears,0,5124
hoshizora_rin,4,5121
lily_white,4,5114
wakasagihime,4,5112
yellow_sweater_vest,0,5112
blur_censor,0,5111
sen_no_kiseki_(series),3,5106
rubber_boots,0,5106
miyako_(blue_archive),4,5106
fivesome,0,5104
roman_numeral,0,5098
minase_iori,4,5097
burning,0,5096
suigintou,4,5095
tachibana_arisu,4,5093
teardrop_earrings,0,5092
yamashiro_(kancolle),4,5092
brown_necktie,0,5092
in_tree,0,5090
emilia_(re:zero),4,5088
osomatsu-san,3,5087
raora_panthera,4,5085
robin_(honkai:_star_rail),4,5084
symboli_rudolf_(umamusume),4,5079
holding_stick,0,5078
club_(weapon),0,5077
no_jacket,0,5076
combat_helmet,0,5076
koha-ace,3,5075
faux_traditional_media,0,5074
tsukihime_(remake),3,5071
fire_emblem:_mystery_of_the_emblem,3,5071
grey_belt,0,5069
selene_(pokemon),4,5062
blue_trim,0,5061
lounge_chair,0,5059
green_socks,0,5057
deviantart_username,0,5056
gegege_no_kitarou,3,5051
kishin_sagume,4,5051
kitasan_black_(umamusume),4,5050
male_rover_(wuthering_waves),4,5050
binoculars,0,5045
see-through_leotard,0,5045
minecraft,3,5044
drawing_(action),0,5041
bow_legwear,0,5040
bento,0,5039
milk_bottle,0,5039
capri_pants,0,5036
group_picture,0,5035
patterned_background,0,5033
possessed,0,5033
feather_trim,0,5033
cropped_hoodie,0,5028
steering_wheel,0,5027
formidable_(azur_lane),4,5026
skewer,0,5023
little_witch_academia,3,5022
panther_girl,0,5021
clothed_female_nude_female,0,5020
cat_ear_hairband,0,5019
machikado_mazoku,3,5019
side_up_bun,0,5017
space_helmet,0,5016
fake_cover,0,5016
shower_head,0,5015
alice's_adventures_in_wonderland,3,5012
flexing,0,5009
purple_capelet,0,5004
patch,0,5003
holding_scissors,0,5000
lemon_slice,0,4996
fake_wings,0,4996
plantar_flexion,0,4994
sunrise,0,4992
lip_piercing,0,4990
kel_(omori),4,4989
tombstone,0,4988
neon_trim,0,4987
mechabare,0,4982
touhou_lostword,3,4981
over-rim_eyewear,0,4980
fur_coat,0,4980
laevatein_(touhou),0,4979
rabbit_print,0,4978
champagne_flute,0,4977
light_bulb,0,4976
dan_heng_(honkai:_star_rail),4,4973
eyebrow_cut,0,4971
phantasy_star_online_2,3,4970
after_ejaculation,0,4969
taimanin_(series),3,4967
pyrokinesis,0,4964
stiletto_heels,0,4962
prinz_eugen_(azur_lane),4,4956
hands_on_own_thighs,0,4955
braided_twintails,0,4954
wide_ponytail,0,4953
monsterification,0,4952
cyberpunk:_edgerunners,3,4949
reflective_floor,0,4947
ro-500_(kancolle),4,4947
false_smile,0,4947
shu_(arknights),4,4946
pink_border,0,4945
made_in_abyss,3,4943
blue_collar,0,4943
finger_to_own_chin,0,4943
tatsumaki,4,4942
onee-loli,0,4938
takamatsu_tomori,4,4937
warhammer_40k,3,4937
licking_finger,0,4937
blood_from_eyes,0,4936
ghost_tail,0,4934
cousins,0,4929
full_beard,0,4927
shrimp,0,4923
dungeon_and_fighter,3,4923
green_lips,0,4922
cliff,0,4921
koseki_bijou,4,4921
bronya_zaychik,4,4921
commander_(azur_lane),4,4920
buck_teeth,0,4919
spatula,0,4917
ovum,0,4916
grimace,0,4914
submerged,0,4913
special_week_(umamusume),4,4913
cocktail_glass,0,4911
broken_horn,0,4907
shell_casing,0,4907
kuroki_tomoko,4,4907
eyewear_strap,0,4905
pirate_costume,0,4901
skull_and_crossbones,0,4900
ship_class_reunion,0,4900
full_nelson,0,4898
hiei_(kancolle),4,4897
mari_(omori),4,4897
ultimate_madoka,4,4892
shirt_tug,0,4888
shimamura_uzuki,4,4880
bemani,3,4879
skull_print,0,4879
shaved_ice,0,4878
white_garter_straps,0,4877
mole_on_cheek,0,4877
brown_theme,0,4876
sailor_moon,4,4874
kim_dokja,4,4873
atago_(azur_lane),4,4869
transparent_umbrella,0,4866
nitroplus,3,4866
wooden_table,0,4866
tiger_stripes,0,4865
jackal_ears,0,4864
sekaiju_no_meikyuu,3,4864
playing_with_own_hair,0,4862
usada_pekora_(1st_costume),4,4862
sweaty_armpits,0,4859
kid_icarus,3,4858
hand_on_another's_stomach,0,4855
nonomi_(blue_archive),4,4851
grey_scarf,0,4849
starry_sky_print,0,4849
pillbox_hat,0,4846
phantom_blood,3,4845
grabbed_by_tentacles,0,4843
safety_pin,0,4843
heart_maebari,0,4842
vertical-striped_skirt,0,4840
goatee_stubble,0,4838
fetal_position,0,4833
ammunition,0,4833
akamatsu_kaede,4,4830
hifumi_(blue_archive),4,4830
tribadism,0,4829
bandage_on_face,0,4827
breastless_clothes,0,4826
ribbed_dress,0,4823
pokemon_horizons,3,4823
leon_s._kennedy,4,4821
vibrator_under_clothes,0,4818
red_one-piece_swimsuit,0,4818
lace_bra,0,4813
panda,0,4812
no_eyewear,0,4812
high_contrast,0,4811
twilight_(spy_x_family),4,4811
multicolored_thighhighs,0,4810
sagisawa_fumika,4,4802
strawberry_shortcake,0,4799
amate_yuzuriha,4,4798
drinking_straw_in_mouth,0,4797
verniy_(kancolle),4,4795
mechanical_hands,0,4795
striped_sweater,0,4790
barcode_tattoo,0,4790
hitachi_magic_wand,0,4788
herta_(honkai:_star_rail),4,4785
moonlight,0,4780
pink_vest,0,4779
corded_phone,0,4776
female_corrin_(fire_emblem),4,4772
ornate_border,0,4771
butterfly_print,0,4770
w_(arknights),4,4769
blue_border,0,4769
holding_panties,0,4768
meitantei_precure!,3,4766
open_robe,0,4766
horn_bow,0,4764
veiny_breasts,0,4763
tied_up_(nonsexual),0,4763
balcony,0,4763
ass_ripple,0,4763
studded_belt,0,4762
american_flag_legwear,0,4761
in-universe_location,0,4760
turnaround,0,4759
inazuma_eleven,3,4759
blue-tinted_eyewear,0,4758
the_legend_of_zelda:_ocarina_of_time,3,4758
horn_hairband,0,4755
holding_weapon_behind_back,0,4753
impending_doom,0,4753
red_sky,0,4751
stripper_pole,0,4746
whipped_cream,0,4745
pink_bodysuit,0,4744
rosalina,4,4739
pastel_colors,0,4737
swirl_lollipop,0,4734
pillow_grab,0,4734
quarter_note,0,4732
bamboo_forest,0,4732
ganaha_hibiki,4,4731
ex-keine,4,4730
gauze,0,4727
town,0,4725
girthy_penis,0,4725
cloth_gag,0,4725
object_head,0,4721
holding_pillow,0,4720
pokemon_adventures,3,4715
open-toe_boots,0,4715
loose_bowtie,0,4714
5koma,0,4714
misty_(pokemon),4,4714
ofuda_on_clothes,0,4712
adjusting_gloves,0,4710
winged_helmet,0,4710
kirishima_(kancolle),4,4709
pearl,0,4709
yunomi,0,4708
bird_on_hand,0,4704
fertilization,0,4704
pink_pantyhose,0,4701
bat_ears,0,4699
breast_bondage,0,4696
uruha_rushia,4,4695
helm,0,4694
mikasa_ackerman,4,4694
swing,0,4694
ankle_ribbon,0,4692
asticassia_school_uniform,0,4691
orange_scarf,0,4690
red_hood,0,4687
spreading_another's_pussy,0,4687
mole_under_each_eye,0,4686
takarada_rikka,4,4683
milk_carton,0,4683
star_facial_mark,0,4682
reach-around,0,4682
vivian_banshee,4,4680
o3o,0,4680
turtleneck_leotard,0,4677
wo-class_aircraft_carrier,4,4675
yelan_(genshin_impact),4,4675
shiroko_terror_(blue_archive),4,4672
uneven_sleeves,0,4671
pig,0,4669
pokemon_tcg,3,4665
soccer_ball,0,4664
brown_corset,0,4662
ahri_(league),4,4661
yellow_pants,0,4661
3others,0,4656
idolmaster_side-m,3,4654
nakano_nino,4,4654
plum_blossoms,0,4651
cervix,0,4648
white_romper,0,4648
pulling_another's_clothes,0,4646
rough_sex,0,4646
takagaki_kaede,4,4645
cyberpunk:_edgerunners_1,3,4644
cooking_pot,0,4644
gold_armlet,0,4641
touhoku_kiritan,4,4641
hatsutori_hajime,4,4637
plaid_pants,0,4636
vending_machine,0,4634
thick_lips,0,4632
star_necklace,0,4630
winding_key,0,4628
elysia_(herrscher_of_human:_ego)_(honkai_impact),4,4623
sleeping_on_person,0,4622
side_part,0,4622
what,0,4621
japari_symbol,0,4620
kizuna_akari,4,4619
holding_sex_toy,0,4619
hazbin_hotel,3,4616
shirakami_fubuki_(1st_costume),4,4614
chloe_von_einzbern,4,4612
holding_water_gun,0,4608
wrinkled_skin,0,4605
boxing_gloves,0,4603
bowl_cut,0,4603
instant_noodles,0,4602
gold_hairband,0,4601
shoe_dangle,0,4600
tarot,0,4600
playing_sports,0,4599
fur-trimmed_skirt,0,4599
ump45_(girls'_frontline),4,4599
pointing_at_another,0,4598
orange_bodysuit,0,4598
uchiha_sasuke,4,4597
selfcest,0,4596
talisman,0,4596
nagisa_kaworu,4,4594
tsukinomori_school_uniform,0,4594
giving,0,4593
american_flag_dress,0,4589
ichika_(blue_archive),4,4588
futa_with_male,0,4588
flower_tattoo,0,4587
disembodied_head,0,4586
green_apron,0,4586
counter,0,4585
grey_bodysuit,0,4584
peeking,0,4584
too_many_watermarks,0,4582
afro,0,4582
curren_chan_(umamusume),4,4582
scar_on_stomach,0,4581
black_hood,0,4580
artoria_caster_(fate),4,4580
mop,0,4578
head_only,0,4577
shared_clothes,0,4577
tsushima_yoshiko,4,4577
roller_skates,0,4576
duffel_bag,0,4576
holding_unworn_helmet,0,4574
brown_kimono,0,4573
ammunition_pouch,0,4572
cafe,0,4571
spice_and_wolf,3,4570
star_choker,0,4570
video_game_dialogue_box,0,4568
my_little_pony,3,4567
inverted_cross,0,4566
spiked_choker,0,4565
animal_bag,0,4565
white_snake,0,4563
melting,0,4561
blue_robe,0,4560
holding_balloon,0,4559
skirt_tug,0,4558
sweatpants,0,4556
furude_rika,4,4555
nanamori_school_uniform,0,4554
fairy_tail,3,4552
asymmetrical_sidelocks,0,4551
hands_in_opposite_sleeves,0,4551
plaid_jacket,0,4551
holding_whip,0,4549
calendar_(object),0,4548
paddle,0,4547
drone,0,4546
licking_nipple,0,4545
blue_headband,0,4544
linear_hatching,0,4544
against_railing,0,4541
yu-gi-oh!_duel_monsters,3,4540
bear_girl,0,4538
djeeta_(granblue_fantasy),4,4538
bisexual_female,0,4535
darkness,0,4532
purple_fur,0,4530
vrchat,3,4529
tape_gag,0,4528
forked_tongue,0,4527
hatsuboshi_gakuen_school_uniform,0,4527
mustache_stubble,0,4526
castorice_(honkai:_star_rail),4,4525
fried_egg,0,4524
mcdonald's,3,4524
no_feet,0,4521
yuubari_(kancolle),4,4520
oversized_animal,0,4519
shadowverse,3,4519
karyl_(princess_connect!),4,4519
sangonomiya_kokomi,4,4513
two-sided_coat,0,4512
surfboard,0,4511
gold_crown,0,4511
mirror_selfie,0,4511
sigh,0,4509
white_serafuku,0,4508
constellation_print,0,4508
collared_cape,0,4508
natsuiro_matsuri,4,4505
striped_bra,0,4504
very_long_fingernails,0,4500
goblin,0,4499
kaedehara_kazuha,4,4497
turtle_shell,0,4494
missing_halo,0,4492
teasing,0,4492
haru_urara_(umamusume),4,4491
goat_girl,0,4490
faust_(project_moon),4,4489
lace-trimmed_sleeves,0,4488
white_theme,0,4488
fiery_hair,0,4487
medusa_(rider)_(fate),4,4487
hyuuga_hinata,4,4486
glowing_sword,0,4484
ch'en_(arknights),4,4483
sailor_bikini,0,4483
handsfree_ejaculation,0,4482
aotsuki_eito,4,4482
footprints,0,4480
reisalin_stout,4,4480
black_rock_shooter_(character),4,4479
takatsuki_yayoi,4,4479
breasts_on_glass,0,4477
nape,0,4475
buzz_cut,0,4474
kazama_iroha,4,4473
yorigami_shion,4,4471
lize_helesta,4,4470
zero_two_(darling_in_the_franxx),4,4468
excalibur_(fate/stay_night),0,4465
thumb_ring,0,4463
stationary_restraints,0,4461
keyhole,0,4458
holding_unworn_shoes,0,4457
my_little_pony:_friendship_is_magic,3,4456
fleeing,0,4454
magatama_necklace,0,4453
multiple_piercings,0,4451
walk-in,0,4451
pink_collar,0,4447
head_between_breasts,0,4446
sleeveless_coat,0,4444
hex_maniac_(pokemon),4,4444
stuck,0,4444
purple_hoodie,0,4443
fire_emblem:_the_binding_blade,3,4442
os-tan,3,4441
nagisa_(blue_archive),4,4440
ribbon-trimmed_collar,0,4437
enpera,0,4435
blonde_streaks,0,4434
doremy_sweet,4,4431
nicole_demara,4,4430
bandaid_on_pussy,0,4428
horse_penis,0,4426
sweets,0,4424
birdcage,0,4423
cross_print,0,4423
headlamp,0,4422
nose_bubble,0,4421
izuna_(blue_archive),4,4420
holo,4,4420
lipstick_tube,0,4419
morning,0,4418
shimakaze_(kancolle)_(cosplay),0,4413
alley,0,4412
gradient_dress,0,4411
sleep_molestation,0,4409
clothes_down,0,4409
bridget_(guilty_gear),4,4406
volleyball_(sport),0,4406
sumino_takumi,4,4405
multicolored_coat,0,4400
shining_nikki,3,4398
march_7th_(preservation)_(honkai:_star_rail),4,4396
asphyxiation,0,4395
real_world_location,0,4393
negligee,0,4391
kirigiri_kyoko,4,4390
chandelier,0,4389
giorno_giovanna,4,4388
street_fighter_v,3,4388
hands_on_lap,0,4386
square_4koma,0,4385
kujo_jolyne,4,4384
shampoo_(ranma_1/2),4,4384
school_hat,0,4384
blue_cloak,0,4382
turban,0,4381
dark_magician_girl,4,4380
tactical_clothes,0,4379
winged_hat,0,4378
halter_shirt,0,4376
hawaiian_shirt,0,4376
bit_gag,0,4375
asahina_mikuru,4,4373
ribbed_socks,0,4373
han_juri,4,4369
crossdressing_(ftm),0,4369
potato_chips,0,4368
shading_eyes,0,4368
butler,0,4368
kikyou_(blue_archive),4,4366
evelyn_chevalier,4,4366
aventurine_(honkai:_star_rail),4,4365
no_sclera,0,4364
padlock,0,4364
pink_wings,0,4364
puffy_shorts,0,4363
art_tools_in_frame,0,4363
tail_wrap,0,4361
arch_bishop_(ragnarok_online),4,4360
carrying_over_shoulder,0,4359
hiryuu_(kancolle),4,4359
saotome_ranma_(female),4,4358
cyberpunk,0,4356
sakurauchi_riko,4,4355
ryuuguu_rena,4,4354
yu-gi-oh!_gx,3,4353
pencil_dress,0,4353
baguette,0,4353
age_progression,0,4351
itadori_yuji,4,4350
canon_event,0,4350
typo,0,4350
zeta_gundam,3,4349
ace_(playing_card),0,4349
anal_fingering,0,4348
ouji_fashion,0,4348
gorget,0,4347
toast,0,4347
blue_tongue,0,4347
battery_indicator,0,4346
tangzhuang,0,4345
thigh_cutout,0,4345
overcast,0,4344
phimosis,0,4343
poke_ball_print,0,4341
bow_(music),0,4341
2020,0,4340
hand_on_hilt,0,4340
toradora!,3,4339
mallet,0,4339
harem,0,4337
industrial_piercing,0,4335
makise_kurisu,4,4334
belfast_(azur_lane),4,4334
whisk,0,4332
fake_antlers,0,4331
talking_on_phone,0,4328
shoulder_carry,0,4328
hooded_robe,0,4325
iroha_(blue_archive),4,4324
bow_earrings,0,4322
suite_precure,3,4322
deerstalker,0,4321
obliques,0,4320
metal_gear_(series),3,4318
kiso_(kancolle),4,4318
footjob_with_legwear,0,4317
utility_belt,0,4316
aubrey_(faraway)_(omori),4,4313
hand_tattoo,0,4310
cu_chulainn_(lancer)_(fate),4,4310
enoshima_junko,4,4310
neck_fur,0,4310
hand_on_eyewear,0,4307
flame_print,0,4305
omurice,0,4305
bird_legs,0,4304
6+others,0,4300
kama_(fate),4,4299
sirius_(azur_lane),4,4299
coral,0,4299
muscular_arms,0,4297
naganami_(kancolle),4,4290
trefoil,0,4289
arm_armor,0,4288
flaming_eye,0,4287
rod_of_remorse,0,4286
blueberry,0,4286
hamster,0,4285
medicine_melancholy,4,4282
mahjong_soul,3,4280
breast_focus,0,4279
reitaisai,3,4279
slap_mark,0,4277
under_table,0,4274
hakama_pants,0,4273
2026,0,4272
mesugaki,0,4272
plaid_background,0,4270
low_neckline,0,4269
bleach:_sennen_kessen-hen,3,4266
final_fantasy_vii_rebirth,3,4266
mudrock_(arknights),4,4263
fold-over_boots,0,4262
beam_rifle,0,4260
creature_and_personification,0,4260
usami_sumireko,4,4259
tate_no_yuusha_no_nariagari,3,4259
gundam_build_fighters,3,4257
sleeping_upright,0,4257
mars_symbol,0,4256
elysia_(miss_pink_elf)_(honkai_impact),4,4255
pokemon_the_series:_sun_&_moon,3,4254
creator_connection,0,4252
blue_helmet,0,4252
motoori_kosuzu,4,4250
cube,0,4249
porkpie_hat,0,4248
yellow_choker,0,4246
fate/strange_fake,3,4246
cheek_poking,0,4246
ayase_momo,4,4246
eye_trail,0,4244
holding_brush,0,4242
crotchless_panties,0,4241
boruto_(series),3,4240
fur-trimmed_cloak,0,4237
walkie-talkie,0,4234
one-eyed_mecha,0,4233
koizumi_hanayo,4,4231
black_male_underwear,0,4230
spilling,0,4229
magnifying_glass,0,4229
penis_out,0,4228
white_hood,0,4227
colored_shoe_soles,0,4226
sketchbook,0,4224
santa_bikini,0,4223
ado_(utaite),3,4223
russian_text,0,4223
melting_popsicle,0,4222
palm_leaf,0,4222
tickling,0,4221
frilled_cuffs,0,4221
office,0,4220
happy_tears,0,4219
black_tiara,0,4219
bear_hair_ornament,0,4214
yuzu_(blue_archive),4,4213
paradis_military_uniform,0,4212
claw_(weapon),0,4211
world_war_ii,0,4208
cheek_pinching,0,4206
tuxedo,0,4206
eren_yeager,4,4205
shoelaces,0,4204
crepe,0,4204
no_dickey,0,4203
armpit_focus,0,4202
pink_blood,0,4198
knees_apart_feet_together,0,4197
kiryu_coco,4,4195
takodachi_(ninomae_ina'nis),4,4193
drop-shaped_pupils,0,4189
orange_thighhighs,0,4187
graf_zeppelin_(kancolle),4,4185
juice_box,0,4183
sylveon,4,4183
avatar_legends,3,4182
palms_together,0,4182
bandaid_on_hand,0,4180
bomber_jacket,0,4179
inflatable_toy,0,4179
hadanugi_dousa,0,4177
plaid_hat,0,4176
egg_(food),0,4175
wrestling_outfit,0,4174
callie_(splatoon),4,4173
neck_flower,0,4170
arm_wrap,0,4166
platform_heels,0,4166
iori_(blue_archive),4,4166
print_bowtie,0,4165
halloween_bucket,0,4165
hiroi_kikuri,4,4164
hong_lu_(project_moon),4,4163
youkai_watch,3,4162
final_fantasy_vi,3,4160
bruise_on_face,0,4160
eye_focus,0,4159
magazine_(object),0,4159
shingeki_no_bahamut,3,4158
heel_up,0,4157
chouzetsusaikawa_tenshi-chan,4,4156
jougasaki_mika,4,4156
shower_(place),0,4153
zombie_pose,0,4152
window_shadow,0,4150
hestia_(danmachi),4,4149
eraser,0,4149
holstered,0,4148
middle_ring,0,4147
chainmail,0,4146
ambience_synesthesia,3,4143
large_testicles,0,4143
mega_man_zero_(series),3,4143
sinclair_(project_moon),4,4140
censored_identity,0,4140
blood_in_hair,0,4138
banknote,0,4137
fischl_(genshin_impact),4,4136
rice_bowl,0,4135
pant_suit,0,4135
scepter,0,4135
nakano_miku,4,4132
round_border,0,4132
hexagram,0,4131
looking_at_food,0,4129
star_ocean,3,4128
industrial_pipe,0,4128
shuriken,0,4128
squirrel,0,4126
ankle_cuffs,0,4126
jewel_under_eye,0,4125
urusei_yatsura,3,4124
mummy_costume,0,4124
shin_megami_tensei,3,4124
dust,0,4123
jersey,0,4121
black_survival,3,4121
futaba_anzu,4,4120
yellow_wings,0,4120
cheval_grand_(umamusume),4,4119
kyon,4,4117
fine_art_parody,0,4116
refrigerator,0,4115
impossible_dress,0,4114
index_fingers_together,0,4114
dusk_(arknights),4,4114
final_fantasy_vii:_ever_crisis,3,4112
butterfly_on_hand,0,4112
insignia,0,4112
blue_tunic,0,4109
tamamo_cross_(umamusume),4,4109
kisume,4,4108
demon_(megami_tensei),0,4105
summer_pockets,3,4105
side_ahoge,0,4105
wakamo_(blue_archive),4,4104
leotard_pull,0,4103
yellow_sleeves,0,4103
boxers,0,4102
vial,0,4101
shoulder_strap,0,4101
hiphighs,0,4101
shokuhou_misaki,4,4100
cave,0,4098
smiley_face,0,4098
digitigrade,0,4096
leaning_on_object,0,4096
naked_sweater,0,4095
wire,0,4095
plaid_bikini,0,4095
faux_retro_artstyle,0,4095
nape_braid,0,4092
pink_one-piece_swimsuit,0,4091
guitar_case,0,4091
disgust,0,4089
turtle,0,4088
nail_(hardware),0,4087
black_buruma,0,4086
drawer,0,4086
star_sapphire,4,4085
sakuraba_ema,4,4083
takami_chika,4,4083
keyboard_(instrument),0,4081
fujita_kotone,4,4080
purple_rope,0,4077
ivan_(alien_stage),4,4071
yellow_cape,0,4070
mismatched_pubic_hair,0,4070
cherry_blossom_print,0,4069
jean_(genshin_impact),4,4068
kuro_no_kiseki_(series),3,4067
hands_on_another's_cheeks,0,4066
rocket_launcher,0,4065
impossible_leotard,0,4063
red_petals,0,4063
oc_x_canon,0,4062
grey_sports_bra,0,4061
star_brooch,0,4059
voicevox,3,4058
black_armband,0,4058
yoo_joonghyuk,4,4057
hanasakigawa_school_uniform,0,4056
tsukino_mito,4,4055
dalachi_(headdress),0,4055
till_(alien_stage),4,4055
frilled_shorts,0,4055
asahina_mafuyu,4,4053
tricorne,0,4053
yuuka_(track)_(blue_archive),4,4052
fur-trimmed_kimono,0,4050
kei_(student)_(blue_archive),4,4050
barbara_(genshin_impact),4,4048
takebe_saori,4,4048
blue_sclera,0,4048
taut_dress,0,4047
curly_eyebrows,0,4046
team_rocket,0,4046
admire_vega_(umamusume),4,4044
tokkuri,0,4043
bloodborne,3,4043
yellow_feathers,0,4043
cutout_above_navel,0,4040
cabinet,0,4040
spinning,0,4040
chest_bow,0,4039
rubble,0,4038
floating_cape,0,4036
white_corset,0,4036
zuihou_(kancolle),4,4032
oda_nobunaga_(fate),4,4032
instagram_logo,0,4031
steam_censor,0,4024
fate/hollow_ataraxia,3,4022
patchwork_skin,0,4020
naked_bandage,0,4020
sparks,0,4019
pink_sailor_collar,0,4018
incoming_gift,0,4014
naoetsu_high_school_uniform,0,4013
sennen_sensou_aigis,3,4013
bowsette,4,4010
colored_shadow,0,4009
don-chan_(usada_pekora),4,4009
yellow_socks,0,4008
kitauji_high_school_uniform,0,4007
two-tone_hairband,0,4006
akari_(pokemon),4,4004
g-string,0,4004
dragon_quest_iii,3,3999
zombie_land_saga,3,3997
white_male_underwear,0,3997
serika_(blue_archive),4,3997
monster_hunter_(character),4,3994
kanzaki_ranko,4,3994
braided_sidelocks,0,3993
alice_gear_aegis,3,3992
t-head_trainer_(umamusume),4,3992
thigh_ribbon,0,3992
dress_shoes,0,3991
seamed_legwear,0,3991
eromanga_sensei,3,3990
on_swing,0,3987
curry,0,3984
zero_suit,0,3983
black_tube_top,0,3982
cameo,0,3982
scar_on_leg,0,3981
identity_v,3,3979
groin_tendon,0,3978
key_necklace,0,3978
final_fantasy_xi,3,3978
koi_suru_kokoro_to_mahou_no_kotoba,3,3978
chicken_(food),0,3978
holding_ladle,0,3977
evangelion:_3.0_you_can_(not)_redo,3,3974
lapel_pin,0,3973
side-tie_leotard,0,3973
shirai_kuroko,4,3972
fourth_wall,0,3969
dinosaur,0,3969
tooth_necklace,0,3968
tsukishiro_yanagi,4,3965
sparkler,0,3964
tomioka_giyuu,4,3964
stole,0,3963
brushing_hair,0,3963
t.m._opera_o_(umamusume),4,3962
sweater_around_waist,0,3961
hollow_knight,3,3960
black_helmet,0,3960
torch,0,3959
metal_hairband,0,3959
gae_bolg_(fate),0,3956
watermark_grid,0,3954
health_bar,0,3954
cat_ear_panties,0,3953
leon_(pokemon),4,3950
x_(symbol),0,3948
kay_(girls_und_panzer),4,3947
raihan_(pokemon),4,3946
cropped_sweater,0,3944
infinite_stratos,3,3944
alice_(alice_in_wonderland),4,3943
pastry,0,3942
gentildonna_(umamusume),4,3940
eyewear_on_headwear,0,3938
covering_nipples,0,3938
kochou_shinobu,4,3935
lion_boy,0,3935
ultra_series,3,3934
dreaming,0,3934
fur-trimmed_collar,0,3934
purple_ascot,0,3933
black_garter_belt,0,3931
diluc_(genshin_impact),4,3930
tree_shade,0,3929
mayuzumi_fuyuko,4,3928
red_tail,0,3926
window_blinds,0,3924
red_helmet,0,3924
wreath,0,3923
citlali_(genshin_impact),4,3921
tales_of_vesperia,3,3921
spring_(season),0,3917
florence_nightingale_(fate),4,3917
kuromorimine_military_uniform,0,3915
comb,0,3914
green_flower,0,3914
millennium_cheerleader_outfit_(blue_archive),0,3913
vertical-striped_pantyhose,0,3913
project_diva_(series),3,3912
poker_chip,0,3910
holding_leaf,0,3910
redesign,0,3909
solid_eyes,0,3908
orange_slice,0,3908
murasame_(kancolle),4,3908
skyline,0,3907
king_halo_(umamusume),4,3907
pond,0,3907
shoulder_belt,0,3904
argyle_pantyhose,0,3904
see-through_body,0,3901
holding_own_leg,0,3900
chemise,0,3899
multiple_drawing_challenge,0,3899
triforce,0,3896
sunna_(zenless_zone_zero),4,3895
lunasa_prismriver,4,3894
kokkoro_(princess_connect!),4,3894
barrel,0,3893
ichinose_shiki,4,3892
finger_heart,0,3891
leg_belt,0,3888
caustics,0,3886
fangs_out,0,3886
marie_(splatoon),4,3886
bad_feet,0,3885
polka_dot_dress,0,3884
charizard,4,3883
purple_socks,0,3882
kakyoin_noriaki,4,3881
overall_shorts,0,3878
latex_gloves,0,3877
holding_fireworks,0,3876
if_they_mated,0,3876
breast_slip,0,3876
dynamic_pose,0,3876
loose_clothes,0,3874
alternate_headwear,0,3873
starry_sky_background,0,3873
brown_cloak,0,3872
wooden_fence,0,3872
white_mouth,0,3872
chuunibyou_demo_koi_ga_shitai!,3,3872
desk_lamp,0,3871
ufo,0,3871
pool_ladder,0,3869
puffy_pants,0,3869
muv-luv,3,3868
prostitution,0,3867
purple_fire,0,3866
jersey_maid,0,3866
red_mask,0,3866
penis_size_difference,0,3866
tight_shirt,0,3866
gem_uniform_(houseki_no_kuni),0,3865
polo_shirt,0,3865
carrot_necklace,0,3865
spoken_sweatdrop,0,3865
starter_pokemon_trio,0,3864
samurai,0,3863
pale_colors,0,3861
look-alike,0,3860
blood_stain,0,3859
sideburns_stubble,0,3859
excessive_cum,0,3859
arm_cutout,0,3857
front_slit,0,3857
through_clothes,0,3856
alternate_legwear,0,3856
akiyama_mizuki,4,3855
energy_ball,0,3854
pet_play,0,3853
holding_tablet_pc,0,3851
two-tone_ribbon,0,3850
mihono_bourbon_(umamusume),4,3850
pixiv_username,0,3850
xiao_guan_(headdress),0,3849
kokona_(blue_archive),4,3846
liquid,0,3845
nessa_(pokemon),4,3844
naka_(kancolle),4,3844
aqua_trim,0,3844
two-tone_leotard,0,3843
manga_(object),0,3842
lucario,4,3842
juliana_(pokemon),4,3840
lycoris_uniform,0,3837
green_capelet,0,3837
biker_clothes,0,3836
black_wrist_cuffs,0,3835
oni_mask,0,3835
torn_jeans,0,3834
brown_bowtie,0,3833
falin_touden,4,3833
flat_ass,0,3832
arm_blade,0,3831
implied_yuri,0,3830
pokemon_red/green/blue/yellow,3,3829
striped_arm_warmers,0,3828
unconscious,0,3827
racket,0,3827
qr_code,0,3827
frilled_headwear,0,3825
brown_apron,0,3825
cum_on_male,0,3822
zhu_yuan,4,3821
countdown,0,3821
circle_name,0,3820
finger_in_own_mouth,0,3820
traffic_light,0,3820
sitting_on_stairs,0,3819
animal_ear_hood,0,3818
yoimiya_(genshin_impact),4,3818
ethan_(pokemon),4,3818
color_connection,0,3816
watering_can,0,3816
pear-shaped_figure,0,3813
azki_(hololive),4,3813
yorigami_jo'on,4,3813
stella_sora,3,3812
final_fantasy_ix,3,3809
brown-framed_eyewear,0,3809
trumpet,0,3808
narmaya_(granblue_fantasy),4,3806
octoling_girl,4,3806
smoke_trail,0,3806
rika_(pokemon),4,3805
leather_belt,0,3805
hair_extensions,0,3805
wrist_guards,0,3804
striped_kimono,0,3803
tanuki,0,3803
sanshoku_dango,0,3803
red_tank_top,0,3803
orange_skin,0,3802
baldur's_gate,3,3802
feeding_viewer,0,3801
onahole,0,3800
respirator,0,3800
faucet,0,3800
ankle_lace-up,0,3799
wooden_wall,0,3799
electrokinesis,0,3798
livestream,0,3797
buttoned_cuffs,0,3797
multicolored_bow,0,3796
melty_blood,3,3796
menu,0,3795
drawing_bow,0,3794
orange_scrunchie,0,3794
cloud_print,0,3793
karin_(bunny)_(blue_archive),4,3790
wooden_bucket,0,3789
white_tube_top,0,3788
power_symbol,0,3788
spider,0,3788
rei_no_himo,0,3787
kalashnikov_rifle,0,3787
hero_(omori),4,3785
shiroko_(swimsuit)_(blue_archive),4,3784
short_sword,0,3784
green_tunic,0,3782
battle_axe,0,3782
alarm_clock,0,3781
suit_pants,0,3780
toga_himiko,4,3779
bucket_hat,0,3777
green_fur,0,3777
fur-trimmed_shorts,0,3776
orange_hoodie,0,3773
drawing_tablet,0,3773
panther_tail,0,3767
fire_emblem:_the_sacred_stones,3,3764
sleeve_ribbon,0,3763
baldur's_gate_3,3,3762
makaino_ririmu,4,3760
pinstripe_jacket,0,3760
fish_(food),0,3760
hikimayu,0,3760
matara_okina,4,3759
pain,0,3759
whale,0,3759
higashikata_josuke,4,3759
rowlet,4,3756
dimitri_alexandre_blaiddyd,4,3755
pink_camisole,0,3755
naked_coat,0,3753
baseball_(sport),0,3751
layered_kimono,0,3749
alhaitham_(genshin_impact),4,3748
wrist_bow,0,3748
nia_(xenoblade),4,3748
park_bench,0,3748
leg_armor,0,3747
linked_piercing,0,3746
hoto_cocoa,4,3746
head_down,0,3741
traditional_nun,0,3741
strapless_bra,0,3740
mechanical_ears,0,3740
momosuzu_nene,4,3736
hair_lift,0,3735
dark_anus,0,3734
poke_ball_symbol,0,3733
meiji_schoolgirl_uniform,0,3732
green_bodysuit,0,3731
striped_headwear,0,3730
ankle_strap,0,3730
saotome_ranma_(male),4,3729
samurai_spirits,3,3726
hair_brush,0,3724
ryoshu_(project_moon),4,3724
nitta_minami,4,3724
year_of_the_rabbit,0,3721
ruby_rose,4,3721
yasogami_school_uniform,0,3720
strap-on,0,3720
omaru_polka,4,3718
donut_hair_bun,0,3716
anis_(nikke),4,3714
pink_gem,0,3714
single_pantsleg,0,3714
fishnet_gloves,0,3713
board_game,0,3713
holding_ice_cream_cone,0,3713
shirogane_naoto,4,3712
hiiragi_tsukasa,4,3711
fairy_(kancolle),4,3709
zero_no_tsukaima,3,3708
hyouka,3,3707
satchel,0,3706
tentacle_pit,0,3705
super_sonico,4,3705
pink_cape,0,3704
boku_wa_tomodachi_ga_sukunai,3,3703
shoulder_peek,0,3703
rotom_phone,4,3702
open_bra,0,3701
suppressor,0,3699
vertical-striped_jacket,0,3698
pink_horns,0,3698
luna_child,4,3698
male_playboy_bunny,0,3698
aqua_halo,0,3698
kirito,4,3698
exhausted,0,3696
pixiv_id,0,3696
green_bag,0,3695
white_umbrella,0,3694
bodice,0,3693
cum_on_feet,0,3691
sunny_milk,4,3690
spiked_armlet,0,3689
multiple_weapons,0,3689
azusa_(blue_archive),4,3688
jonathan_joestar,4,3688
cyclops,0,3688
satou_kazuma,4,3687
fine_fabric_emphasis,0,3686
yi_sang_(project_moon),4,3685
variations,0,3685
sports_car,0,3684
spanking,0,3684
gundam_seed_destiny,3,3684
hyur,0,3681
bomb,0,3680
umbreon,4,3680
kid_icarus_uprising,3,3679
projected_inset,0,3679
hair_on_horn,0,3678
shoulder_sash,0,3678
jack_the_ripper_(fate/apocrypha),4,3676
marker,0,3675
have_to_pee,0,3674
abigail_williams_(first_ascension)_(fate),4,3674
pink_capelet,0,3673
fighter_jet,0,3671
pov_doorway,0,3671
pikmin_(series),3,3671
molestation,0,3670
nakano_yotsuba,4,3668
bondage_outfit,0,3668
pokedex_number,0,3667
unicorn_(azur_lane),4,3666
commissioner_name,0,3665
shimada_arisu,4,3665
opening_door,0,3664
utsugi_noriyuki,4,3664
yamakaze_(kancolle),4,3662
futanari_masturbation,0,3662
face_to_breasts,0,3661
changli_(wuthering_waves),4,3661
i-19_(kancolle),4,3660
69,0,3658
blank_speech_bubble,0,3657
bikini_bottom_pull,0,3656
inflation,0,3656
shinonome_ena,4,3654
cyrene_(philia093)_(honkai:_star_rail),4,3653
mayano_top_gun_(umamusume),4,3653
hand_puppet,0,3652
crescent_print,0,3652
runami_yachiyo_(tsukuyomi),4,3649
tripping,0,3647
beamed_sixteenth_notes,0,3646
torn_leotard,0,3645
cupless_bra,0,3644
chaps,0,3641
furrification,0,3641
runny_makeup,0,3640
purple_neckerchief,0,3640
k-pop,0,3639
pinstripe_shirt,0,3638
old_woman,0,3634
see-through_legwear,0,3633
red_apron,0,3633
trick_or_treat,0,3630
grey_hairband,0,3629
green-framed_eyewear,0,3629
seigaiha,0,3627
bea_(pokemon),4,3626
arcane:_league_of_legends,3,3625
lizard_tail,0,3624
white_lily,0,3623
east_asian,0,3623
claw_ring,0,3622
drying,0,3620
multiple_swords,0,3620
prayer_beads,0,3619
lum,4,3618
koshimizu_sachiko,4,3618
tsunomaki_watame,4,3616
streamers,0,3616
wind_chime,0,3616
v-shaped_eyes,0,3615
circle_skirt,0,3613
miyu_edelfelt,4,3612
grey_bra,0,3609
head_on_hand,0,3609
holly,0,3608
mash_kyrielight_(demi-servant),4,3608
crosswalk,0,3607
blue_oak,4,3606
official_alternate_color,0,3606
folding_chair,0,3605
plate_armor,0,3605
caterpillar_tracks,0,3605
bird_on_shoulder,0,3604
broken_halo,0,3603
seaport_princess,4,3602
timestamp,0,3600
two-tone_shoes,0,3600
ainu_clothes,0,3600
coif,0,3599
excessive_pubic_hair,0,3599
two-tone_one-piece_swimsuit,0,3598
inkling_boy,4,3595
blade_(honkai:_star_rail),4,3594
gokou_ruri,4,3594
excited,0,3594
green_tail,0,3592
strawberry_print,0,3592
asuna_(school_uniform)_(blue_archive),4,3592
satonaka_chie,4,3590
2019,0,3590
kudamaki_tsukasa,4,3590
piplup,4,3590
champion's_tunic_(zelda),0,3589
soul_eater,3,3587
real_life_insert,0,3585
standing_on_liquid,0,3585
feather-trimmed_sleeves,0,3584
akigumo_(kancolle),4,3583
through_wall,0,3581
overgrown,0,3581
seele_vollerei,4,3581
naked_shoes,0,3581
mostima_(arknights),4,3580
chewing,0,3580
jinx_(league),4,3579
orange_tail,0,3577
brown_wings,0,3577
breath_weapon,0,3576
red_cross,0,3576
puckered_anus,0,3574
3d_background,0,3573
column,0,3573
blue_feathers,0,3573
mole_on_ass,0,3570
fake_facial_hair,0,3570
arima_kana,4,3569
sanya_v._litvyak,4,3568
video_camera,0,3566
railroad_tracks,0,3565
reisa_(blue_archive),4,3564
pocky_in_mouth,0,3562
wheelchair,0,3562
kotomine_kirei,4,3562
uehara_ayumu,4,3562
ugly_bastard,0,3561
anastasia_(idolmaster),4,3561
vodka_(umamusume),4,3560
natsu_(blue_archive),4,3560
jeanne_d'arc_alter_(avenger)_(fate),4,3560
basketball_(sport),0,3559
festival,0,3559
letter_hair_ornament,0,3558
hex_maniac_(pokemon_xy),4,3557
weiss_schnee,4,3556
beckoning,0,3556
hagiwara_yukiho,4,3554
d-pad,0,3552
chocolate_on_body,0,3551
pocky_day,0,3549
black_hands,0,3548
ryona,0,3548
taiyaki,0,3548
neon_lights,0,3547
screen,0,3547
cheek_press,0,3545
lion,0,3544
fresh_precure!,3,3544
blue_pajamas,0,3542
seiun_sky_(umamusume),4,3541
yixuan_(zenless_zone_zero),4,3541
sprite,0,3541
checkered_kimono,0,3540
sports_bikini,0,3538
sakurai_momoka,4,3537
spooning,0,3536
pacifier,0,3534
spoken_object,0,3533
implied_futanari,0,3533
maya_(kancolle),4,3533
grey_ribbon,0,3532
blunt_tresses,0,3532
katyusha_(girls_und_panzer),4,3532
eila_ilmatar_juutilainen,4,3530
text-only_page,0,3530
stab,0,3528
ushanka,0,3528
yoshida_yuuko,4,3528
yellow-tinted_eyewear,0,3527
pecorine_(princess_connect!),4,3527
blue_tabard,0,3527
yuki_setsuna,4,3525
the_amazing_digital_circus,3,3524
yellow_apron,0,3523
shared_scarf,0,3522
open_pants,0,3521
konohagakure_symbol,0,3520
stone_wall,0,3520
the_herta_(honkai:_star_rail),4,3519
choko_(cup),0,3519
unworn_socks,0,3518
blood_on_knife,0,3518
darkness_(konosuba),4,3515
yellow_bra,0,3515
holding_fishing_rod,0,3514
cum_on_hands,0,3513
short-sleeved_jacket,0,3513
instrument_case_on_back,0,3511
pulling,0,3510
miura_azusa,4,3509
impaled,0,3509
undone_necktie,0,3509
pov_across_table,0,3509
condom_packet_strip,0,3509
triangle_facial_mark,0,3507
multiple_condoms,0,3506
trafalgar_law,4,3505
poncho,0,3505
yoru_(chainsaw_man),4,3505
yellow_armband,0,3504
ink,0,3503
nikaido_hiro,4,3502
lettuce,0,3502
star_sticker,0,3501
game_screenshot_inset,0,3500
tail_bell,0,3499
hand_on_own_shoulder,0,3499
nail_art,0,3498
cross-laced_shoes,0,3496
hollow_eyes,0,3495
unworn_boots,0,3493
love_and_deepspace,3,3492
mahou_sensei_negima!,3,3492
hibiki_(blue_archive),4,3492
eternal_return:_black_survival,3,3492
lana_(pokemon),4,3491
curtain_grab,0,3491
prosthetic_leg,0,3491
mega_man_zx,3,3490
orange_choker,0,3490
chisa_(wuthering_waves),4,3490
sweet_potato,0,3489
column_lineup,0,3488
shinrabanshou,3,3487
harukawa_maki,4,3487
glaceon,4,3485
tam_o'_shanter,0,3484
boruto:_naruto_next_generations,3,3484
aisaka_taiga,4,3482
pokemon_journeys,3,3480
crt,0,3480
street_fighter_zero_(series),3,3479
print_jacket,0,3478
crew_neck,0,3477
intravenous_drip,0,3477
kicchou_yachie,4,3475
orange_halo,0,3475
volleyball_uniform,0,3474
clawed_gauntlets,0,3473
concert,0,3471
oberon_(fate),4,3471
spread_wings,0,3471
wisteria,0,3469
frilled_sailor_collar,0,3468
hakama_shorts,0,3467
elizabeth_bathory_(fate),4,3467
mace,0,3467
hand_on_another's_leg,0,3466
year_of_the_tiger,0,3465
cardigan_around_waist,0,3465
nian_(arknights),4,3463
skull_earrings,0,3463
kuchiki_rukia,4,3462
final_fantasy_viii,3,3460
holding_megaphone,0,3459
tennis_uniform,0,3457
bilingual_text,0,3456
ram_(re:zero),4,3454
foliage,0,3453
overlord_(maruyama),3,3452
mercy_(overwatch),4,3452
coin_on_string,0,3452
burnice_white,4,3450
monkey,0,3450
project_voltage,3,3450
surprise_kiss,0,3449
pole_dancing,0,3448
hand_on_own_neck,0,3448
truck,0,3443
german_clothes,0,3443
nitocris_(fate),4,3440
nengajou,0,3439
bat_girl,0,3439
dotted_line,0,3438
yu-gi-oh!_5d's,3,3438
jimiko,0,3437
melusine_(fate),4,3437
undressing_another,0,3436
barnaby_brooks_jr.,4,3435
twincest,0,3435
sweatband,0,3434
yugake,0,3433
hair_through_headwear,0,3433
pokemon_on_head,0,3432
chasing,0,3430
rotational_symmetry,0,3429
yagami_hayate,4,3429
dizzy_(guilty_gear),4,3429
frilled_leotard,0,3427
ayanami_(azur_lane),4,3426
untied_panties,0,3426
mega_gardevoir,4,3426
necktie_grab,0,3424
ouro_kronii_(1st_costume),4,3424
fushiguro_megumi,4,3423
sakura_miku,4,3423
horns_through_headwear,0,3423
oboro_(kancolle),4,3421
sunflower_hair_ornament,0,3420
amber_(genshin_impact),4,3420
after_paizuri,0,3419
camellia,0,3417
pie,0,3417
azumanga_daioh,3,3414
youkai_(youkai_watch),0,3414
imminent_fellatio,0,3414
oversized_food,0,3413
floating_headgear,0,3413
blood_on_arm,0,3411
open-chest_sweater,0,3410
iskandar_(fate),4,3409
orange_vest,0,3408
death_note,3,3405
shark_hood,0,3405
product_placement,0,3404
yellow_tail,0,3403
professor_niyaniya_(blue_archive),4,3402
priest,0,3401
holding_chocolate,0,3401
fire_emblem_echoes:_shadows_of_valentia,3,3401
maria-sama_ga_miteru,3,3400
tokyo_ghoul,3,3398
plant_girl,0,3397
patterned_hair,0,3396
inui_toko,4,3395
fishing,0,3394
wrestling,0,3392
cookie_run:_kingdom,3,3390
see-through_jacket,0,3390
venus_symbol,0,3390
mimikaki,0,3390
baseball_mitt,0,3389
shadow_the_hedgehog,4,3385
i-58_(kancolle),4,3384
tail_around_own_leg,0,3382
anilingus,0,3380
potion,0,3378
dark_aura,0,3377
kamado_nezuko,4,3376
holding_unworn_jacket,0,3376
senjougahara_hitagi,4,3375
umamusume:_cinderella_gray,3,3373
._.,0,3373
sig_sauer,0,3373
ring_hair_extensions,0,3373
prehensile_tail,0,3373
group_name,0,3373
awa_subaru,4,3371
briefs,0,3370
voice_actor,0,3370
z1_leberecht_maass_(kancolle),4,3370
amy_rose,4,3369
ribbon_in_braid,0,3367
elbow_carry,0,3367
cheering,0,3367
holding_beachball,0,3367
hairdressing,0,3367
open_window,0,3367
animal_hug,0,3366
digging_your_own_grave,0,3366
jougasaki_rika,4,3364
black_arm_warmers,0,3364
broken_heart,0,3364
ghost_costume,0,3363
ballerina,0,3362
checkered_necktie,0,3362
striped_gloves,0,3362
chando_(ado),4,3361
common_raccoon_(kemono_friends),4,3361
peroro_(blue_archive),4,3360
destruction,0,3358
bud,0,3356
sticker_(medium),0,3355
bear_boy,0,3355
laios_touden,4,3353
lyrics,0,3352
waver_velvet,4,3352
panty_(psg),4,3351
purple_veil,0,3351
crotch_plate,0,3350
pyonta,4,3347
holding_burger,0,3347
simple_bird,0,3346
gun_sling,0,3346
tablecloth,0,3345
dynamax_band,0,3345
fate/prototype,3,3344
cross-laced_sleeves,0,3343
bad_hands,0,3343
atlanta_(kancolle),4,3343
nichijou,3,3340
endministrator_(arknights),4,3340
rabbit_hole_(vocaloid),3,3339
hanako_(swimsuit)_(blue_archive),4,3339
aemeath_(wuthering_waves),4,3339
twitter_x_logo,0,3339
holding_notebook,0,3338
pussy_juice_puddle,0,3334
kaburagi_t._kotetsu,4,3334
doyagao,0,3334
half-siblings,0,3332
spider_girl,0,3332
gym_storeroom,0,3331
collared_vest,0,3331
two-tone_bowtie,0,3330
deer,0,3330
saki_(blue_archive),4,3330
d-pad_hair_ornament,0,3330
sweaty_breasts,0,3329
gengar,4,3328
grand_piano,0,3327
open_skirt,0,3326
lop_rabbit_ears,0,3326
masturbation_through_clothes,0,3324
shigure_ui_(vtuber),4,3323
houjou_satoko,4,3323
star_ornament,0,3323
sex_machine,0,3322
twin_turbo_(umamusume),4,3322
chibikemo,0,3320
usekh_collar,0,3320
when_you_see_it,0,3320
hands_on_headwear,0,3320
whispering,0,3319
kel_(faraway)_(omori),4,3319
futa_with_futa,0,3318
palms,0,3318
mother_(series),3,3315
futari_wa_precure,3,3313
diving_mask,0,3313
illustrious_(azur_lane),4,3313
trickcal,3,3312
sword_over_shoulder,0,3312
striped_hairband,0,3312
pith_helmet,0,3312
kanna_kamui,4,3312
princess_daisy,4,3312
treasure_chest,0,3311
ninomae_ina'nis_(1st_costume),4,3311
chocolate_bar,0,3311
convenient_arm,0,3310
long_beard,0,3310
crest,0,3309
tokitsukaze_(kancolle),4,3309
holding_drink_carton,0,3308
bath_yukata,0,3308
senran_kagura_new_link,3,3307
single_vertical_stripe,0,3305
taihou_(kancolle),4,3305
double_w,0,3304
girlfriend_(kari),3,3302
on_motorcycle,0,3302
vertical-striped_background,0,3299
eishin_flash_(umamusume),4,3298
blue_tank_top,0,3298
stepped_on,0,3295
juban,0,3294
waist_sash,0,3293
green_pupils,0,3293
layered_shirt,0,3292
half_up_half_down_braid,0,3291
wizarding_world,3,3289
asakura_toru,4,3289
yellow_bodysuit,0,3288
anti-materiel_rifle,0,3288
zack_fair,4,3287
super_robot,0,3287
calico_(pattern),0,3286
sakayori_iroha_(tsukuyomi),4,3286
paint_palette,0,3285
grey_nails,0,3284
warship,0,3284
lilith_(darkstalkers),4,3280
against_tree,0,3280
kirima_syaro,4,3280
notepad,0,3279
frisk_(undertale),4,3279
licking_another's_face,0,3279
rectangular_mouth,0,3278
skirt_around_one_leg,0,3278
gate,0,3277
prehensile_hair,0,3277
projectile_lactation,0,3276
between_thighs,0,3275
off-shoulder_jacket,0,3274
hilbert_(pokemon),4,3274
little_busters!_school_uniform,0,3274
unworn_bag,0,3273
z3_max_schultz_(kancolle),4,3271
o-ring_belt,0,3271
single_braided_sidelock,0,3271
beatrice_(umineko),4,3269
caution_tape,0,3268
single_garter_strap,0,3267
red_border,0,3267
kara_no_kyoukai,3,3266
scar_on_mouth,0,3266
eastern_dragon_tail,0,3266
cross_tie,0,3265
wonderful_precure!,3,3265
green_headband,0,3265
white_butterfly,0,3264
black_swan_(honkai:_star_rail),4,3263
chaos;head,3,3261
on_stool,0,3260
blue_veil,0,3259
resident_evil_4,3,3259
official_art_inset,0,3258
p-head_producer,4,3258
breathing_fire,0,3257
holding_vegetable,0,3256
fumo_(doll),0,3256
kanon,3,3256
used_tissue,0,3256
failure,0,3254
absurdly_detailed_composition,0,3253
agnes_digital_(umamusume),4,3252
22/7,3,3251
m4_carbine,0,3250
sword_of_hisou,0,3250
akizuki_ritsuko,4,3250
heart_tail,0,3249
snap-fit_buckle,0,3249
pearl_bracelet,0,3249
split_ponytail,0,3248
nanashi_mumei_(1st_costume),4,3247
spandex,0,3246
scaramouche_(harbinger)_(genshin_impact),4,3245
matsuura_kanan,4,3243
gigi_murin,4,3242
cetacean_tail,0,3240
core_crystal_(xenoblade),0,3238
bolo_tie,0,3238
tennis_racket,0,3237
takane_lui,4,3237
blindfold_mask,0,3237
ribbon_bondage,0,3236
watson_amelia_(1st_costume),4,3236
missile,0,3236
mihoyo,3,3235
emil_chronicle_online,3,3234
lace_choker,0,3233
party_popper,0,3233
fake_magazine_cover,0,3232
holographic_interface,0,3231
simplified_chinese_text,0,3231
kettle,0,3231
swim_briefs,0,3231
onesie,0,3231
viera,0,3230
holding_stylus,0,3229
2018,0,3228
single_epaulette,0,3227
jeanne_d'arc_(ruler)_(fate),4,3227
holding_violin,0,3227
pine_tree,0,3226
train_station,0,3226
red_sandals,0,3225
kigurumi,0,3222
shun_(blue_archive),4,3222
rabbit-shaped_pupils,0,3222
bulbasaur,4,3221
mismatched_sleeves,0,3221
carmine_(pokemon),4,3221
holostars_english,3,3220
sirius_symboli_(umamusume),4,3220
character_charm,0,3219
mini-hakkero,0,3217
skull_mask,0,3217
juice,0,3217
luigi,4,3213
ketchup,0,3213
pointless_condom,0,3213
buttjob,0,3212
lelouch_vi_britannia,4,3212
calendar_(medium),0,3210
yuri!!!_on_ice,3,3210
print_bra,0,3209
stuffed_shark,0,3208
love_letter,0,3207
applying_makeup,0,3206
x_x,0,3205
qiqi_(genshin_impact),4,3205
holding_saucer,0,3204
warspite_(kancolle),4,3204
manga_cover,0,3202
arm_above_head,0,3201
eous_(zenless_zone_zero),4,3199
go!_princess_precure,3,3198
evangelion:_2.0_you_can_(not)_advance,3,3197
official_alternate_eye_color,0,3196
green_belt,0,3196
wheel,0,3195
cross-laced_top,0,3195
window_(computing),0,3194
closers,3,3194
grey_tank_top,0,3194
green_cloak,0,3192
cinderella_(nikke),4,3192
implied_yaoi,0,3191
meandros,0,3190
arms_around_another's_waist,0,3190
stone_floor,0,3190
sangvis_ferri,0,3189
panda_ears,0,3188
fallen_down,0,3188
nia_teppelin,4,3188
twitter,3,3187
brown_hoodie,0,3187
cursor,0,3186
viewer_holding_phone,0,3186
reizei_mako,4,3186
i-401_(kancolle),4,3185
vegeta,4,3184
kaname_raana,4,3183
takakura_ken_(dandadan),4,3183
wa2000_(girls'_frontline),4,3183
christmas_lights,0,3183
maekawa_miku,4,3182
diagonal-striped_background,0,3182
low_side_ponytail,0,3182
natsuki_subaru,4,3182
multicolored_boots,0,3181
kiyohime_(fate),4,3180
severed_head,0,3179
yagasuri,0,3178
sidepec,0,3178
holding_own_tail,0,3178
purple_pupils,0,3177
wiping_tears,0,3176
yoisaki_kanade,4,3176
pokemon_gold/silver/crystal,3,3175
higashiyama_kobeni,4,3175
aoba_(kancolle),4,3175
sleeveless_hoodie,0,3174
large_insertion,0,3173
sheryl_nome,4,3171
snow_leopard_ears,0,3171
ikkitousen,3,3170
picnic_basket,0,3170
single_strap,0,3170
object_through_head,0,3168
male_byleth_(fire_emblem),4,3168
komi-san_wa_komyushou_desu,3,3167
snake_girl,0,3167
oshiro_project:re,3,3167
ring_hair_ornament,0,3166
sayonara_zetsubou_sensei,3,3166
final_fantasy_vii:_advent_children,3,3165
kouzuki_kallen,4,3165
holding_envelope,0,3164
guiding_hand,0,3164
camouflage_jacket,0,3164
presenting_own_ass,0,3163
jungle_pocket_(umamusume),4,3163
off-shoulder_bikini,0,3162
delinquent,0,3160
skyla_(pokemon),4,3160
camouflage_pants,0,3160
still_in_love_(umamusume),4,3158
spine,0,3158
inuyasha,3,3156
bandaged_chest,0,3156
super_creek_(umamusume),4,3156
fourth_east_high_school_uniform,0,3156
inoue_orihime,4,3156
kissing_forehead,0,3155
gatling_gun,0,3154
grey_bikini,0,3153
single_stripe,0,3153
kuma_(kancolle),4,3152
bandana_around_neck,0,3152
kumano_(kancolle),4,3152
floral_print_bikini,0,3151
white_leggings,0,3151
st._gloriana's_school_uniform,0,3150
missing_wings,0,3149
fusou_(kancolle),4,3149
aqua_hat,0,3148
yurigaoka_girls_academy_school_uniform,0,3148
air_conditioner,0,3146
yellow_border,0,3144
sunburst_background,0,3142
gibson_les_paul,0,3141
caressing_testicles,0,3140
mika_(girls_und_panzer),4,3140
kaenbyou_rin_(cat),4,3138
mori_calliope_(1st_costume),4,3138
micro_panties,0,3137
diamond_hair_ornament,0,3137
danganronpa_3_(anime),3,3134
grimms_notes,3,3133
head_bump,0,3132
holding_hose,0,3132
fennec_(kemono_friends),4,3127
spiked_halo,0,3127
skateboard,0,3126
yes!_precure_5,3,3126
single_breast_curtain,0,3125
boko_(girls_und_panzer),4,3124
monster_energy,0,3123
expressive_hair,0,3122
pavement,0,3121
moria_luluka,4,3120
dominatrix,0,3120
spider-verse,3,3119
crotch_rub,0,3114
kaeya_(genshin_impact),4,3113
two-tone_horns,0,3112
lan_wangji,4,3112
dust_cloud,0,3111
make_heroine_ga_oo_sugiru!,3,3111
plap,0,3110
phoebe_(wuthering_waves),4,3107
ceras_yanagida_lilienfeld,4,3107
no_testicles,0,3102
square_neckline,0,3101
purple_butterfly,0,3101
lyrica_prismriver,4,3099
looking_at_breasts,0,3099
suspended_congress,0,3098
chinese_hairpin,0,3096
open_belt,0,3096
inugami_korone_(1st_costume),4,3095
hanami_ume,4,3094
tube,0,3094
syrup,0,3092
leaf_(pokemon),4,3091
rider_belt,0,3090
zero_(mega_man),4,3090
shared_umbrella,0,3090
yukine_chris,4,3089
shallow_water,0,3089
half_mask,0,3088
happinesscharge_precure!,3,3088
haruka_(blue_archive),4,3087
leather_gloves,0,3086
fur-trimmed_legwear,0,3086
ashigara_(kancolle),4,3085
arthropod_limbs,0,3085
honkai_gakuen,3,3085
dwarf,0,3085
orange_belt,0,3085
jujutsu_tech_uniform,0,3084
astra_yao,4,3082
fingering_through_clothes,0,3080
shakugan_no_shana,3,3080
stroking_own_chin,0,3079
holding_drumsticks,0,3079
hilda_valentine_goneril,4,3077
charlotte_(madoka_magica),4,3075
brown_sleeves,0,3075
fake_mustache,0,3074
kris_(dark_world)_(deltarune),4,3072
instant_cup_noodles,0,3071
striker_unit,0,3071
gold_ship_(red_strife)_(umamusume),4,3070
tissue,0,3070
oversized_wings,0,3070
sideless_kimono,0,3069
drill_ponytail,0,3068
nekomata_okayu_(1st_costume),4,3068
persona_3_portable,3,3067
n_(pokemon),4,3067
shiratsuyu_(kancolle),4,3066
two-tone_cape,0,3065
kurosawa_dia,4,3063
mankanshoku_mako,4,3062
sparkling_aura,0,3062
mark_under_both_eyes,0,3061
dixie_cup_hat,0,3061
presenting_own_pussy,0,3061
unworn_bikini_top,0,3060
merlin_prismriver,4,3059
kurosaki_ichigo,4,3059
mechanical_eyes,0,3056
painting_(action),0,3056
c:,0,3054
vibrator_cord,0,3054
large_nose,0,3053
sunday_(honkai:_star_rail),4,3051
ike_(fire_emblem),4,3050
hayakawa_aki,4,3049
viewer_holding_leash,0,3048
naked_sheet,0,3048
shimaidon,0,3048
pink_ascot,0,3048
blending,0,3047
aigis_(persona),4,3047
metal_skin,0,3046
sora_harewataru,4,3045
hoshino_(swimsuit)_(blue_archive),4,3045
multi-strapped_bikini_top,0,3045
zeon,0,3044
kimi_no_koto_ga_dai_dai_dai_dai_daisuki_na_100-nin_no_kanojo,3,3044
chef,0,3043
kagerou_(kancolle),4,3043
birthmark,0,3042
uzuki_(kancolle),4,3042
tsumiki_mikan,4,3041
no_eyebrows,0,3041
tight_dress,0,3040
mask_around_neck,0,3039
underbutt,0,3039
promare,3,3039
handkerchief,0,3038
albedo_(genshin_impact),4,3037
florian_(pokemon),4,3037
tomoe_gozen_(fate),4,3037
park,0,3036
harem_pants,0,3035
satsuki_(kancolle),4,3035
vaporeon,4,3034
shorts_under_dress,0,3034
cat_day,0,3034
voyeurism,0,3034
mogami_(kancolle),4,3033
bunny_day,0,3033
sitting_in_tree,0,3033
vertin_(reverse:1999),4,3032
kamijou_touma,4,3032
garden,0,3032
cactus,0,3031
blue_sports_bra,0,3031
hand_rest,0,3031
pink_wrist_cuffs,0,3030
weighing_scale,0,3029
lighter,0,3028
kitchen_knife,0,3028
thick_mustache,0,3027
warcraft,3,3027
teacher_and_student,0,3026
poptepipic,3,3026
blonde_pubic_hair,0,3026
cat_on_head,0,3025
dantsu_flame_(umamusume),4,3022
takeba_yukari,4,3021
grabbing_another's_chin,0,3021
dolphin,0,3021
rope_belt,0,3020
lyn_(fire_emblem),4,3020
plume,0,3018
year_of_the_ox,0,3018
boobplate,0,3018
yellow_sky,0,3016
ginkgo_leaf,0,3014
urakaze_(kancolle),4,3014
magical_mirai_(vocaloid),3,3013
cooperative_paizuri,0,3012
volleyball_(object),0,3011
izumi_sagiri,4,3009
hands_on_own_ass,0,3008
mark_under_eye,0,3008
spitting,0,3007
laser,0,3006
soulcalibur,3,3006
ukinami_yuzuha,4,3005
berry,0,3005
orange_pantyhose,0,3005
object_focus,0,3005
purple_scrunchie,0,3004
veranda,0,3003
lotion_bottle,0,3000
novel_cover,0,2999
tiered_tray,0,2998
blue_lock,3,2998
diving_suit,0,2998
air_groove_(umamusume),4,2995
ferris_wheel,0,2995
sakamata_chloe_(1st_costume),4,2995
flower_necklace,0,2995
tighnari_(genshin_impact),4,2994
sonia_(pokemon),4,2994
pink_sky,0,2993
drum_set,0,2993
centaur,0,2993
alternate_breast_size_(smaller),0,2992
yuigaoka_school_uniform,0,2992
left-to-right_manga,0,2990
stained_panties,0,2990
dark_souls_i,3,2989
height,0,2988
gundam_zz,3,2988
breasts_on_head,0,2987
unzan,4,2986
cowboy_western,0,2984
setsubun,0,2984
crossbow,0,2982
pixiv_logo,0,2982
specter_(arknights),4,2981
circle_cut,0,2981
kappougi,0,2981
neuvillette_(genshin_impact),4,2977
symmetry,0,2976
hayami_kanade,4,2976
reins,0,2976
club_(shape),0,2975
ribbon-trimmed_dress,0,2975
aria_(zenless_zone_zero),4,2975
sidecut,0,2975
naginata,0,2975
shihouin_yoruichi,4,2974
robot_animal,0,2974
nike_(company),0,2973
bowing,0,2972
green_wings,0,2972
strawberry_hair_ornament,0,2972
bouncing_ass,0,2971
lyra_(pokemon),4,2970
lace_gloves,0,2970
seia_(swimsuit)_(blue_archive),4,2970
watermelon_slice,0,2970
transparent_wings,0,2970
mega_stone,0,2969
brave_witches,3,2969
acoustic_guitar,0,2968
mash_kyrielight_(dangerous_beast),4,2968
argyle_thighhighs,0,2966
mon-musu_quest!,3,2965
box_of_chocolates,0,2965
fate/samurai_remnant,3,2965
spread_pussy_under_clothes,0,2964
impossible_swimsuit,0,2964
huge_testicles,0,2963
twitter_strip_game,0,2962
matikanetannhauser_(umamusume),4,2962
aqua_gem,0,2961
unworn_sandals,0,2961
pointing_out_the_details,0,2961
monokuma,4,2961
android_18,4,2959
denim_jacket,0,2958
working!!,3,2958
mitaka_asa,4,2957
hanekawa_tsubasa,4,2956
camilla_(fire_emblem),4,2956
happi,0,2956
missing_tail,0,2955
kiyoshimo_(kancolle),4,2955
laffey_(azur_lane),4,2954
himari_(blue_archive),4,2953
gladiator_sandals,0,2953
wiping_face,0,2952
stadium,0,2950
hatsuyuki_(kancolle),4,2950
bird_boy,0,2950
flashlight,0,2949
phonograph,0,2949
brushing_teeth,0,2948
flower_in_eye,0,2947
grenade_pin,0,2947
icing,0,2947
shuuchiin_academy_school_uniform,0,2945
ear_wiggle,0,2945
told_you_not_to_do_that,0,2944
meisho_doto_(umamusume),4,2944
tree_stump,0,2944
on_rock,0,2943
cotton_candy,0,2943
basil_(headspace)_(omori),4,2940
grass_wonder_(umamusume),4,2938
2016,0,2938
sunflower_field,0,2937
frilled_ascot,0,2937
tent,0,2935
hand_on_another's_hand,0,2935
the_legend_of_luo_xiaohei,3,2935
round_table,0,2934
orange_sweater,0,2934
shiori_novella_(1st_costume),4,2934
sperm_cell,0,2933
split_screen,0,2932
cross_halo,0,2932
katsushika_hokusai_(fate),4,2931
2017,0,2930
jintsuu_(kancolle),4,2926
takamaki_ann,4,2925
cat_teaser,0,2925
grey_wings,0,2924
fur_cape,0,2923
strongman_waist,0,2922
lily_of_the_valley,0,2922
shoulder_blush,0,2922
high-waist_belt,0,2921
alice_thymefield,4,2919
rapi_(nikke),4,2919
analog_clock,0,2918
dragon_ball_(classic),3,2916
black_umbrella,0,2915
puppet_strings,0,2915
ballet_slippers,0,2914
yuutenji_nyamu,4,2913
invisible_floor,0,2912
mole_on_stomach,0,2911
futami_mami,4,2909
vertical-striped_pants,0,2909
load-bearing_vest,0,2907
heathcliff_(project_moon),4,2905
checkerboard_cookie,0,2905
isekaijoucho,4,2905
rainbow_order,0,2903
hyuuga_(kancolle),4,2902
espeon,4,2901
ooarai_military_uniform,0,2901
completely_unamused,0,2901
emiya_kiritsugu,4,2901
tachibana_kanade,4,2900
cecilia_immergreen,4,2900
blunt_sidelocks,0,2900
family_bonding,0,2899
portrait_(object),0,2899
saratoga_(kancolle),4,2898
short_tail,0,2897
yang_xiao_long,4,2897
midorikawa_nao,4,2896
long_nose,0,2896
ankh,0,2895
parallel_piercings,0,2894
yume_nikki,3,2894
sword_art_online:_alicization,3,2894
loungewear,0,2893
holding_letter,0,2893
my_melody_(series),3,2892
drawing_sword,0,2892
brown_bikini,0,2891
unworn_gloves,0,2890
dodoco_(genshin_impact),4,2889
flower_brooch,0,2889
shiomi_kotone,4,2888
chitanda_eru,4,2888
kanroji_mitsuri,4,2887
mimikyu,4,2886
m.u.g.e.n,3,2885
akai_haato,4,2884
hand_on_ground,0,2884
mizuno_ami,4,2884
large_hands,0,2884
hikarizaka_private_high_school_uniform,0,2883
tanabata,0,2882
compound_eyes,0,2882
mob_psycho_100,3,2880
futa_without_pussy,0,2879
tales_of_the_abyss,3,2878
antique_phone,0,2877
covered_penis,0,2876
ame-chan_(needy_girl_overdose),4,2875
square-end_necktie,0,2874
hatsuzuki_(kancolle),4,2874
mr._c.b._(umamusume),4,2874
toji_no_miko,3,2873
kise_yayoi,4,2873
wooden_sword,0,2872
sweaty_clothes,0,2871
pancake_stack,0,2870
miyafuji_yoshika,4,2870
todoroki_shoto,4,2869
kujikawa_rise,4,2868
soap,0,2868
hanbok,0,2868
kousaka_kirino,4,2868
crime_prevention_buzzer,0,2867
michishio_(kancolle),4,2867
holding_jewelry,0,2866
in_food,0,2866
kirlia,4,2865
holding_bucket,0,2865
holding_ribbon,0,2865
hair_in_own_mouth,0,2864
bikesuit,0,2863
kurosawa_ruby,4,2863
extra_mouth,0,2863
carrying_under_arm,0,2863
green_sweater_vest,0,2862
high_priest_(ragnarok_online),4,2862
dirndl,0,2862
food-themed_earrings,0,2861
black_eyeshadow,0,2861
screw,0,2861
female_robin_(fire_emblem),4,2860
cucumber,0,2860
orange_boots,0,2860
floating_weapon,0,2859
shiina_yuika,4,2859
convenient_tail,0,2859
isokaze_(kancolle),4,2859
dante_(devil_may_cry),4,2858
holding_creature,0,2858
power_symbol-shaped_pupils,0,2857
crescent_facial_mark,0,2857
team_rocket_uniform,0,2856
haro,4,2856
rainbow_gradient,0,2855
yahagi_(kancolle),4,2855
bandaged_wrist,0,2854
2015,0,2854
offering_hand,0,2853
kaga_(azur_lane),4,2853
dress_tug,0,2852
fireplace,0,2852
hand_on_own_forehead,0,2852
log,0,2851
sheet_music,0,2851
centauroid,0,2850
sendai_kai_ni_(kancolle),4,2848
hanging,0,2848
partially_underwater_shot,0,2847
yuffie_kisaragi,4,2846
mortis_(bang_dream!),4,2846
master_sword,0,2844
bowl_hat,0,2844
girls'_frontline_neural_cloud,3,2842
saten_ruiko,4,2842
stark_(sousou_no_frieren),4,2842
aria_(manga),3,2842
barghest_(fate),4,2841
pocky_kiss,0,2841
accelerator_(toaru_majutsu_no_index),4,2841
christmas_present,0,2841
lusamine_(pokemon),4,2840
character_age,0,2840
osaka_shizuku,4,2839
vertical-striped_shorts,0,2838
haruna_(blue_archive),4,2838
non-human_admiral_(kancolle),4,2838
raphtalia,4,2837
takoyaki,0,2835
ju_fufu,4,2835
kunikida_hanamaru,4,2835
tippy_(gochiusa),4,2835
ohtsuki_yui,4,2834
johnny_joestar,4,2834
multiple_necklaces,0,2833
stove,0,2833
harusame_(kancolle),4,2833
ump9_(girls'_frontline),4,2831
shirt_under_shirt,0,2830
genderswap_(otf),0,2829
shinjou_akane,4,2827
dante_(limbus_company),4,2827
unryuu_(kancolle),4,2827
pants_rolled_up,0,2826
yellow_leotard,0,2826
sessyoin_kiara,4,2825
cupping_hands,0,2825
forehead_tattoo,0,2825
skadi_the_corrupting_heart_(arknights),4,2825
chemical_structure,0,2824
breath_of_fire,3,2824
popcorn,0,2824
aqua_theme,0,2823
graveyard,0,2823
pussy_piercing,0,2822
takasaki_yu,4,2822
single_wrist_cuff,0,2820
boned_meat,0,2818
cockpit,0,2818
hidamari_sketch,3,2818
nangong_yu,4,2818
colored_nipples,0,2818
unicorn,0,2817
aqua_panties,0,2816
tarot_(medium),0,2816
two-tone_halo,0,2816
v_over_mouth,0,2815
raised_fist,0,2815
final_fantasy_x,3,2815
single_bare_foot,0,2814
thick_beard,0,2814
makinami_mari_illustrious,4,2813
yes-no_pillow,0,2813
green_pantyhose,0,2813
after_rape,0,2812
clorinde_(genshin_impact),4,2812
wiping_sweat,0,2812
blue_hood,0,2812
cable_tail,0,2811
akuma_homura,4,2811
angel_and_devil,0,2810
hoshimachi_suisei_(1st_costume),4,2810
hydrokinesis,0,2809
orfevre_(umamusume),4,2805
jeanne_d'arc_alter_(swimsuit_berserker)_(fate),4,2805
berserk,3,2805
two-tone_scarf,0,2805
vedal_ai,3,2804
zundamon,4,2803
union_jack,0,2802
back_focus,0,2801
lysithea_von_ordelia,4,2801
chat_log,0,2800
eyelid_pull,0,2800
double_fox_shadow_puppet,0,2799
enterprise_(azur_lane),4,2798
fluffy_tail,0,2798
single_horizontal_stripe,0,2798
cumdrip_from_penis,0,2798
full-length_zipper,0,2797
hooded_sweater,0,2797
button_eyes,0,2797
full-package_futanari,0,2795
halberd,0,2794
sideless_dress,0,2794
ofuda_on_head,0,2793
purple_cardigan,0,2793
flower_on_head,0,2792
kasumi_kai_ni_(kancolle),4,2792
determined,0,2792
erica_hartmann,4,2792
nakayama_festa_(umamusume),4,2792
sidewalk,0,2791
pearl_hair_ornament,0,2790
forehead-to-forehead,0,2790
final_fantasy_iv,3,2790
condom_belt,0,2788
tamamo_cat_(fate),4,2787
fukumaru_koito,4,2787
spray_can,0,2786
senpai_ga_uzai_kouhai_no_hanashi,3,2784
little_red_riding_hood_(fairy_tale),3,2784
grabbing_another's_shirt,0,2784
pointed_crown,0,2783
origami,0,2782
corrupted_halo,0,2781
akagi_miria,4,2781
flock,0,2780
pokemon_on_shoulder,0,2779
pointer,0,2779
hachimiya_meguru,4,2777
toutetsu_yuuma,4,2776
himemori_luna,4,2776
pectoral_grab,0,2775
doki_doki_literature_club_school_uniform,0,2775
blood_on_ground,0,2775
lube,0,2774
belt_bra,0,2773
hand_focus,0,2772
commander_(nikke),4,2772
reptile_girl,0,2771
mechanical_pencil,0,2770
you're_doing_it_wrong,0,2769
sakata_gintoki,4,2769
harvin,0,2769
sprigatito,4,2769
chara_(undertale),4,2768
trash_bag,0,2768
thread,0,2768
spiked_tail,0,2766
shards,0,2766
tales_of_symphonia,3,2765
takao_(azur_lane),4,2765
momo_(nikki),4,2764
komano_aunn,4,2763
gran_(granblue_fantasy),4,2762
phallic_symbol,0,2762
hands_on_own_stomach,0,2762
tempura,0,2762
9s_(nier:automata),4,2761
shantae_(series),3,2761
dragon_quest_iv,3,2761
candy_hair_ornament,0,2760
tri_tails,0,2758
superman_(series),3,2757
ramune,0,2756
morpeko,4,2754
sana_channel,3,2754
mixing_bowl,0,2754
two-tone_thighhighs,0,2753
red_cardigan,0,2751
sakura_futaba,4,2751
squid,0,2750
dumbbell,0,2750
normal_suit_(gundam),0,2750
narita_brian_(umamusume),4,2749
harry_potter_(series),3,2749
cheek_squash,0,2748
nero_claudius_(fate/extra),4,2748
grey_capelet,0,2747
japanese_flag,0,2746
sitting_on_object,0,2746
helicopter,0,2746
shin_guards,0,2746
cross_pasties,0,2745
fireflies,0,2745
ritual_baton,0,2745
sweet_lolita,0,2745
vignetting,0,2744
brown_halo,0,2741
kotonoha_akane,4,2741
brendan_(pokemon),4,2740
heart_collar,0,2740
geto_suguru,4,2739
sunscreen,0,2736
wooden_chair,0,2736
navia_(genshin_impact),4,2734
shiba_inu,0,2734
brown_border,0,2734
mari_(track)_(blue_archive),4,2732
magical_mirai_miku,4,2732
natori_sana,4,2732
yuzuki_choco,4,2731
atelier_ryza_1,3,2731
fou_(fate),4,2731
collared_capelet,0,2727
kurokoma_saki,4,2727
live_a_hero,3,2727
frilled_jacket,0,2726
tales_of_xillia,3,2725
hanamura_yousuke,4,2725
miyamasuzaka_girls'_academy_school_uniform,0,2724
doctor,0,2722
grid_teeth,0,2722
torn_scarf,0,2721
pokemon_the_series:_xy,3,2719
hospital_bed,0,2719
two-tone_hat,0,2719
brown_dust_(series),3,2718
mismatched_eyebrows,0,2717
gauze_on_face,0,2716
full_page_comic,0,2715
holding_riding_crop,0,2715
spider-man,4,2715
floral_print_dress,0,2714
toshinou_kyouko,4,2714
coffin,0,2713
ribbed_sleeves,0,2713
jack-o'_challenge,0,2713
two-tone_hoodie,0,2713
rolling_suitcase,0,2712
gauze_on_cheek,0,2711
ryougi_shiki,4,2711
kaveh_(genshin_impact),4,2709
tail_piercing,0,2709
ootori_emu,4,2708
frog_print,0,2708
brown_choker,0,2706
multicolored_hat,0,2706
fff_threesome,0,2706
rayman_limbs,0,2705
cow_boy,0,2705
tokidoki_bosotto_roshia-go_de_dereru_tonari_no_alya-san,3,2705
y2k_fashion,0,2703
evernight_(honkai:_star_rail),4,2702
huge_bow,0,2700
akitsu_maru_(kancolle),4,2700
seiken_densetsu,3,2700
bear_print,0,2700
st._gloriana's_military_uniform,0,2699
droopy_ears,0,2699
red_robe,0,2699
ia_(vocaloid),4,2697
milking_machine,0,2697
reindeer_costume,0,2697
jacket_over_hoodie,0,2696
x_mouth,0,2694
snake_hair,0,2693
holding_ofuda,0,2692
kagari_atsuko,4,2692
tail_ring,0,2691
chinstrap,0,2691
black_bandeau,0,2691
asymmetrical_dual_wielding,0,2690
naked_cape,0,2690
mahou_shoujo_ni_akogarete,3,2687
armpit_cutout,0,2687
flower_choker,0,2686
full-body_tattoo,0,2684
black_trim,0,2684
yellow_butterfly,0,2684
clover_print,0,2683
pizza_slice,0,2683
budget_sarashi,0,2682
sausage,0,2682
kissing_hand,0,2681
role_reversal,0,2681
hayate_no_gotoku!,3,2679
before_and_after,0,2678
shorekeeper_(wuthering_waves),4,2676
dragon_quest_xi,3,2675
tumblr_username,0,2675
ningguang_(genshin_impact),4,2672
holding_cake,0,2671
pants_tucked_in,0,2670
two-tone_coat,0,2669
year_of_the_snake,0,2669
taigei_(kancolle),4,2669
yura_(kancolle),4,2668
drill,0,2668
flower_hairclip,0,2668
cleaning,0,2667
hatsune_miku_(cosplay),0,2667
theresa_apocalypse,4,2667
high_kick,0,2666
accidental_exposure,0,2666
hand_net,0,2665
campfire,0,2665
traditional_youkai,0,2665
fountain,0,2663
curtsey,0,2663
soup,0,2661
bar_stool,0,2660
orange_sleeves,0,2660
blue_sweater_vest,0,2659
flaming_weapon,0,2659
tutu,0,2658
holding_suitcase,0,2657
choukou_(alicesoft),3,2656
hammer_and_sickle,0,2655
tamaki_iroha,4,2655
dairoku_ryouhei,3,2655
iizunamaru_megumu,4,2654
bikini_top_pull,0,2653
gertrud_barkhorn,4,2653
onmyoji,3,2653
cropped_head,0,2653
orange_rose,0,2653
broken_chain,0,2652
oumae_kumiko,4,2652
lone_nape_hair,0,2651
crystal_earrings,0,2651
luciana_de_montefio,4,2650
akagi_(azur_lane),4,2650
virtual_graduation_commemoration,0,2650
side_drill,0,2649
shikinami_(kancolle),4,2649
akane_(blue_archive),4,2649
criss-cross_straps,0,2649
kamado_tanjirou,4,2648
ribbon_in_mouth,0,2647
shinku,4,2647
palutena,4,2647
shana,4,2646
holding_pizza,0,2644
ninja_mask,0,2644
akizuki_(kancolle),4,2643
fire_emblem_cipher,3,2643
tsukimura_temari,4,2642
aino_minako,4,2642
eyewear_hang,0,2642
hagoita,0,2642
macross_delta,3,2642
oral_invitation,0,2641
commander_(girls'_frontline),4,2638
summer_festival,0,2638
phosphophyllite,4,2638
shirt_in_mouth,0,2638
edward_elric,4,2637
glutton,0,2637
higuchi_kaede,4,2637
glowing_butterfly,0,2637
soda,0,2635
street_fighter_iv_(series),3,2635
breast_smother,0,2634
pendulum,0,2634
drawn_ears,0,2633
final_fantasy_v,3,2632
mega_man_legends_(series),3,2632
silver_(pokemon),4,2630
cherry_hair_ornament,0,2628
lace-trimmed_skirt,0,2628
round-bottom_flask,0,2627
brown_dust_2,3,2627
di_gi_charat,3,2626
eris_greyrat,4,2626
canari_(pokemon),4,2626
key_earrings,0,2625
holding_teapot,0,2625
hishikawa_rikka,4,2624
daitaku_helios_(umamusume),4,2622
mutsuki_(kancolle),4,2622
fast_food,0,2622
39,0,2622
large_ears,0,2620
animal_on_lap,0,2619
aoki_reika,4,2619
autobot,0,2615
fishnet_sleeves,0,2615
yae_sakura,4,2615
chest_of_drawers,0,2615
u.a._school_uniform,0,2614
gold_coin,0,2613
playing_guitar,0,2613
bib_collar,0,2612
two-tone_headwear,0,2612
amagi_yukiko,4,2612
ruan_mei_(honkai:_star_rail),4,2611
torn_gloves,0,2611
pink_arm_warmers,0,2610
gusset,0,2610
new_game!,3,2610
detective,0,2610
hyacine_(honkai:_star_rail),4,2608
seiran_(touhou),4,2606
shuka_high_school_uniform,0,2606
elden_ring_nightreign,3,2606
invisible_penis,0,2605
cum_on_self,0,2605
goat_boy,0,2605
nipple_indents,0,2603
gyaru_v,0,2602
futami_ami,4,2601
arms_between_legs,0,2601
lace-trimmed_choker,0,2601
yes,0,2601
to_love-ru_darkness,3,2600
clear_sky,0,2600
pinned,0,2600
la+_darknesss_(1st_costume),4,2599
black_sky,0,2598
roxy_migurdia,4,2598
ak-12_(girls'_frontline),4,2596
goldenglow_(arknights),4,2596
werewolf,0,2596
teen_titans,3,2594
ohara_mari,4,2594
eagle,0,2593
durarara!!,3,2593
hanami_saki,4,2592
pink_trim,0,2591
naranja_academy_school_uniform,0,2591
marshmallow_(site),0,2590
world_of_warcraft,3,2590
cipher_(honkai:_star_rail),4,2590
polka_dot_bra,0,2589
utensil_in_mouth,0,2589
coke-bottle_glasses,0,2589
monika_(doki_doki_literature_club),4,2589
leonardo_da_vinci_(fate),4,2588
mallow_(pokemon),4,2588
koyanskaya_(fate),4,2588
haguro_(kancolle),4,2588
western_dragon,0,2587
unworn_coat,0,2587
struggling,0,2586
crate,0,2586
holding_branch,0,2585
grey_cape,0,2585
kotonoha_aoi,4,2585
saenai_heroine_no_sodatekata,3,2584
breast_expansion,0,2584
squinting,0,2583
rune_factory,3,2583
military_combat_uniform,0,2583
tenma_tsukasa,4,2583
telekinesis,0,2583
grey_serafuku,0,2582
junketsu,4,2582
cephalopod_eyes,0,2581
ballet,0,2580
white_bridal_gauntlets,0,2580
narita_taishin_(umamusume),4,2577
umamusume_horse_relations,0,2577
in_the_face,0,2576
watashi_ni_tenshi_ga_maiorita!,3,2575
arm_between_breasts,0,2575
crocs,0,2574
nakano_itsuki,4,2573
orange_sailor_collar,0,2572
precum_drip,0,2571
shinsengumi,0,2571
holding_needle,0,2571
noelle_holiday,4,2571
t-head_admiral,4,2571
sameko_saba,4,2570
final_fantasy_tactics,3,2570
dildo_riding,0,2569
ibaraki_douji_(fate),4,2569
open-toe_shoes,0,2568
miku_day,0,2568
shinomiya_kaguya,4,2567
dowsing_rod,0,2567
simon_(ttgl),4,2566
asui_tsuyu,4,2565
on_person,0,2564
basketball_uniform,0,2563
mahjong_tile,0,2563
lawson,3,2563
animal_ear_legwear,0,2563
uzaki-chan_wa_asobitai!,3,2563
springfield_(girls'_frontline),4,2562
golden_week,0,2561
irene_(arknights),4,2560
frilled_camisole,0,2560
clapping,0,2559
hoshikawa_sara,4,2559
liko_(pokemon),4,2558
spiked_club,0,2555
cleave_gag,0,2554
race_fetishism,0,2554
leafeon,4,2554
yin_yang_orb,0,2554
cooler,0,2553
star_twinkle_precure,3,2553
moon_(ornament),0,2553
ribbed_thighhighs,0,2552
hospital_gown,0,2552
arrow_through_heart,0,2551
traffic_cone,0,2551
levi_(shingeki_no_kyojin),4,2550
cargo_pants,0,2550
fortissimo,0,2550
flower_over_eye,0,2549
black_slingshot_swimsuit,0,2549
multiple_heads,0,2548
ghost_in_the_shell,3,2548
marina_(splatoon),4,2547
blue_camisole,0,2546
globe,0,2546
microsoft_windows,3,2546
feral_instincts,0,2546
runes,0,2545
jessie_(pokemon),4,2545
chocolate_on_breasts,0,2544
split_theme,0,2542
hand_on_lap,0,2541
legs_folded,0,2540
mahou_tsukai_no_yoru,3,2539
slime_(genshin_impact),4,2538
spear_the_gungnir,0,2537
buster_sword,0,2537
torn_jacket,0,2537
looking_outside,0,2536
animal_skull,0,2536
ubel_(sousou_no_frieren),4,2536
fur-trimmed_thighhighs,0,2535
bendy_straw,0,2535
kamiyama_high_school_uniform_(project_sekai),0,2534
adventure_time,3,2533
adjusting_necktie,0,2533
stone_lantern,0,2533
anaxa_(honkai:_star_rail),4,2533
purple_tabard,0,2533
sideless_shirt,0,2532
diarmuid_ua_duibhne_(fate),4,2532
jaguar_ears,0,2532
zombie_stage,3,2532
scar_on_hand,0,2532
pink_sash,0,2531
cheek_bulge,0,2530
kayoko_(dress)_(blue_archive),4,2529
perlica_(arknights),4,2529
hands_on_another's_thighs,0,2528
aqua_gloves,0,2528
leather_boots,0,2528
muv-luv_alternative,3,2527
fish_print,0,2526
toe_ring,0,2526
skirt_bow,0,2526
naegi_makoto,4,2526
tankini,0,2526
isuzu_hana,4,2526
prototype_design,0,2525
green_streaks,0,2525
puffy_cheeks,0,2524
gaming_chair,0,2524
stealth_sex,0,2524
year_of_the_dragon,0,2524
white_helmet,0,2524
purple_tongue,0,2523
asakura_ryoko,4,2523
grey_sweater_vest,0,2522
tachibana_sherry,4,2521
head_chain,0,2519
louise_francoise_le_blanc_de_la_valliere,4,2518
sussurro_(arknights),4,2518
holed_coin,0,2518
atsuko_(blue_archive),4,2518
tokisaki_kurumi,4,2517
kusazuri,0,2516
dashed_eyes,0,2516
faux_figurine,0,2516
akanbe,0,2514
drying_hair,0,2514
elegg_(nikke),4,2514
pekomama,4,2514
skull_ornament,0,2513
kugisaki_nobara,4,2513
shibuya_kanon,4,2513
shiver_(splatoon),4,2512
furigana,0,2511
meltryllis_(swimsuit_lancer)_(fate),4,2510
tennoji_rina,4,2510
vivlos_(umamusume),4,2510
anal_hair,0,2510
ajirogasa,0,2510
pikmin_(creature),0,2509
black_outline,0,2508
holding_frying_pan,0,2507
accurate_lolita_coord,0,2507
green_horns,0,2507
screenshot_background,0,2506
vaulting_horse,0,2506
polka_dot_headwear,0,2506
holding_wrench,0,2505
yoshimi_(blue_archive),4,2505
doodle_inset,0,2505
anastasia_(fate),4,2505
ryu_(street_fighter),4,2505
anzio_school_uniform,0,2504
naked_kimono,0,2504
scaramouche_(kabukimono)_(genshin_impact),4,2504
grey_leotard,0,2504
pochita_(chainsaw_man),4,2503
cocktail_dress,0,2502
scooter,0,2502
little_red_riding_hood_(fairy_tale_character),4,2501
rebecca_(cyberpunk),4,2500
green_sclera,0,2500
giving_up_the_ghost,0,2499
ass_cutout,0,2498
no_mask,0,2498
dice_hair_ornament,0,2498
elira_pendora,4,2498
jiangshi_costume,0,2497
paw_print_background,0,2497
ushiromiya_battler,4,2497
tanzaku,0,2496
short_side_ponytail,0,2496
green_tank_top,0,2493
confession,0,2492
shinryaku!_ikamusume,3,2492
rice_shower_(rosy_dreams)_(umamusume),4,2491
pasta,0,2491
mabinogi,3,2491
mavuika_(genshin_impact),4,2491
shinki_(touhou),4,2490
madotsuki,4,2490
prison_clothes,0,2490
morning_glory,0,2489
ciel_(tsukihime),4,2489
riding_pokemon,0,2489
purple_one-piece_swimsuit,0,2488
roll_(mega_man),4,2487
loving_aura,0,2486
nakasu_kasumi,4,2486
presenting_own_breasts,0,2486
coca-cola,3,2485
.live,3,2485
cyno_(genshin_impact),4,2484
kero_(cardcaptor_sakura),4,2483
godzilla_(series),3,2483
dolphin_wave,3,2482
melting_halo,0,2482
canvas_(object),0,2481
bikini_bottom_under_shorts,0,2481
bowlegged_pose,0,2480
self-harm,0,2480
slapping,0,2480
white_sarong,0,2480
mahjong,0,2479
nonna_(girls_und_panzer),4,2479
wheat,0,2479
kashiwazaki_sena,4,2478
single_shoulder_pad,0,2476
unworn_dress,0,2476
shaking,0,2474
von_lycaon,4,2474
pornography,0,2474
char_aznable,4,2473
susie_(deltarune),4,2473
steins;gate_0,3,2473
motorcycle_helmet,0,2473
heart-shaped_buckle,0,2473
bandaid_on_thigh,0,2473
pola_(kancolle),4,2472
mejiro_ardan_(umamusume),4,2472
outis_(project_moon),4,2471
holding_cotton_candy,0,2469
female_endministrator_(arknights),4,2467
iphone,0,2467
white_shawl,0,2467
yu_mei-ren_(fate),4,2466
sonozaki_mion,4,2466
tony_tony_chopper,4,2465
sharp_tail,0,2465
spiked_ear_piercing,0,2464
paper_airplane,0,2464
komi_shouko,4,2464
kibito_high_school_uniform,0,2464
funamusea,3,2463
cutting_board,0,2463
electric_plug,0,2463
fire_emblem_warriors:_three_hopes,3,2463
vampire_costume,0,2463
magical_musket_(madoka_magica),0,2462
tracen_swimsuit,0,2462
guided_breast_grab,0,2461
turtleneck_jacket,0,2461
hornet_(hollow_knight),4,2459
weight_conscious,0,2459
baseball_(object),0,2458
endeavor_(boku_no_hero_academia),4,2458
berry_(pokemon),0,2457
bulma,4,2456
in_bucket,0,2456
energy_drink,0,2455
elizabeth_rose_bloodflame,4,2455
diarmuid_ua_duibhne_(lancer)_(fate),4,2455
april_fools,0,2454
washing_machine,0,2453
green_armband,0,2452
lynette_(genshin_impact),4,2452
verxina_(umamusume),4,2452
momota_kaito,4,2451
lava,0,2451
emma_verde,4,2451
kouhaku_nawa,0,2451
lopunny,4,2450
portal_(object),0,2450
neck_tassel,0,2449
blank_stare,0,2449
super_sentai,3,2446
mole_above_mouth,0,2446
under_night_in-birth,3,2445
scribble_censor,0,2444
ijiranaide_nagatoro-san,3,2444
glass_bottle,0,2443
duster,0,2442
tented_shirt,0,2442
light_censor,0,2442
orange_socks,0,2442
multicolored_kimono,0,2441
cinderella_girls_gekijou,3,2441
yaoyorozu_momo,4,2439
miyuki_(kancolle),4,2439
single_thigh_boot,0,2439
tropical-rouge!_precure,3,2438
morikubo_nono,4,2438
cyber_fashion,0,2437
leg_wrap,0,2436
hitting,0,2436
saw,0,2436
dream_journey_(umamusume),4,2435
yellow_tank_top,0,2434
frottage,0,2434
two-sided_dress,0,2433
noose,0,2433
matikanefukukitaru_(umamusume),4,2433
enkidu_(fate),4,2432
weasel_ears,0,2432
ushiwakamaru_(fate),4,2431
tsunade_(naruto),4,2430
ye_shunguang,4,2430
bookmark,0,2429
oblivionis_(bang_dream!),4,2429
snail,0,2427
lio_fotia,4,2427
round_window,0,2426
black_eyeliner,0,2426
oven_mitts,0,2425
shima_rin,4,2424
ranka_lee,4,2424
forced_orgasm,0,2423
glass_shards,0,2423
machine,0,2423
lisa_(genshin_impact),4,2423
black_leg_warmers,0,2422
gotland_(kancolle),4,2422
daruma_doll,0,2421
tail_grab,0,2420
pinwheel,0,2418
haniyasushin_keiki,4,2418
lalafell,0,2417
takanashi_rikka,4,2417
arm_on_knee,0,2417
knotted_penis,0,2416
kinugasa_(kancolle),4,2416
hina_(swimsuit)_(blue_archive),4,2415
holding_bow_(music),0,2415
body_hair,0,2415
u-511_(kancolle),4,2415
grey_suit,0,2414
tactical_school_uniform,0,2414
eimi_(blue_archive),4,2413
morpeko_(full),4,2413
skirt_under_dress,0,2412
sasaki_chie,4,2411
senshi_(dungeon_meshi),4,2411
kamikaze_(kancolle),4,2411
son_gohan,4,2410
moogle,4,2410
scissor_blade_(kill_la_kill),0,2408
st._louis_(azur_lane),4,2408
glowing_hair,0,2408
jill_valentine,4,2407
oyama_mihari,4,2407
mega_man_battle_network_(series),3,2406
idolmaster_2,3,2405
leg_between_thighs,0,2405
perpendicular_paizuri,0,2404
imminent_anal,0,2403
outie_navel,0,2403
sleeved_leotard,0,2401
nisemonogatari,3,2401
hikawa_sayo,4,2401
felicia_(darkstalkers),4,2401
wild_arms,3,2401
h&k_hk416,0,2400
hoshino_ai,4,2399
green-tinted_eyewear,0,2399
heart_in_heart_hands,0,2399
digimon_adventure,3,2398
castlevania_(series),3,2398
yellow_gem,0,2398
akaza_akari,4,2397
fubuki_(one-punch_man),4,2397
charmander,4,2397
pouring_onto_self,0,2396
comforting,0,2396
tokino_sora,4,2393
patchwork_clothes,0,2393
trigun,3,2392
chimney,0,2391
kureiji_ollie,4,2391
spiked_shell,0,2391
dragon_quest_v,3,2391
raising_heart,4,2391
lynette_bishop,4,2390
bad_proportions,0,2390
persona_5_the_royal,3,2390
soda_bottle,0,2390
retrofuturism,0,2389
tachibana_hibiki_(symphogear),4,2389
green_cardigan,0,2389
holding_microphone_stand,0,2389
kyonko,4,2389
midna,4,2389
shun_(small)_(blue_archive),4,2388
crumbs,0,2388
tone_(kancolle),4,2388
kisaragi_(kancolle),4,2388
elbows_on_table,0,2388
cartethyia_(wuthering_waves),4,2387
yuusha_de_aru,3,2387
holding_flute,0,2386
holding_test_tube,0,2386
hand_on_glass,0,2386
osaki_amana,4,2386
blaze_the_cat,4,2386
black_lagoon,3,2383
holding_remote_control,0,2383
school_briefcase,0,2382
torpedo_tubes,0,2382
gambier_bay_(kancolle),4,2382
rainbow_hair,0,2380
from_outside,0,2380
jester,0,2379
hoodie_lift,0,2379
call_of_duty,3,2378
three-dimensional_maneuver_gear,0,2378
i-168_(kancolle),4,2378
dragon_ball_gt,3,2378
terra_branford,4,2377
comic_cover,0,2377
ootachi,0,2377
chain_headband,0,2377
cow,0,2377
dropping,0,2377
kirakira_precure_a_la_mode,3,2376
hand_on_own_elbow,0,2375
mysterious_heroine_xx_(fate),4,2375
squirtle,4,2375
fanged_bangs,0,2375
spider-man_(original_suit),4,2374
multiple_traps,0,2374
tube_dress,0,2374
kill_me_baby,3,2374
through_medium,0,2374
napoleon_bonaparte_(fate),4,2374
short_jumpsuit,0,2373
akeome,0,2373
neptune_(neptunia),4,2373
dandelion,0,2373
kujou_sara,4,2372
kaiju,0,2372
suiseiseki,4,2372
battle_rifle,0,2371
champagne,0,2371
yarn,0,2370
i-8_(kancolle),4,2370
abukuma_(kancolle),4,2369
show_by_rock!!,3,2367
dumpling,0,2367
chinese_new_year,0,2367
ass_shake,0,2367
hino_akane_(precure),4,2367
mismatched_sclera,0,2366
mima_(touhou),4,2366
embellished_costume,0,2365
fatui_coat,0,2365
masked,0,2365
guilty_crown,3,2365
yanfei_(genshin_impact),4,2365
dengeki_moeoh,3,2364
potara_earrings,0,2363
ema,0,2363
lord_of_the_mysteries,3,2362
makigumo_(kancolle),4,2362
two-tone_pants,0,2361
<|>_<|>,0,2361
hand_on_wall,0,2361
ruler,0,2361
ponytail_with_braided_base,0,2360
hedgehog_boy,0,2359
mint_fantome,4,2359
touhou_tag_dream,3,2359
sword_girls,3,2359
sinon,4,2359
sengoku_basara,3,2359
kirijou_mitsuru,4,2358
embodiment_of_scarlet_devil,3,2358
blue_suit,0,2358
niwatari_kutaka,4,2358
wetsuit,0,2357
bishoujo_senshi_sailor_moon_s,3,2357
star_tattoo,0,2357
shantae,4,2356
nursing_handjob,0,2354
tribal,0,2354
perrine_h._clostermann,4,2353
organic_bra,0,2353
purple_collar,0,2352
duffel_coat,0,2352
more_muscular_than_canon,0,2352
saria_(arknights),4,2352
cum_in_clothes,0,2351
houshou_marine_(summer),4,2351
himmel_(sousou_no_frieren),4,2350
leather_pants,0,2350
gundam_build_fighters_try,3,2350
scorbunny,4,2350
meowscarada,4,2349
chaos;child,3,2349
almond_eye_(umamusume),4,2349
red_feathers,0,2349
triangle_print,0,2349
mococo_abyssgard_(1st_costume),4,2347
blake_belladonna,4,2347
german_text,0,2346
two-sided_headwear,0,2345
earth_(ornament),0,2345
god_eater,3,2345
white_arm_warmers,0,2344
rodion_(project_moon),4,2343
kitazawa_shiho,4,2343
saga,3,2343
fubuki_kai_ni_(kancolle),4,2343
brushing_another's_hair,0,2342
charlotte_e._yeager,4,2342
black_theme,0,2341
jellyfish_cut,0,2340
ace_of_hearts,0,2340
vibrator_under_panties,0,2340
reaching_towards_another,0,2340
shark_costume,0,2340
hexagon,0,2340
yamato_(one_piece),4,2339
jigglypuff,4,2338
hozuki_momiji,4,2338
honeycomb_(pattern),0,2338
picnic,0,2338
misleading_thumbnail,0,2338
chiyoda_momo,4,2337
chart,0,2337
sora_(kingdom_hearts),4,2337
no_gloves,0,2337
bamboo_steamer,0,2337
gundam_unicorn,3,2337
mouth_pull,0,2336
tied_jacket,0,2336
re-class_battleship,4,2336
under_kotatsu,0,2336
ryoumen_sukuna_(jujutsu_kaisen),4,2336
race_vehicle,0,2335
purple_trim,0,2335
radio,0,2335
overcoat,0,2335
nishizumi_shiho,4,2335
high-low_dress,0,2334
silent_hill_(series),3,2334
shell_hair_ornament,0,2334
shared_food,0,2333
visor_(armor),0,2332
lower_eyelashes_only,0,2332
spiked_hairband,0,2331
james_(pokemon),4,2331
serizawa_asahi,4,2331
baggy_clothes,0,2330
character_censor,0,2330
astronaut,0,2329
camellya_(wuthering_waves),4,2329
aria_(human)_(zenless_zone_zero),4,2329
cinderella_series,3,2329
digimon_card_game,3,2328
audience,0,2328
jacket_over_swimsuit,0,2328
hugtto!_precure,3,2328
streetwear,0,2328
scarlet_devil_mansion,0,2328
wall_clock,0,2327
blue_sandals,0,2327
brick_floor,0,2326
pleated_shorts,0,2326
houjou_hibiki,4,2326
nero_claudius_(swimsuit_caster)_(fate),4,2326
blue_outline,0,2325
collared_shrug,0,2323
delicious_party_precure,3,2321
just_the_tip,0,2320
takanashi_kiara_(1st_costume),4,2320
perversion_of_canon,0,2320
tedeza_rize,4,2320
dorohedoro,3,2320
heart_pendant,0,2320
covering_another's_mouth,0,2319
child's_drawing,0,2319
mechanization,0,2319
tiki_(fire_emblem),4,2318
white_bonnet,0,2318
boater_hat,0,2317
anby_demara,4,2316
scar_on_shoulder,0,2315
brown_nails,0,2314
clitoral_piercing,0,2313
lollipop_in_mouth,0,2313
denia_(wuthering_waves),4,2312
waktaverse,3,2312
an-94_(girls'_frontline),4,2312
red_tabard,0,2311
red_corset,0,2309
adventurer_(ff11),4,2309
narita_top_road_(umamusume),4,2309
hino_rei,4,2308
holding_scroll,0,2308
honda_mio,4,2308
wig,0,2307
animal_slippers,0,2306
kurumi_erika,4,2306
heartbeat,0,2306
smart_falcon_(umamusume),4,2306
exposed_pocket,0,2305
tsurugi_(blue_archive),4,2305
yellow_outline,0,2304
sakura_taisen,3,2304
shell_bikini,0,2303
kuromorimine_school_uniform,0,2303
gag_harness,0,2303
poster_(medium),0,2303
himesaki_rinami,4,2302
chalk,0,2302
peanut_mouth,0,2302
priest_(ragnarok_online),4,2302
rance_(series),3,2301
carlotta_(wuthering_waves),4,2301
ho-kago_tea_time,0,2300
nakano_ichika,4,2300
cutting_hair,0,2300
hachigatsu_no_cinderella_nine,3,2300
arm_around_another's_back,0,2299
petals_on_liquid,0,2299
finger_frame,0,2299
hoshiguma_(arknights),4,2298
pomni_(the_amazing_digital_circus),4,2297
fishnet_socks,0,2297
breast_conscious,0,2297
bowser,4,2297
outstretched_leg,0,2296
red_outline,0,2296
text_messaging,0,2295
yuuki_bakuhatsu_bang_bravern,3,2295
tamamo_no_mae_(swimsuit_lancer)_(fate),4,2294
narration,0,2294
liquid_hair,0,2293
stalk_in_mouth,0,2292
holding_lipstick_tube,0,2292
ho'olheyak_(arknights),4,2291
western_comics_(style),0,2290
kino_makoto,4,2290
sakuramon,0,2290
kusanagi_nene,4,2290
super_mario_galaxy,3,2290
avengers_(series),3,2289
hyena_ears,0,2289
ashido_mina,4,2289
finger_to_face,0,2289
suzutsuki_(kancolle),4,2289
katsuragi_ace_(umamusume),4,2288
kuwayama_chiyuki,4,2288
penis_peek,0,2287
powering_up,0,2285
thai_text,0,2285
orange_headband,0,2285
justice_task_force_member_(blue_archive),4,2285
sundae,0,2284
dark_penis,0,2284
ass_peek,0,2284
food-themed_clothes,0,2284
brown_leotard,0,2283
dithering,0,2283
sans_(undertale),4,2283
futa_on_male,0,2282
shirase_sakuya,4,2282
dr._ratio_(honkai:_star_rail),4,2282
horikawa_raiko,4,2282
ada_wong,4,2281
white_armband,0,2281
aglaea_(honkai:_star_rail),4,2280
tensei_shitara_slime_datta_ken,3,2279
sharp_toenails,0,2279
adoptive_parent_and_adoptive_child,0,2279
hollow_knight:_silksong,3,2278
ammunition_belt,0,2278
tentacle_in_mouth,0,2277
sponge,0,2276
duel_masters,3,2276
lace-trimmed_gloves,0,2275
food_stand,0,2274
calico_cat,0,2274
print_hoodie,0,2274
police_badge,0,2274
minecraft_youtube,3,2274
kepi,0,2273
spanish_text,0,2273
hot_dog,0,2272
eri_(blue_archive),4,2272
torpedo_launcher,0,2271
crotch_cutout,0,2271
holding_candy_apple,0,2271
aviator_sunglasses,0,2271
miyashita_ai,4,2271
mari_(faraway)_(omori),4,2269
alchemy_stars,3,2269
mortis_(costume)_(bang_dream!),4,2269
grey_streaks,0,2268
single_arm_warmer,0,2268
pointy_breasts,0,2268
bad_end,0,2268
sidesaddle,0,2268
brazilian_miku,4,2268
boxer_briefs,0,2267
rotary_phone,0,2267
uvula,0,2267
kusuriya_no_hitorigoto,3,2267
utawarerumono_(series),3,2266
oshawott,4,2266
satsuki_(blue_archive),4,2266
akatsuki_kirika,4,2266
aida_mana,4,2266
backbeako_(torotei),4,2265
sick,0,2265
tomoeda_elementary_school_uniform,0,2264
randal's_friends,3,2264
hands_on_another's_hips,0,2263
ryuu_ga_gotoku_(series),3,2263
cross_choker,0,2263
headless,0,2261
grey_theme,0,2261
morino_rinze,4,2260
black_scales,0,2260
curry_rice,0,2260
orange_pupils,0,2259
nagatoro_hayase,4,2259
fujiwara_chika,4,2259
unworn_swimsuit,0,2259
long_labia,0,2258
ranni_the_witch,4,2258
white_bandeau,0,2257
koyuki_(blue_archive),4,2256
ashiya_douman_(fate),4,2256
on_car,0,2255
pink_slippers,0,2254
eyjafjalla_(arknights),4,2254
easel,0,2253
fuwawa_abyssgard_(1st_costume),4,2252
pinching_sleeves,0,2252
tropical_fish,0,2252
air_(visual_novel),3,2252
pool_of_blood,0,2251
air_shakur_(umamusume),4,2250
white_mittens,0,2249
lilith_(fate),4,2249
hibiki_(cheer_squad)_(blue_archive),4,2249
ikamusume,4,2249
nose_ring,0,2249
paper_stack,0,2248
grimoire,0,2248
penlight_(glowstick),0,2247
emotionless_sex,0,2247
holding_magnifying_glass,0,2247
yukihana_lamy_(1st_costume),4,2246
yuugumo_(kancolle),4,2246
blue_wrist_cuffs,0,2246
horned_mask,0,2245
iuno_(wuthering_waves),4,2245
miyamoto_frederica,4,2245
rabbit_house_uniform,0,2245
salaryman,0,2244
shirt_under_dress,0,2244
wriothesley_(genshin_impact),4,2244
body_armor,0,2244
kanna_(swimsuit)_(blue_archive),4,2243
fatal_frame,3,2243
yellow_cloak,0,2242
levitation,0,2242
slashing,0,2241
yu-gi-oh!_arc-v,3,2241
holding_quill,0,2241
snivy,4,2240
mithrun,4,2240
hassan_of_serenity_(fate),4,2240
tail_between_legs,0,2239
fanning_self,0,2239
nemona_(pokemon),4,2239
island,0,2239
magatama_earrings,0,2238
ujimatsu_chiya,4,2238
yellow_raincoat,0,2238
cursive,0,2237
keroro_gunsou,3,2237
elesa_(pokemon),4,2237
hourglass,0,2237
long_ribbon,0,2237
niijima_makoto,4,2236
wolverine_(x-men),4,2236
dorsal_fin,0,2236
idolmaster_dearly_stars,3,2236
shoulder_holster,0,2235
ringo_(touhou),4,2235
playstation_controller,0,2235
torn_panties,0,2234
sleeveless_bodysuit,0,2232
chaldea_logo,0,2232
fuji_kiseki_(umamusume),4,2232
flareon,4,2231
shoebill_(kemono_friends),4,2231
punk,0,2230
borrowed_design,0,2229
medallion,0,2229
artoria_pendragon_(lancer_alter)_(fate),4,2229
race_fetishism_symbol,0,2229
shiguang_dailiren,3,2229
dissidia_final_fantasy,3,2228
anchor_print,0,2228
shiny_and_normal,0,2228
naked_hoodie,0,2228
very_wide_shot,0,2227
video_game,0,2227
stream,0,2227
pokemon_card,0,2225
object_in_pocket,0,2225
melonbooks,3,2224
slam_dunk_(series),3,2224
butterfly_net,0,2223
tohru_(maidragon),4,2223
g11_(girls'_frontline),4,2223
hooded_cardigan,0,2222
sukajan,0,2221
karakai_jouzu_no_takagi-san,3,2221
himeko_(honkai:_star_rail),4,2220
witch_(madoka_magica),0,2220
white_nightgown,0,2219
snow_leopard_tail,0,2219
shell_necklace,0,2219
floating_scarf,0,2218
dragon's_crown,3,2218
shared_speech_bubble,0,2216
crane_(machine),0,2216
gensou_suikoden,3,2216
two-tone_boots,0,2215
hat_tip,0,2214
musical_note_print,0,2213
footwear_ribbon,0,2213
senran_kagura_shoujo-tachi_no_shin'ei,3,2213
heaven's_feel,3,2213
chastity_cage,0,2212
aubrey_(headspace)_(omori),4,2211
final_fantasy_xvi,3,2211
minato_aqua_(1st_costume),4,2210
irida_(pokemon),4,2210
asahiyama_high_school_uniform,0,2210
akita_neru,4,2210
diamond_(gemstone),0,2209
blue_shawl,0,2209
colorful_background,0,2207
irisviel_von_einzbern,4,2207
holding_crepe,0,2207
four-leaf_clover_hair_ornament,0,2206
haniwa_(statue),0,2206
yellow_headband,0,2205
heart_(organ),0,2205
cheekbones,0,2203
energy_beam,0,2202
x_(mega_man),4,2201
atou_haruki,4,2201
athletic_leotard,0,2200
marie_antoinette_(fate),4,2200
jojo_pose,0,2200
moth,0,2199
napkin,0,2199
adapted_turret,0,2199
scott_pilgrim_(series),3,2198
striped_fur,0,2198
lovebrush_chronicles,3,2197
monkey_ears,0,2197
snowball,0,2197
henshin,0,2196
tokyo_revengers,3,2195
polka_dot_skirt,0,2194
kousaka_tamaki,4,2194
bag_of_chips,0,2194
cut_bangs,0,2193
mifune_shioriko,4,2193
dakimakura_(object),0,2193
ass_support,0,2191
kin-iro_mosaic,3,2191
elezen,0,2190
flashback,0,2190
opening_own_clothes,0,2190
grey_bowtie,0,2190
burnt_clothes,0,2190
thighhighs_pull,0,2189
snorkel,0,2189
kimono_pull,0,2189
musou_isshin_(genshin_impact),0,2187
daidouji_tomoyo,4,2187
asa_no_ha_(pattern),0,2187
america_(hetalia),4,2186
nanasaki_ai,4,2186
etna_(disgaea),4,2186
asaka_karin,4,2186
ice_skates,0,2185
person_and_animalization,0,2185
doraemon,3,2184
leotard_peek,0,2184
papakha,0,2184
female_alear_(fire_emblem),4,2183
popuko,4,2183
cerise_bouquet,0,2183
orange_ascot,0,2182
mahou_girls_precure!,3,2182
ano_hi_mita_hana_no_namae_wo_bokutachi_wa_mada_shiranai.,3,2182
scarf_over_mouth,0,2182
silver_trim,0,2181
kuji-in,0,2180
power_suit_(metroid),0,2180
holding_coin,0,2180
noh_mask,0,2180
marianne_von_edmund,4,2178
age_comparison,0,2178
moona_hoshinova,4,2178
drugs,0,2178
final_fantasy_xv,3,2176
frye_(splatoon),4,2176
mickey_mouse_&_friends,3,2176
backbeard,4,2175
cocktail,0,2175
holding_glowstick,0,2174
raccoon,0,2174
hoshizora_miyuki,4,2174
stitched_arm,0,2174
boku_no_kokoro_no_yabai_yatsu,3,2173
noumi_kudryavka,4,2173
javelin_(azur_lane),4,2172
makizushi,0,2172
hat_on_back,0,2172
cropped_arms,0,2171
crisis_core:_final_fantasy_vii,3,2171
blue_bandana,0,2171
goblin_slayer!,3,2170
ise_(kancolle),4,2170
m1911,0,2170
sonoda_chiyoko,4,2170
blowing_bubbles,0,2169
hands_on_ground,0,2169
detached_ahoge,0,2169
mon3tr_(arknights),4,2169
chibi_usa,4,2168
katsuragi_lilja,4,2168
coconut,0,2168
murakumo_kai_ni_(kancolle),4,2167
lucky_beast_(kemono_friends),4,2166
gradient_horns,0,2166
pump_action,0,2165
hand_in_another's_panties,0,2165
thick_arms,0,2165
hakos_baelz_(1st_costume),4,2165
blind,0,2164
pickaxe,0,2164
suou_momoko,4,2164
white_babydoll,0,2163
kayamori_ruka,4,2163
condensation,0,2163
shuujin_academy_school_uniform,0,2163
orange_pekoe_(girls_und_panzer),4,2162
optical_sight,0,2162
single_blush_sticker,0,2162
glowing_tattoo,0,2162
fur-trimmed_shirt,0,2161
purple_robe,0,2161
manhattan_cafe_(creeping_shadow)_(umamusume),4,2161
side_slit_shorts,0,2160
crystal_hair,0,2160
holding_detached_head,0,2159
crayon,0,2159
fuwa_fuwa_cinnamoroll,3,2159
airi_(blue_archive),4,2159
vertical_scroll_comic,0,2158
butter,0,2158
kaguya_(tsukuyomi)_(cho_kaguya-hime!),4,2158
shinonome_akito,4,2157
cinnamoroll,4,2157
gold_tiara,0,2157
ojou-sama_pose,0,2157
white_bandana,0,2157
boa_hancock,4,2155
heart-shaped_gem,0,2155
super_saiyan_1,0,2154
bardiche_(nanoha),4,2154
frontal_wedgie,0,2154
eternity_larva,4,2154
holding_money,0,2153
sand_sculpture,0,2152
mullet,0,2152
pit_(kid_icarus),4,2152
jirachi,4,2152
sequential,0,2151
noelle_(genshin_impact),4,2151
cowboy_boots,0,2150
uchikake,0,2150
holding_another's_legs,0,2148
orange_panties,0,2148
shikigami,0,2148
easter_egg,0,2147
green_trim,0,2147
wavy_eyes,0,2147
grey_cat,0,2147
sparse_chest_hair,0,2146
kirigaya_suguha,4,2146
spoken_food,0,2145
cracked_wall,0,2145
tokoyami_towa_(1st_costume),4,2145
morning_after,0,2144
tohno_shiki,4,2144
hole_on_body,0,2143
leash_pull,0,2143
fine_motion_(umamusume),4,2142
warning_sign,0,2141
miyako_(swimsuit)_(blue_archive),4,2140
cum_on_legwear,0,2140
asaba_harumasa,4,2139
black_babydoll,0,2138
beidou_(genshin_impact),4,2138
half-spread_pussy,0,2138
aquarium,0,2137
aqua_hairband,0,2137
balancing,0,2137
sparkle_print,0,2137
prisma_illya,4,2136
noshiro_(kancolle),4,2136
fascinator,0,2135
two-tone_necktie,0,2134
holding_skull,0,2134
biwa_hayahide_(umamusume),4,2134
ramlethal_valentine,4,2134
pinstripe_dress,0,2134
combat_boots,0,2134
pom_pom_beanie,0,2133
pennant,0,2133
tegaki,0,2133
eggplant,0,2133
shinano_(azur_lane),4,2133
va-11_hall-a,3,2131
lucy_(cyberpunk),4,2131
komiya_kaho,4,2131
rouge_the_bat,4,2130
natsuki_(doki_doki_literature_club),4,2130
squall_leonhart,4,2130
undead,0,2130
clown,0,2129
clock_tower,0,2129
kanabou,0,2129
elphelt_valentine,4,2129
andou_(girls_und_panzer),4,2128
senren_banka,3,2128
kamisato_ayato,4,2128
lattice,0,2128
full-length_mirror,0,2128
comparison,0,2128
mole_on_shoulder,0,2127
ribbed_leotard,0,2127
rosmontis_(arknights),4,2127
aile_(mega_man_zx),4,2127
mejiro_dober_(umamusume),4,2126
plastic_bottle,0,2126
indie_utaite,3,2126
tropical_drink,0,2126
paint_splatter_on_face,0,2126
kikkoumon,0,2126
like_and_retweet,0,2125
konoe_kanata,4,2125
studded_choker,0,2125
sonetto_(reverse:1999),4,2124
pink_outline,0,2124
pokemon_the_series:_diamond_and_pearl,3,2124
breasts_on_table,0,2124
condom_box,0,2124
coat_partially_removed,0,2123
void_face,0,2123
tentacles_under_clothes,0,2123
hand_under_shirt,0,2123
angel_devil_(chainsaw_man),4,2122
counter:side,3,2122
aqua_streaks,0,2122
teruzuki_(kancolle),4,2121
united_kingdom_(hetalia),4,2121
climbing,0,2121
kimono_skirt,0,2121
kamishiro_rui,4,2120
ear_scrunchie,0,2120
cyndaquil,4,2119
covering_one_eye,0,2119
cure_arcana_shadow,4,2118
shishiro_botan_(1st_costume),4,2118
blood_drip,0,2117
devil_fruit_power,0,2116
portgas_d._ace,4,2115
gills,0,2115
holding_mop,0,2115
uva_academy_school_uniform,0,2114
front-fastening_bra,0,2114
infinity_symbol,0,2114
rita_rossweisse,4,2114
maid_day,0,2113
saitama_(one-punch_man),4,2112
green_hakama,0,2111
arched_crown,0,2110
wrist_wrap,0,2110
pussy_juice_drip_through_clothes,0,2110
hakui_koyori_(1st_costume),4,2110
in_cup,0,2109
jun'you_(kancolle),4,2109
unitard,0,2109
peach_hat_ornament,0,2108
lucifer_(helltaker),4,2108
hoshi_syoko,4,2108
head_on_chest,0,2108
white_garter_belt,0,2107
weibo_username,0,2106
shinda_sekai_sensen_uniform,0,2106
baobhan_sith_(first_ascension)_(fate),4,2106
seaweed,0,2105
blood_on_leg,0,2105
mouth_piercing,0,2105
facebook_username,0,2105
lovely_labrynth_of_the_silver_castle,4,2105
gigantic_penis,0,2105
strap_lift,0,2104
brown_collar,0,2104
orange_cape,0,2103
hard_hat,0,2103
d.gray-man,3,2103
k/da_(league),0,2102
pokemon_platinum,3,2101
bartender,0,2101
facing_ahead,0,2101
nachi_(kancolle),4,2101
darker_than_black,3,2101
saddle,0,2100
bishamonten's_pagoda,0,2100
hina_(dress)_(blue_archive),4,2099
androgyne_symbol,0,2098
mega_man_star_force_(series),3,2098
green_scrunchie,0,2097
subscribestar_username,0,2097
deadpool_(series),3,2097
apartment,0,2097
ryuuou_no_oshigoto!,3,2097
pants_under_skirt,0,2097
ice_cream_float,0,2096
winged_heart,0,2096
dimitri_alexandre_blaiddyd_(timeskip),4,2096
swimsuit_cover-up,0,2096
brown_panties,0,2095
game_screenshot_background,0,2095
yumi_(senran_kagura),4,2095
ling_(arknights),4,2095
battleship_princess,4,2095
chikorita,4,2095
asashio_kai_ni_(kancolle),4,2094
herrscher_of_sentience,4,2094
selen_tatsuki,4,2093
gundam_tekketsu_no_orphans,3,2093
uncommon_stimulation,0,2093
tokai_teio_(peak_joy)_(umamusume),4,2092
matsuno_osomatsu,4,2092
hauchiwa,0,2092
loaded_interior,0,2091
honey,0,2091
yo-yo,0,2091
grocery_bag,0,2091
waist_ribbon,0,2091
male_robin_(fire_emblem),4,2090
high-waist_pantyhose,0,2090
steampunk,0,2090
hat_with_ears,0,2090
holding_heart,0,2089
flins_(genshin_impact),4,2089
arcaea,3,2088
belt_boots,0,2088
soap_censor,0,2088
hooded_dress,0,2088
black_bird,0,2088
polka_dot_shirt,0,2088
waddle_dee,4,2086
roundel,0,2086
inkwell,0,2085
native_american,0,2085
magi_the_labyrinth_of_magic,3,2085
sinoalice,3,2084
katsuragi_misato,4,2084
mira-cra_park!,0,2083
holding_skewer,0,2083
shuji_ito,4,2083
embroidery,0,2083
fletcher_(kancolle),4,2083
potato,0,2082
sunazuka_akira,4,2082
white_pajamas,0,2082
futaba_channel,3,2082
meowth,4,2081
red_butterfly,0,2081
yukinoshita_yukino,4,2080
breastfeeding,0,2080
egg_hair_ornament,0,2078
killua_zoldyck,4,2078
convenience_store,0,2078
holding_mirror,0,2078
galaxy_angel,3,2078
misumi_nagisa,4,2078
\n/,0,2077
loose_shirt,0,2076
choukai_(kancolle),4,2076
krista_lenz,4,2076
queen_of_spades_symbol,0,2076
watatsuki_no_yorihime,4,2075
hamaya,0,2074
green_border,0,2074
evangelion:_3.0+1.0_thrice_upon_a_time,3,2074
spoken_expression,0,2074
free!,3,2073
muelsyse_(arknights),4,2073
red_hanfu,0,2073
hakurei_reimu_(cosplay),0,2073
niko_(blue_archive),4,2072
freediving,0,2071
male_doctor_(arknights),4,2071
kongou_kai_ni_(kancolle),4,2071
juxtaposition,0,2071
jakuzure_nonon,4,2070
adoptive_siblings,0,2070
mari_(headspace)_(omori),4,2070
world_trigger,3,2070
shoulder_cannon,0,2070
watashi_ga_koibito_ni_nareru_wake_naijan_murimuri!,3,2069
shopping,0,2069
telescope,0,2069
vocaloid_append,0,2069
lynae_(wuthering_waves),4,2069
rossi_(arknights),4,2069
open_bodysuit,0,2068
glock,0,2068
rabbit_yukine,4,2068
red_wine,0,2068
lactation_through_clothes,0,2067
hero_(faraway)_(omori),4,2067
shiomi_syuko,4,2067
phrolova_(wuthering_waves),4,2067
holding_briefcase,0,2066
\o/,0,2066
bayonetta_(series),3,2066
jeanne_d'arc_alter_santa_lily_(fate),4,2066
kasugano_sakura,4,2065
bandolier,0,2065
watermelon_bar,0,2064
aoyagi_touya,4,2064
matsumoto_rangiku,4,2063
green_armor,0,2063
shokugeki_no_souma,3,2063
gangut_(kancolle),4,2063
mole_on_arm,0,2062
holding_photo,0,2062
body_horror,0,2062
umbrella_over_shoulder,0,2062
index_(toaru_majutsu_no_index),4,2061
bibi_(tokoyami_towa),4,2061
seiken_densetsu_3,3,2061
cheek_pull,0,2060
huge_eyebrows,0,2060
cd,0,2060
scaramouche_(cat)_(genshin_impact),4,2059
nagatsuki_(kancolle),4,2059
hat_over_one_eye,0,2058
4others,0,2058
vibrator_in_thighhighs,0,2058
eldritch_abomination,0,2058
mole_on_collarbone,0,2058
gradient_legwear,0,2058
blacked_female,0,2058
crane_game,0,2057
bored,0,2057
himeno_(chainsaw_man),4,2057
fuuin_no_tsue,0,2057
love_plus,3,2057
hand_mirror,0,2057
cleaver,0,2056
among_us,3,2055
kimi_to_idol_precure,3,2055
on_bicycle,0,2055
screwdriver,0,2054
yuzuriha_inori,4,2053
bicorne,0,2053
gradient_halo,0,2053
frozen_(disney),3,2052
matsuno_karamatsu,4,2052
saren_(princess_connect!),4,2051
aurora,0,2051
red_suit,0,2051
under_tree,0,2050
chris_redfield,4,2050
saliva_on_penis,0,2049
xenoblade_chronicles_1,3,2049
drawn_whiskers,0,2049
gyro_zeppeli,4,2048
tapir_tail,0,2048
barbed_wire,0,2048
kris_(pokemon),4,2047
hologram,0,2047
chest_guard,0,2047
donation_box,0,2047
hellsing,3,2046
takara_miyuki,4,2046
isegye_idol,3,2046
suzuhara_lulu,4,2046
danganronpa_another_episode:_ultra_despair_girls,3,2045
cross-laced_slit,0,2045
dotted_background,0,2045
untying,0,2045
matsuno_ichimatsu,4,2045
black_clover,3,2045
wrapped_candy,0,2044
yellow_pantyhose,0,2044
grey_flower,0,2043
pentacle,0,2043
covered_testicles,0,2043
holding_scepter,0,2043
sakuragi_mano,4,2043
toilet_use,0,2042
avatar:_the_last_airbender,3,2042
studded_bracelet,0,2042
virtuosa_(arknights),4,2041
hoshino_ruby,4,2041
fubuki_(blue_archive),4,2041
bus_stop,0,2041
kpop_demon_hunters,3,2040
homicipher,3,2040
hair_vines,0,2039
tokoyami_towa_(jirai_kei),4,2039
camcorder,0,2039
print_headwear,0,2038
pet_bowl,0,2038
mat,0,2038
panicking,0,2037
the_legend_of_zelda:_skyward_sword,3,2037
light_machine_gun,0,2037
yordle,0,2036
candy_wrapper,0,2036
kuroshio_(kancolle),4,2036
mismatched_earrings,0,2035
sakugawa_school_uniform,0,2035
seishun_buta_yarou,3,2034
maruzensky_(umamusume),4,2034
flaming_sword,0,2034
yvonne_(arknights),4,2033
two-sided_gloves,0,2033
objectification,0,2032
facing_down,0,2031
kusanagi_motoko,4,2030
smoking_barrel,0,2030
maomao_(kusuriya_no_hitorigoto),4,2030
aozaki_aoko,4,2029
messenger_bag,0,2029
antique_firearm,0,2028
lyre,0,2027
lighthouse,0,2027
two-tone_legwear,0,2027
team_fortress_2,3,2027
huge_moon,0,2026
moroboshi_kirari,4,2026
hishi_miracle_(umamusume),4,2026
honda,0,2025
nerissa_ravencroft_(1st_costume),4,2025
char's_counterattack,3,2023
mountain_(arknights),4,2023
hair_color_connection,0,2023
hunched_over,0,2023
turtleneck_bodysuit,0,2023
bird_print,0,2022
bandaid_on_forehead,0,2022
angela_(project_moon),4,2022
pixelated,0,2021
hand_on_table,0,2021
luigi's_mansion,3,2021
tengu,0,2020
remielle_dan_(moonlight_whispers),4,2020
nero_claudius_(bride)_(fate),4,2020
nipple_rub,0,2020
zabuton,0,2019
eden_academy_school_uniform,0,2018
multiple_riders,0,2018
aqua_kimono,0,2017
casting_spell,0,2017
hikawa_hina,4,2016
orange_tank_top,0,2015
red_nose,0,2015
tales_of_zestiria,3,2015
ben-day_dots,0,2014
blue_sarong,0,2014
frilled_armband,0,2014
neverness_to_everness,3,2013
steven_universe,3,2013
lizard,0,2012
ib_(kouri),3,2012
bamboo_broom,0,2012
deadpool,4,2012
hair_dryer,0,2012
homurabara_academy_school_uniform,0,2012
dark_souls_iii,3,2011
pencil_case,0,2011
mochi_trail,0,2011
rex_(xenoblade),4,2011
konjiki_no_yami,4,2010
green_sash,0,2010
pink_umbrella,0,2010
maple_leaf_print,0,2010
fear_&_hunger_(series),3,2009
undersized_breast_cup,0,2009
food_bite,0,2008
dirt,0,2008
borderless_panels,0,2008
velina_airgid,4,2007
kissing_penis,0,2007
yuki_judai,4,2007
joutouguu_mayumi,4,2006
saiyan_armor,0,2006
colorful_clouds,0,2005
han'eri,0,2005
broken_weapon,0,2004
nejiri_hachimaki,0,2004
lifebuoy_hair_ornament,0,2003
knees_out_of_frame,0,2002
futa_without_balls,0,2002
off-shoulder_one-piece_swimsuit,0,2002
captured,0,2002
hojo_karen,4,2001
my-hime,3,2001
misaki_(blue_archive),4,2001
racecar,0,2000
crystal_ball,0,2000
clothes_between_thighs,0,2000
topaz_(honkai:_star_rail),4,2000
galaxy,0,2000
fish_skeleton,0,2000
in_palm,0,1999
lightsaber,0,1999
sora_no_kiseki,3,1998
kishimen_hair,0,1998
toilet_paper,0,1997
tsukioka_kogane,4,1997
age_regression,0,1997
purple-framed_eyewear,0,1997
light_areolae,0,1996
tsubaki_(blue_archive),4,1996
dragon_ball_fighterz,3,1996
tales_of_asteria,3,1995
holding_spatula,0,1995
self-cosplay,0,1995
heart-shaped_lock,0,1995
multicolored_flower,0,1994
wallet_chain,0,1993
tenka_hyakken,3,1993
pepperoni_(girls_und_panzer),4,1992
broad_shoulders,0,1992
kissing_neck,0,1992
haru_haru_(koikoko),4,1992
matsuno_jyushimatsu,4,1992
pearl_(splatoon),4,1992
pet,0,1991
white_sky,0,1991
m200_(girls'_frontline),4,1991
kine,0,1991
aranara_(genshin_impact),4,1990
corin_wickes,4,1990
shrimp_tempura,0,1990
multiple_monochrome,0,1990
tharja_(fire_emblem),4,1989
fur_shawl,0,1989
chongyue_(arknights),4,1989
red_wrist_cuffs,0,1989
nugget_(project_moon),4,1989
colored_teeth,0,1988
disembodied_eye,0,1988
teardrop_tattoo,0,1988
tenkyuu_chimata,4,1988
maru-yu_(kancolle),4,1988
crescent_necklace,0,1988
gyaruo,0,1988
yarn_ball,0,1987
olga_marie_animusphere,4,1987
skirt_cutout,0,1987
thighhighs_over_pantyhose,0,1986
hilichurl_(genshin_impact),4,1986
chalice,0,1985
dorsiflexion,0,1985
striped_vest,0,1985
couter,0,1985
kazama_iroha_(1st_costume),4,1984
partial_humanization,0,1984
cu_chulainn_(fate/stay_night),4,1983
glomp,0,1983
cum_inflation,0,1983
two-tone_sports_bra,0,1982
swiss_roll,0,1982
shirayuki_(kancolle),4,1981
tracer_(overwatch),4,1981
lipstick_mark_on_penis,0,1980
handsfree_paizuri,0,1980
holding_toy,0,1980
horn_ring,0,1978
hanging_plant,0,1978
hawks_(boku_no_hero_academia),4,1978
vore,0,1978
bass_clef,0,1978
iruma_miu,4,1978
earth_federation,0,1978
number_print,0,1978
training_bra,0,1978
jeanne_d'arc_alter_(ver._shinjuku_1999)_(fate),4,1978
half-skirt,0,1977
aqua_skin,0,1977
jojolion,3,1976
musashi_kai_ni_(kancolle),4,1976
white_tabard,0,1975
aroused_nosebleed,0,1975
striped_hoodie,0,1975
re:stage!,3,1975
pigeon,0,1974
single_tear,0,1974
crazy,0,1974
italian_flag,0,1974
rectum,0,1974
fallout,3,1974
arm_shield,0,1973
flying_kick,0,1973
saint_seiya,3,1973
french_text,0,1973
kasumi_(doa),4,1972
facing_up,0,1972
tsukino_mito_(1st_costume),4,1972
artoria_pendragon_(swimsuit_ruler)_(fate),4,1972
aqua_shoes,0,1971
something_(omori),4,1971
bloop_(gawr_gura),4,1971
lyney_(genshin_impact),4,1970
mei_(overwatch),4,1970
bindi,0,1969
arm_across_waist,0,1969
leather_armor,0,1969
single_bridal_gauntlet,0,1969
katsuki_yuri,4,1968
ayanami_(kancolle),4,1968
fish_boy,0,1968
kesa,0,1968
sticky_note,0,1967
side-tie_peek,0,1967
z23_(azur_lane),4,1966
curled_up,0,1966
tennis_ball,0,1966
toaru_majutsu_no_index:_old_testament,3,1966
child_carry,0,1966
brain,0,1965
houndstooth,0,1965
index_fingers_raised,0,1965
green_robe,0,1965
glansjob,0,1965
mutual_hug,0,1964
amagi_brilliant_park,3,1964
asashimo_(kancolle),4,1964
green_one-piece_swimsuit,0,1964
spoiler_(automobile),0,1963
deer_tail,0,1963
blue_jumpsuit,0,1962
sakurako_(blue_archive),4,1962
amplifier,0,1962
half_crown_braid,0,1962
hello_kitty,3,1962
beretta_92,0,1961
bungou_stray_dogs,3,1961
laundry,0,1960
hands_on_feet,0,1960
long_earlobes,0,1959
pursed_lips,0,1959
celestia_ludenberg,4,1959
blue_umbrella,0,1958
kagura_(gintama),4,1957
unzipping,0,1957
horn_flower,0,1957
arm_on_another's_shoulder,0,1956
mysterious_heroine_x_alter_(fate),4,1956
xingqiu_(genshin_impact),4,1955
kamiya_nao,4,1955
long_horns,0,1954
fitness_gym,0,1954
moe_(blue_archive),4,1954
tepig,4,1954
long_neck,0,1954
print_sleeves,0,1953
intestines,0,1953
brown_sash,0,1952
pornography_production,0,1952
wing_brooch,0,1952
circle_facial_mark,0,1951
grey_cloak,0,1951
viktor_nikiforov,4,1951
crocodilian_tail,0,1951
aotu_world,3,1951
pink_tank_top,0,1951
arashio_(kancolle),4,1951
cat_ear_legwear,0,1951
creature_focus,0,1951
lipstick_mark_on_face,0,1950
bloodshot_eyes,0,1950
holding_shovel,0,1948
new_school_swimsuit,0,1948
corn,0,1948
cantarella_(wuthering_waves),4,1948
majo_no_tabitabi,3,1947
dongtan_dress,0,1947
newtype,3,1946
nishida_satono,4,1945
looking_through_own_legs,0,1945
koharu_(swimsuit)_(blue_archive),4,1945
kemomimi-chan_(naga_u),4,1945
oguri_cap_(starlight_beat)_(umamusume),4,1945
dress_swimsuit,0,1945
personality_switch,0,1944
gold_circlet,0,1943
grey_choker,0,1943
night_raven_college_school_uniform,0,1943
kuroko_no_basuke,3,1943
sakura_no_sekai,3,1943
arthropod_boy,0,1942
blood_on_bandages,0,1942
ditto,4,1941
self_wedgie,0,1940
legs_over_head,0,1940
hanyuu,4,1940
koizumi_itsuki,4,1940
vita_(nanoha),4,1939
yowane_haku,4,1939
garchomp,4,1939
sparxie_(honkai:_star_rail),4,1939
sabrina_(pokemon),4,1939
russia_(hetalia),4,1938
fully_genderswapped_group,0,1938
otonose_kanade,4,1938
purple_border,0,1937
street_fighter_iii_(series),3,1937
honolulu_(azur_lane),4,1937
hooded_vest,0,1936
living_clothes,0,1936
symbolism,0,1936
green_headscarf,0,1936
last_order_(toaru_majutsu_no_index),4,1935
tsugu_(vtuber),3,1935
neuro-sama,4,1935
android_21,4,1935
tales_of_graces,3,1935
crotch_focus,0,1934
multiple_legs,0,1934
calem_(pokemon),4,1933
short-sleeved_sweater,0,1933
implied_fellatio,0,1933
yayoi_(kancolle),4,1933
merchandise,0,1933
holding_chain,0,1932
hataya_misuzu,4,1931
maplestory,3,1931
fur_jacket,0,1931
pink_headband,0,1931
daiwa_scarlet_(peak_blue)_(umamusume),4,1931
torchic,4,1931
flower_bracelet,0,1930
ichihara_nina,4,1930
penis_over_eyes,0,1930
tenochtitlan_(fate),4,1929
hatoba_tsugu,4,1929
bianca_(pokemon),4,1929
logo_parody,0,1929
slime_(dragon_quest),4,1929
tongs,0,1928
sideways_hat,0,1928
oberon_(third_ascension)_(fate),4,1928
wrestling_ring,0,1928
archery,0,1927
vivio,4,1927
taimanin_suit,0,1927
katsuragi_izumi,4,1926
hanasaki_tsubomi,4,1926
red_mittens,0,1925
art_nouveau,0,1924
alternate_weapon,0,1924
katsuragi_(kancolle),4,1924
gradient_wings,0,1924
hoshino_aquamarine,4,1923
ayane_(blue_archive),4,1923
aoki_hagane_no_arpeggio,3,1923
miyo_(blue_archive),4,1923
erect_clitoris,0,1923
takagi-san,4,1923
hat_belt,0,1922
stay_gold_(umamusume),4,1921
amulet,0,1921
sobu_high_school_uniform,0,1921
ao_isami,4,1921
ar-15,0,1920
two-tone_veil,0,1920
truth,0,1920
toga,0,1919
lohen_(genshin_impact),4,1918
eye_of_horus,0,1918
groom,0,1917
pointing_forward,0,1917
nanami_kento,4,1917
wa_lolita,0,1916
gold_thighlet,0,1914
kanoe_(blue_archive),4,1914
two-tone_kimono,0,1914
hisakawa_hayate,4,1911
traditional_chinese_text,0,1911
face_between_breasts,0,1910
print_haori,0,1910
bound_torso,0,1910
rosehip_(girls_und_panzer),4,1909
weightlifting,0,1909
ghost_pose,0,1908
sailor_mercury,4,1908
bowler_hat,0,1908
wheat_field,0,1908
fukawa_toko,4,1908
xenosaga,3,1907
durin_(genshin_impact),4,1907
checkered_flag,0,1907
stitched_mouth,0,1906
2014,0,1906
monomi_(danganronpa),4,1906
koihime_musou,3,1906
sonozaki_shion,4,1905
snack,0,1905
bullet_hole,0,1905
zun_(style),0,1904
scathach-skadi_(fate),4,1904
high_tops,0,1903
kourindou_tengu_costume,0,1903
mother_2,3,1903
seal_(animal),0,1902
stone_stairs,0,1902
dr._stone,3,1902
straitjacket,0,1901
propeller,0,1901
mannequin,0,1900
nu_carnival,3,1900
...?,0,1900
cartoon_bone,0,1900
blue_poison_(arknights),4,1900
two-handed_handjob,0,1899
rupa_(girls_band_cry),4,1899
nebula,0,1899
perfume_bottle,0,1898
tama_(kancolle),4,1898
ear_protection,0,1898
print_shorts,0,1898
licking_armpit,0,1897
onii-shota,0,1897
wide_brim,0,1897
sengoku_nadeko,4,1896
nearly_naked_apron,0,1895
ready_to_draw,0,1895
metaphor:_refantazio,3,1895
maki_(blue_archive),4,1895
rocket,0,1894
sakuma_mayu,4,1894
bayonet,0,1894
phantom_of_the_kill,3,1894
huge_pectorals,0,1894
hello_kitty_(character),4,1893
sakura_miko_(1st_costume),4,1893
mouth_insertion,0,1893
odaibako,0,1893
bridal_legwear,0,1893
teruterubouzu,0,1892
kurapika,4,1892
ear_chain,0,1892
shiny_legwear,0,1891
m4a1_(girls'_frontline),4,1891
lying_on_lap,0,1890
goodsmile_company,3,1890
le_malin_(azur_lane),4,1889
elysia_(hi_love_elf)_(honkai_impact),4,1889
beatmania_iidx,3,1889
human_scabbard,0,1888
sweater_tucked_in,0,1888
on_railing,0,1888
baby_bottle,0,1888
aris_(maid)_(blue_archive),4,1887
foregrip,0,1887
teireida_mai,4,1886
raven_(dc),4,1886
wattson_(apex_legends),4,1886
hat_tassel,0,1885
bo_staff,0,1885
boxcutter,0,1885
qingyi_(zenless_zone_zero),4,1885
butterfly-shaped_pupils,0,1884
jervis_(kancolle),4,1884
kuzuha_(nijisanji),4,1884
mario_kart,3,1884
hand_on_floor,0,1883
holding_fish,0,1883
hokko_tarumae_(umamusume),4,1883
two-tone_sweater,0,1882
alternate_species,0,1882
yotsubato!,3,1882
mioda_ibuki,4,1882
uneven_twintails,0,1882
widowmaker_(overwatch),4,1881
a_certain_high_school_uniform,0,1880
okabe_rintarou,4,1880
jinhsi_(wuthering_waves),4,1880
torn_bodystocking,0,1879
jacket_pull,0,1879
green_feathers,0,1879
sprinkles,0,1879
okita_souji_(third_ascension)_(fate),4,1879
araragi_koyomi,4,1878
m16a1_(girls'_frontline),4,1878
souseiseki,4,1878
mejiro_palmer_(umamusume),4,1877
multicolored_tail,0,1876
bike_shorts_under_shorts,0,1876
elio_(pokemon),4,1876
blue_haori,0,1875
chandelure,4,1875
minato_aqua_(sailor),4,1875
zero_gravity,0,1875
anal_fluid,0,1874
thermometer,0,1874
matsuno_choromatsu,4,1873
implied_kiss,0,1873
osaki_tenka,4,1873
above_clouds,0,1872
classic_d.va,4,1872
fate/extella,3,1872
tsukumo_benben,4,1872
single_knee_pad,0,1871
funami_yui,4,1871
dragon_ears,0,1870
hypnosis_mic,3,1870
nipple_clamps,0,1870
tsukumo_sana,4,1870
chimera,0,1870
suzukaze_(kancolle),4,1870
oshida_(girls_und_panzer),4,1869
ushiromiya_ange,4,1869
vertical-striped_sleeves,0,1869
yumeno_himiko,4,1869
blood_bag,0,1869
purple_armor,0,1868
bulletin_board,0,1867
soccer,0,1867
ichikawa_hinana,4,1867
mash_kyrielight_(dangerous_beast)_(cosplay),0,1867
goat,0,1867
myoukou_(kancolle),4,1866
triple_penetration,0,1866
the_legend_of_zelda:_the_wind_waker,3,1865
hiyori_(blue_archive),4,1865
shiraishi_an,4,1865
pokemon_go,3,1865
latex_legwear,0,1864
snake_earrings,0,1864
war,0,1864
martial_arts_belt,0,1864
watatsuki_no_toyohime,4,1864
wet_dress,0,1863
makoto_nanaya,4,1863
dehya_(genshin_impact),4,1863
pavolia_reine,4,1863
taiki_shuttle_(umamusume),4,1863
bruno_bucciarati,4,1863
tohno_akiha,4,1862
sexualized_chibi,0,1862
pokemon_move,0,1860
star_pasties,0,1860
sun_tattoo,0,1860
gyee,3,1860
martha_(fate),4,1858
doily,0,1858
nipple_jewelry,0,1858
knife_sheath,0,1858
yamada_anna,4,1858
the_ring,3,1857
usopp,4,1856
neru_(bunny)_(blue_archive),4,1856
chilchuck_tims,4,1855
iris_(pokemon),4,1855
handstand,0,1855
messy_room,0,1855
bb_(fate/extra),4,1855
penises_touching,0,1854
su-san,4,1854
m4_sopmod_ii_(girls'_frontline),4,1854
sobble,4,1854
gregor_(project_moon),4,1853
analogous_colors,0,1853
leafa_(sao),4,1853
little_nuns_(diva),3,1853
resident_evil_4_(remake),3,1852
eye_print,0,1852
silver_fox_(kemono_friends),4,1851
consensual_tentacles,0,1851
bayonetta,4,1851
baltimore_(azur_lane),4,1851
claude_von_riegan,4,1851
implied_fingering,0,1851
handprint,0,1850
sweep_tosho_(umamusume),4,1850
red_track_suit,0,1850
racerback,0,1850
uchi_no_hime-sama_ga_ichiban_kawaii,3,1850
chi-chi_(dragon_ball),4,1850
testicle_sucking,0,1850
harada_minoru,4,1850
heckler_&_koch,0,1849
sorcerer's_sutra_scroll,0,1849
dog_penis,0,1849
haruna_kai_ni_(kancolle),4,1849
bombergirl,3,1848
dokibird,4,1848
nijigaoka_mashiro,4,1848
kiryu_coco_(1st_costume),4,1848
okamisty,4,1848
eyelash_ornament,0,1847
striped_hair,0,1847
nonomi_(swimsuit)_(blue_archive),4,1846
balding,0,1845
japan_(hetalia),4,1845
thick_lineart,0,1845
sakamoto_mio,4,1845
nib_pen_(object),0,1845
urban,0,1845
call_of_duty:_modern_warfare_2,3,1844
cum_in_container,0,1843
lace-trimmed_shirt,0,1843
maizono_sayaka,4,1843
gladion_(pokemon),4,1842
dragonite,4,1842
gingham_clothes,0,1842
reed_(arknights),4,1842
hanten_(clothes),0,1842
red_sports_bra,0,1841
flower_in_mouth,0,1841
gallade,4,1841
medea_(fate),4,1841
gwynn_(pokemon),4,1841
covering_another's_eyes,0,1841
kishibe_rohan,4,1840
flying_fish,0,1839
biting_ear,0,1839
piers_(pokemon),4,1838
holding_toothbrush,0,1838
mega_man_(character),4,1838
two-finger_salute,0,1838
pushing,0,1838
smokestack_hair_ornament,0,1838
affectionate,0,1837
spaghetti,0,1837
pangya,3,1837
tashkent_(kancolle),4,1836
aldnoah.zero,3,1836
family_crest,0,1835
puff_and_slash_sleeves,0,1835
animal_on_arm,0,1835
kiwi_(fruit),0,1835
falin_touden_(tallman),4,1834
pinstripe_suit,0,1834
tears_of_themis,3,1834
armored_core,3,1833
album_name,0,1832
nier,3,1832
world_flipper,3,1832
mobius_(honkai_impact),4,1832
grisaia_(series),3,1831
labret_piercing,0,1831
pichu,4,1831
upshorts,0,1830
untied_shoelaces,0,1830
humping,0,1830
glowing_wings,0,1830
vi_(league),4,1830
kenzaki_makoto,4,1830
clueless,0,1830
sparkle_hair_ornament,0,1830
decepticon,0,1829
kousaka_reina,4,1829
azusawa_kohane,4,1828
print_necktie,0,1828
pokemon:_let's_go_pikachu!_and_let's_go_eevee!,3,1828
title_parody,0,1828
bird_mask,0,1828
chocolate_cake,0,1827
invisible_man,0,1827
lightning_bolt_print,0,1827
kel_(headspace)_(omori),4,1827
shironeko_project,3,1826
melon,0,1826
la_pluma_(arknights),4,1826
hataraku_saibou,3,1826
floyd_leech,4,1825
miyamoto_musashi_(swimsuit_berserker)_(fate),4,1825
cat_bag,0,1825
bound_together,0,1824
warm_colors,0,1824
tulip_hat,0,1823
glove_bow,0,1822
vertical-striped_bikini,0,1822
dragalia_lost,3,1822
two-sided_cloak,0,1822
hogwarts_school_uniform,0,1821
mordred_(fate/apocrypha),4,1821
kamio_misuzu,4,1821
powerpuff_girls,3,1820
tachibana_hinano,4,1819
toilet_stall,0,1819
nintendo,3,1819
tanaka_mamimi,4,1819
otonashi_kotori,4,1819
ralsei,4,1819
masochism,0,1819
saki_achiga-hen,3,1819
licking_foot,0,1819
purple_cloak,0,1819
hanging_light,0,1819
leaf_hat_ornament,0,1818
sauna,0,1818
procreate_(software),0,1818
vibrator_on_nipple,0,1818
penis_on_ass,0,1817
soukaku_(zenless_zone_zero),4,1816
speckled_areolae,0,1816
food_on_breasts,0,1815
absol,4,1815
hedgehog,0,1815
reiuji_utsuho_(bird),4,1815
cissia_(zenless_zone_zero),4,1815
hasumi_(track)_(blue_archive),4,1815
holding_sword_behind_back,0,1814
oda_uri,0,1814
gold_shoes,0,1813
katsuragi_marina,4,1813
blake_bloom_(wuthering_waves),0,1813
saber_lily,4,1813
snk,3,1812
luka_(alien_stage),4,1811
kizuna_ai_inc.,3,1811
double_vertical_stripe,0,1811
suzumiya_haruhi_no_shoushitsu,3,1811
back-seamed_legwear,0,1811
igarashi_futaba,4,1811
yukishiro_honoka,4,1811
shirt_overhang,0,1811
koi,0,1810
post-apocalypse,0,1810
astolfo_(rider)_(fate),4,1810
tsurumaki_maki,4,1810
tapir_ears,0,1809
hand_on_own_ear,0,1809
monochrome_background,0,1809
elsa_(frozen),4,1809
hand_on_another's_ear,0,1809
vertical-striped_kimono,0,1808
down_jacket,0,1808
japanese_crested_ibis_(kemono_friends),4,1807
hand_over_eye,0,1807
super_saiyan_4,0,1807
adjusting_legwear,0,1807
facepalm,0,1807
toast_in_mouth,0,1807
single_bare_leg,0,1805
2013,0,1805
anchor_necklace,0,1805
ebizuka_tomo,4,1805
guilty_gear_xx,3,1804
alice_(alice_in_wonderland)_(cosplay),0,1804
kanojo_okarishimasu,3,1804
chongyun_(genshin_impact),4,1804
on_innertube,0,1804
cellphone_charm,0,1804
double_horizontal_stripe,0,1803
coat_dress,0,1802
peony_(flower),0,1802
conductor_baton,0,1802
guided_penetration,0,1802
electrical_outlet,0,1802
theresa_(arknights),4,1802
bite_mark_on_neck,0,1801
warioware,3,1801
wallet,0,1801
heanna_sumire,4,1800
purple_heart_(neptunia),4,1800
bad_food,0,1799
maneki-neko,0,1799
how_to,0,1799
kabru,4,1799
bluesky_username,0,1799
pipimi,4,1799
yuigahama_yui,4,1799
brick,0,1798
agano_(kancolle),4,1798
tokimeki_memorial,3,1798
oohashi_high_school_uniform,0,1797
arm_cuffs,0,1797
tails_(sonic),4,1797
degrees_of_lewdity,3,1797
plant_roots,0,1797
self-harm_scar,0,1796
striped_coat,0,1796
koishi_day,0,1796
mew_(pokemon),4,1796
ongeki,3,1795
resident_evil_requiem,3,1795
tearing_clothes,0,1795
braixen,4,1795
yuuki_haru,4,1795
sua_(zombie_stage),4,1795
natsume_rin,4,1794
angel_(kof),4,1794
boar,0,1793
king_(chess),0,1792
sukoya_kana,4,1792
storefront,0,1792
transformers:_generation_1,3,1792
sports_panties,0,1792
lupin_iii,3,1791
bad_perspective,0,1791
sen_no_kiseki_i,3,1791
vulpisfoglia_(arknights),4,1791
green_ascot,0,1791
furutaka_(kancolle),4,1790
fiery_horns,0,1790
paper_crane,0,1790
yuri_(doki_doki_literature_club),4,1789
ring_gag,0,1789
dress_ribbon,0,1788
jiro_kyoka,4,1788
lord_el-melloi_ii_case_files,3,1788
batman,4,1788
crocodilian,0,1787
posing,0,1786
modeus_(helltaker),4,1786
employee_(project_moon),4,1786
holding_whisk,0,1786
kazano_hiori,4,1786
sakura_bakushin_o_(umamusume),4,1786
missile_pod,0,1785
holding_newspaper,0,1785
lowleg_pants,0,1785
alice_margatroid_(pc-98),4,1785
on_roof,0,1784
siege_(arknights),4,1784
dagashi_kashi,3,1784
doloris_(bang_dream!),4,1784
goodsmile_racing,3,1783
project_tokyo_dolls,3,1782
jashin-chan_dropkick,3,1782
signum,4,1782
no_eyepatch,0,1781
waiter,0,1780
tag,0,1780
libeccio_(kancolle),4,1780
caenis_(fate),4,1779
historical_name_connection,0,1779
hachikuji_mayoi,4,1779
diving_mask_on_head,0,1778
panties_under_buruma,0,1778
mamiya_(kancolle),4,1778
rhodes_island_logo_(arknights),0,1778
polaroid_photo,0,1778
ticket,0,1778
one_ear_down,0,1777
kamui_gakupo,4,1777
theft,0,1777
holding_plant,0,1776
jolteon,4,1774
meursault_(project_moon),4,1774
shoujo_shuumatsu_ryokou,3,1774
princess_king_boo,4,1774
clown_nose,0,1773
no_blindfold,0,1773
sadism,0,1772
tobaku_mokushiroku_kaiji,3,1772
tang_keke,4,1772
furukawa_nagisa,4,1772
galaxy_team_survey_corps_uniform,0,1772
nishi_kinuyo,4,1771
shigure_kai_san_(kancolle),4,1771
pixie_cut,0,1771
blue_petals,0,1771
taller_female_shorter_male,0,1769
white_tunic,0,1769
latias,4,1769
oomuro_sakurako,4,1769
mitre,0,1769
desi,0,1768
paint_on_clothes,0,1768
cuirass,0,1768
monster_hunter_rise,3,1768
dollchestra,0,1768
mob_face,0,1767
sitting_on_table,0,1766
food_art,0,1765
circled_9,0,1765
world_cup,3,1764
furen_e_lustario,4,1764
seatbelt,0,1764
gnosia,3,1764
isuzu_(kancolle),4,1764
trinity_general_school_logo,0,1763
mast,0,1763
mimura_kanako,4,1763
red_slingshot_swimsuit,0,1762
shigure_(blue_archive),4,1762
ribbed_bodysuit,0,1762
hero_(headspace)_(omori),4,1761
art_brush,0,1761
kingdom_hearts_ii,3,1761
white_petals,0,1760
between_toes,0,1760
matoba_risa,4,1759
papers,0,1759
ace_of_spades,0,1759
star-shaped_eyewear,0,1759
bus,0,1759
persona_3_reload,3,1758
healin'_good_precure,3,1758
zidane_tribal,4,1758
hisakawa_nagi,4,1758
bean_bag_chair,0,1757
icho_private_high_school_uniform,0,1757
object_floating_above_hand,0,1757
kizuna_ai,4,1757
mualani_(genshin_impact),4,1756
clothes_tug,0,1756
orange_jumpsuit,0,1756
nakamura_yuri,4,1756
censored_text,0,1756
adidas,0,1755
leona_heidern,4,1755
skull_necklace,0,1755
duel_academy_uniform_(yu-gi-oh!_gx),0,1755
looking_at_hand,0,1754
hammock,0,1754
shin_jigen_game_neptune_vii,3,1754
racing_miku,4,1754
oversized_breast_cup,0,1753
string_bra,0,1753
poleyn,0,1753
noel_vermillion,4,1752
anemo_symbol_(genshin_impact),0,1752
sakura_chiyono_o_(umamusume),4,1752
amami_rantaro,4,1751
photorealistic,0,1751
rubber_gloves,0,1750
passionlip_(fate),4,1750
merlin_(fate),4,1750
aston_machan_(umamusume),4,1750
ketchup_bottle,0,1749
dawn,0,1749
bear_costume,0,1749
tools,0,1749
lute_(instrument),0,1749
brazilian_flag,0,1749
skeleton_print,0,1748
rounded_corners,0,1748
floating_island,0,1748
tuanshan,0,1748
polka_dot_swimsuit,0,1748
holding_cross,0,1748
makeup_brush,0,1747
caesar_king_(zenless_zone_zero),4,1746
yang_guifei_(fate),4,1746
in_memoriam,0,1746
gabriel_dropout,3,1746
group_hug,0,1746
kaf_(kamitsubaki_studio),4,1746
jean_pierre_polnareff,4,1746
uruha_rushia_(1st_costume),4,1745
heart-shaped_eyes,0,1745
infirmary,0,1745
tokyo_(city),0,1745
hooded_bodysuit,0,1744
elaina_(majo_no_tabitabi),4,1744
black_male_swimwear,0,1744
kishinami_hakuno_(female),4,1743
marking_on_cheek,0,1743
female_goblin,0,1742
riddle_joker,3,1742
producer_(idolmaster_cinderella_girls_anime),4,1742
sanoba_witch,3,1742
clone_harem,0,1742
single_boot,0,1742
wakizashi,0,1742
uiharu_kazari,4,1742
solid_circle_pupils,0,1742
ange_katrina_(1st_costume),4,1741
mizi_(zombie_stage),4,1741
noire_(neptunia),4,1741
female_sensei_(blue_archive),4,1740
rias_gremory,4,1740
nekopara,3,1739
playstation_portable,0,1739
amesuku_gyaru,0,1739
torture,0,1738
octopath_traveler,3,1737
inline_skates,0,1737
yamamura_sadako,4,1736
northern_white-faced_owl_(kemono_friends),4,1736
multi-strapped_panties,0,1736
hiro_(darling_in_the_franxx),4,1736
hyakumantenbara_salome,4,1735
azura_(fire_emblem),4,1735
owl_ears,0,1734
epic_seven,3,1734
utage_(arknights),4,1734
jockstrap,0,1734
satin,0,1734
kohaku_(tsukihime),4,1733
summon_night,3,1733
mudkip,4,1732
heaven_official's_blessing,3,1732
omikuji,0,1732
hand_grip,0,1732
gold_city_(umamusume),4,1732
multicolored_hoodie,0,1732
holding_necklace,0,1732
giant_monster,0,1732
schwarz_(arknights),4,1731
half-heart_hands,0,1731
german_flag,0,1731
kyoukaisenjou_no_horizon,3,1731
minamino_kanade,4,1731
surrounded,0,1731
misunderstanding,0,1730
sasaki_saku,4,1730
urethral_insertion,0,1730
sparse_stubble,0,1730
grusha_(pokemon),4,1730
hairjob,0,1729
see-through_sarong,0,1729
flying_paper,0,1729
bremerton_(scorching-hot_training)_(azur_lane),4,1729
gerudo,0,1729
kirino_ranmaru,4,1728
cum_in_nose,0,1727
single_fishnet_legwear,0,1727
popplio,4,1727
steak,0,1727
inazuma_eleven_go_chrono_stone,3,1727
flak_jacket,0,1727
sonya_(kill_me_baby),4,1727
grill,0,1726
hand_in_own_panties,0,1726
tokyo_7th_sisters,3,1726
choujigen_game_neptune,3,1726
moon_phases,0,1726
excalibur_morgan_(fate),0,1726
complementary_colors,0,1725
grey_bag,0,1725
hugging_viewer,0,1725
watching_television,0,1725
tweaking_own_nipple,0,1724
cum_on_pussy,0,1724
gift_bag,0,1724
yunyun_(konosuba),4,1723
shiny_swimsuit,0,1723
ezo_red_fox_(kemono_friends),4,1723
sylphiette_(mushoku_tensei),4,1722
blaze_(arknights),4,1722
g_gundam,3,1721
mejiro_mcqueen_(frontline_elegance)_(umamusume),4,1721
white_tiger,0,1721
color_timer,0,1721
south_park,3,1720
lovestruck,0,1720
converse,0,1720
spit_take,0,1720
red_oni,0,1720
manaka_laala,4,1720
holding_key,0,1719
kono_lolicon_domome,0,1719
zhao_(zenless_zone_zero),4,1718
cat_on_shoulder,0,1718
bronya_zaychik_(silverwing:_n-ex),4,1718
lord_camelot_(fate),0,1717
love_live!_school_idol_festival_all_stars,3,1717
single_head_wing,0,1717
cat_costume,0,1716
bib,0,1715
kageyama_shigeo,4,1715
expressive_clothes,0,1715
hoshimiya_ichigo,4,1715
monster_focus,0,1715
finger_to_another's_mouth,0,1715
nyantype,3,1715
reindeer,0,1714
malenia_blade_of_miquella,4,1714
jumpy_dumpty,4,1713
bear_tail,0,1713
st_ar-15_(girls'_frontline),4,1713
penny_(pokemon),4,1712
red_hood_(nikke),4,1711
inseki,0,1710
nanachi_(made_in_abyss),4,1710
log_pose,0,1710
star_of_david,0,1709
pom_pom_earrings,0,1709
magnemite,4,1709
diaper,0,1709
toaru_majutsu_no_index:_new_testament,3,1709
kamiina_botan_yoeru_sugata_wa_yuri_no_hana,3,1708
gem_(steven_universe),0,1708
negative_space,0,1708
kirara_(blue_archive),4,1707
forked_tail,0,1707
2012,0,1706
beam_cannon,0,1706
isoi_reiji,4,1706
matou_kariya,4,1706
rook_(chess),0,1705
changpao,0,1705
grey_wolf_(kemono_friends),4,1705
glowing_horns,0,1704
plaid_panties,0,1704
kiss-shot_acerola-orion_heart-under-blade,4,1704
glory_wall,0,1703
ako_(dress)_(blue_archive),4,1703
whiteboard,0,1703
spreading_own_anus,0,1703
wolf_costume,0,1703
saiyan,0,1702
horseshoe,0,1702
grenade_launcher,0,1702
litwick,4,1701
chocobo,0,1701
wading_pool,0,1701
todoroki_hajime,4,1700
gon_freecss,4,1700
ankle_bow,0,1700
matsuno_todomatsu,4,1700
fortnite,3,1700
serina_(blue_archive),4,1700
ghost_hair_ornament,0,1699
yoshikawa_chinatsu,4,1699
kuramoto_china,4,1698
sand_castle,0,1698
isonami_(kancolle),4,1698
ruri_no_houseki,3,1698
kamukura_izuru,4,1698
nekomusume,4,1698
fuuka_(blue_archive),4,1697
kasumi_(blue_archive),4,1697
maka_albarn,4,1697
recorder,0,1696
hand_on_headphones,0,1696
bathrobe,0,1696
holding_own_legs_back,0,1696
arjuna_(fate),4,1696
mio_(xenoblade),4,1696
hexagon_print,0,1696
fate/prototype:_fragments_of_blue_and_silver,3,1695
mogami_shizuka,4,1695
karna_(fate),4,1695
young_link,4,1695
dragging,0,1694
jikkyou_powerful_pro_yakyuu,3,1694
military_dress_uniform,0,1693
spreader_bar,0,1693
kannagi,3,1693
ink_tank_(splatoon),0,1693
do_not_want,0,1692
senjou_no_valkyria_(series),3,1692
tenshi_kaiwai,0,1692
two-tone_shorts,0,1691
texas_the_omertosa_(arknights),4,1691
diamond_earrings,0,1691
yuri_lowell,4,1690
doukyuusei_(series),3,1690
pramanix_(arknights),4,1690
shadow_slave,3,1689
hexagon_hair_ornament,0,1689
sugar_cube,0,1689
frilled_wristband,0,1689
kabuto_(helmet),0,1688
thermos,0,1688
rewrite,3,1688
hospital,0,1687
butterfly_ornament,0,1687
spiked_jacket,0,1687
frederica_bernkastel,4,1687
floating_book,0,1687
winning_ticket_(umamusume),4,1686
shorts_around_one_leg,0,1686
osakabehime_(fate),4,1686
wraith_(apex_legends),4,1686
ichijou_ririka,4,1686
very_long_sidelocks,0,1686
no_mole,0,1685
camisole_lift,0,1685
totodile,4,1685
orange_cat,0,1684
torn_coat,0,1684
pod_(nier:automata),4,1684
multicolored_cape,0,1684
meta_knight,4,1684
grey_armor,0,1683
shoujo_kakumei_utena,3,1683
after_bathing,0,1683
nipple_pull,0,1683
white_pubic_hair,0,1683
vincent_valentine,4,1682
holding_pole,0,1682
chrono_trigger,3,1682
black_bonnet,0,1681
netnavi,0,1681
applying_own_makeup,0,1681
tenma_saki,4,1680
red_bandeau,0,1680
haru_urara_(bestest_prize)_(umamusume),4,1679
otomachi_una,4,1679
elbow_on_knee,0,1679
alisa_mikhailovna_kujou,4,1679
vash_the_stampede,4,1679
multiple_scoops,0,1679
shinai,0,1679
silence_suzuka_(innocent_silence)_(umamusume),4,1679
tales_of_berseria,3,1678
phoenix_wright,4,1678
multitasking,0,1678
priestess_(arknights),4,1678
green_eyeshadow,0,1678
teeth_hold,0,1677
cracked_glass,0,1677
amaori_renako,4,1677
holding_map,0,1677
easter,0,1677
scar_on_back,0,1677
kagamihara_nadeshiko,4,1676
merman,0,1676
bee,0,1676
hole_in_chest,0,1676
pastry_bag,0,1676
tarnished_(elden_ring),4,1675
mesmerizer_(vocaloid),3,1675
aqua_bra,0,1675
anila_(granblue_fantasy),4,1675
amane_kanata_(1st_costume),4,1675
sailor_venus,4,1675
tentacles_on_male,0,1674
weasel_girl,0,1674
splatter,0,1674
acorn,0,1673
holding_swimsuit,0,1673
grey_apron,0,1673
lightning_bolt_hair_ornament,0,1673
contrast_lapels,0,1673
fujibayashi_kyou,4,1673
winged_heart_tattoo,0,1673
suimei_academy_school_uniform,0,1672
francesca_lucchini,4,1672
ruffling_hair,0,1672
muzzle_(mask),0,1672
animal_genitalia_on_humanoid,0,1672
jaguar_tail,0,1670
odd_one_out,0,1670
spell_card,0,1670
yanami_anna,4,1670
oshino_ougi,4,1669
white_rabbit_(animal),0,1669
hop_(pokemon),4,1669
vergil_(devil_may_cry),4,1669
slayers,3,1669
monster_strike,3,1668
cardfight!!_vanguard,3,1668
star_fox,3,1667
windmill,0,1667
one_piece_card_game,3,1667
feixiao_(honkai:_star_rail),4,1667
katekyo_hitman_reborn!,3,1667
multicolored_necktie,0,1667
crosshatching,0,1665
ribbon-trimmed_headwear,0,1665
tono_hanna,4,1665
murasaki_shion_(1st_costume),4,1665
collei_(genshin_impact),4,1665
kazusa_(band)_(blue_archive),4,1665
tokisaki_kurumi_(spirit),4,1664
wixoss,3,1664
spiked_pauldrons,0,1664
final_fantasy_xiii,3,1664
vertical-striped_headwear,0,1664
pegasus,0,1663
pizza_box,0,1663
zora,0,1663
holding_donut,0,1663
hands_on_another's_ass,0,1662
distortion,0,1662
sailor_mars,4,1662
unworn_backpack,0,1661
gold_belt,0,1661
lucoa_(maidragon),4,1661
biting_glove,0,1661
decapitation,0,1660
spider-gwen,4,1659
oda_nobunaga_(koha-ace),4,1659
character_signature,0,1659
katawa_shoujo,3,1658
tateyama_ayano,4,1658
breast_padding,0,1658
new_jersey_(azur_lane),4,1658
a2_(nier:automata),4,1658
holding_pocky,0,1658
winged_halo,0,1658
fried_chicken,0,1658
happy_aura,0,1657
helena_blavatsky_(fate),4,1657
marshmallow,0,1657
hyuna_(alien_stage),4,1656
yuuki_yuuna_wa_yuusha_de_aru,3,1656
reverse_fellatio,0,1656
gwen_(league),4,1655
dragon_quest_x,3,1655
ceres_fauna_(1st_costume),4,1655
etorofu_(kancolle),4,1655
gem_(symbol),0,1655
footwear_flower,0,1655
two-tone_wings,0,1655
comiket_105,3,1654
devil_may_cry_5,3,1654
yellow_teeth,0,1653
sling_bikini_top,0,1653
2010,0,1653
quiz_magic_academy,3,1653
upshirt,0,1653
kama_(young)_(fate),4,1653
eye_reflection,0,1652
wall_of_text,0,1652
poring,4,1652
miracle_nikki,3,1652
storm,0,1652
checkered_shirt,0,1651
severed_limb,0,1651
blue_pubic_hair,0,1651
sayori_(doki_doki_literature_club),4,1651
gem_hair_ornament,0,1651
wallpaper_(object),0,1651
leonardo_da_vinci_(rider)_(fate),4,1650
blowing,0,1650
fantastic_four,3,1650
tamako_market,3,1650
shimokitazawa_high_school_uniform,0,1650
reitaisai_8_contest,3,1650
swim_cap,0,1650
oreki_houtarou,4,1649
pink_sweater_vest,0,1648
caitlyn_(league),4,1648
boudica_(fate),4,1648
kashino_(azur_lane),4,1648
godzilla,4,1648
dragon_bean_(arknights),0,1647
kiritani_haruka,4,1647
kessoku_band,0,1646
beans,0,1646
rensouhou-kun,4,1646
kawakaze_(kancolle),4,1646
mika_(swimsuit)_(blue_archive),4,1645
nipple_cutout,0,1645
hinata_(blue_archive),4,1645
eunie_(xenoblade),4,1644
cure_sky,4,1644
red_haori,0,1644
armin_arlert,4,1644
chained_wrists,0,1643
panties_on_head,0,1642
buruma_pull,0,1642
aoba_(blue_archive),4,1642
el_condor_pasa_(umamusume),4,1642
bunching_hair,0,1641
dido_(azur_lane),4,1641
hand_wraps,0,1640
midna_(imp),4,1640
akane_lize,4,1640
liz_to_aoi_tori,3,1640
pokemon_the_series:_ruby_and_sapphire,3,1639
starfish_hair_ornament,0,1639
elden_ring:_shadow_of_the_erdtree,3,1639
sendai_hakurei_no_miko,4,1639
strawberry_cake,0,1639
glaive_(polearm),0,1638
arven_(pokemon),4,1638
ladybug,0,1637
reiner_braun,4,1637
crowbar,0,1637
kinich_(genshin_impact),4,1637
grace_howard,4,1637
katori_(kancolle),4,1637
implied_after_sex,0,1637
polka_dot_pajamas,0,1636
peace_symbol,0,1636
tongari_boushi_no_atelier,3,1636
naturally_detached_hair,0,1636
height_chart,0,1636
karaoke,0,1636
luma_(mario),4,1636
female_byleth_(awakened)_(fire_emblem),4,1636
comiket_107,3,1635
psylocke,4,1635
raimon,0,1634
my_melody,4,1634
ao_dai,0,1634
signalis,3,1633
duel_disk,0,1633
ilulu_(maidragon),4,1632
black_souls,3,1632
onmyouji,0,1632
evangelion_(mecha),0,1632
tribal_tattoo,0,1632
checkered_hairband,0,1631
emma_(pokemon),4,1631
tape_measure,0,1631
motoyui,0,1628
cobblestone,0,1628
naked_overalls,0,1628
lace-trimmed_hairband,0,1627
wrist_cutting,0,1627
yama_no_susume,3,1627
hashtag,0,1626
daring_tact_(umamusume),4,1626
rapi_(red_hood)_(nikke),4,1626
wanted_poster,0,1626
arm_pouch,0,1625
pinstripe_pants,0,1625
boo_(mario),4,1625
i-class_destroyer,4,1625
hades_(series),3,1624
hayashimo_(kancolle),4,1624
masturbation_under_clothes,0,1623
right-to-left_comic,0,1623
heads-up_display,0,1623
frontless_outfit,0,1623
triplets,0,1623
tamura_yuri,4,1623
comiket_106,3,1623
grabbing_another's_sleeve,0,1622
maebara_keiichi,4,1622
frilled_umbrella,0,1622
diana_cavendish,4,1622
raiden_mei_(herrscher_of_thunder),4,1621
hugging_tail,0,1621
penguin_costume,0,1621
license_plate,0,1620
aristocratic_clothes,0,1620
soul_(utdr),4,1620
kirara_(genshin_impact),4,1620
green_collar,0,1620
running_track,0,1619
chen_qianyu_(arknights),4,1618
helmet_over_eyes,0,1618
kuma_(persona_4),4,1618
ornate_ring,0,1617
cigarette_pack,0,1617
windowsill,0,1617
futasub,0,1617
raichu,4,1617
booth_seating,0,1616
saber_(weapon),0,1616
hands_on_another's_chest,0,1615
colorado_(kancolle),4,1615
tatsumi_kanji,4,1615
nige_jouzu_no_wakagimi,3,1614
ymir_(shingeki_no_kyojin),4,1614
xiangling_(genshin_impact),4,1614
hands_on_another's_waist,0,1613
hatsune_miku_(append),4,1613
<o>_<o>,0,1613
copy_ability,0,1612
medusa_(fate/stay_night),4,1612
gamagoori_ira,4,1612
garnet_til_alexandros_xvii,4,1612
croissant,0,1612
queen_(chess),0,1612
akali_(league),4,1610
youtube,3,1610
multicolored_scarf,0,1610
public_use,0,1610
green_tea,0,1610
amamiya_kokoro,4,1610
vinyl_record,0,1610
pineapple,0,1610
tokiko_(touhou),4,1609
wet_towel,0,1609
pier,0,1609
starry_hair,0,1609
sailor_moon_redraw_challenge_(meme),0,1608
anchor_choker,0,1608
the_coffin_of_andy_and_leyley,3,1608
nail_bat,0,1607
wrist_flower,0,1607
the_legend_of_zelda:_a_link_between_worlds,3,1607
holding_with_tail,0,1607
vertical-striped_socks,0,1606
ivy,0,1606
sd_gundam,3,1606
shopping_cart,0,1606
to_heart,3,1605
isabelle_(animal_crossing),4,1604
dirty_feet,0,1604
elbow_on_table,0,1603
lighter_(zenless_zone_zero),4,1603
yellow_camisole,0,1603
policeman,0,1603
kirin_(armor),0,1603
katou_asuka,4,1603
wizard,0,1602
hand_on_railing,0,1602
akechi_goro,4,1602
glitter,0,1602
haiyore!_nyaruko-san,3,1601
ingo_(pokemon),4,1601
sajo_yukimi,4,1601
trophy,0,1601
hedgehog_girl,0,1601
harp,0,1600
porch,0,1600
mithra_(ff11),0,1600
may_(guilty_gear),4,1600
grey_camisole,0,1600
high_school_fleet,3,1599
hoshino_ichika_(project_sekai),4,1599
cracked_floor,0,1599
ninomiya_asuka,4,1599
playing,0,1598
lewis_smith,4,1598
sword_art_online:_code_register,3,1598
parrot,0,1597
holding_mini_person,0,1597
crotch_zipper,0,1597
cross-eyed,0,1597
lipgloss,0,1597
serial_experiments_lain,3,1596
veiny_hands,0,1596
rabbit_hat,0,1596
mahou_shoujo_ikusei_keikaku,3,1596
theodore_riddle,4,1596
hirasawa_ui,4,1596
ceobe_(arknights),4,1595
the_legend_of_korra,3,1594
mitake_ran,4,1594
simulated_fellatio,0,1592
johnston_(kancolle),4,1592
zero(z)_(mega_man),4,1592
drying_own_hair,0,1592
fluffy_clothes,0,1591
fuecoco,4,1591
front-to-back,0,1591
overall_skirt,0,1591
carrying_baby,0,1591
victor_(pokemon),4,1591
shoujo_kageki_revue_starlight_-re_live-,3,1591
higashi_setsuna,4,1590
arisugawa_natsuha,4,1590
hagikaze_(kancolle),4,1590
mikazuki_munechika,4,1590
hanasato_minori,4,1590
arataki_itto,4,1590
green_assault_visor,0,1589
cola,0,1589
hair_flip,0,1589
nintendo_ds,0,1588
fenomeno_(umamusume),4,1588
torn_cloak,0,1588
lemuen_(arknights),4,1588
abuse,0,1588
twintails_with_hair_base,0,1588
oyashio_(kancolle),4,1588
hikaru_ga_shinda_natsu,3,1588
shouhou_(kancolle),4,1587
kiana_kaslana_(herrscher_of_finality),4,1587
white_day,0,1587
carousel,0,1587
massage,0,1587
pubic_stubble,0,1587
nissin_cup_noodle,0,1587
merlin_(fate/prototype),4,1586
aki_rosenthal,4,1586
broken_mirror,0,1586
sheikah,0,1585
artoria_pendragon_(swimsuit_ruler)_(first_ascension)_(fate),4,1585
izuna_(swimsuit)_(blue_archive),4,1584
brown_bra,0,1584
army,0,1584
fujisaki_chihiro,4,1583
kuromi,4,1583
salad,0,1583
hands_on_own_legs,0,1583
female_trainer_(umamusume),4,1583
otaku,0,1583
konno_junko,4,1583
barefoot_sandals_(jewelry),0,1583
nate_(pokemon),4,1582
playing_piano,0,1582
araki_hirohiko_(style),0,1582
stats,0,1581
stirrup_footwear,0,1581
beer_bottle,0,1581
cool_colors,0,1581
yuyushiki,3,1580
foam,0,1580
blue_bird,0,1579
caren_hortensia,4,1579
character-themed_food,0,1578
bagged_fish,0,1578
licking_ear,0,1578
heart-shaped_ornament,0,1578
greek_toe,0,1577
above-cleavage_cutout,0,1577
metal_slug,3,1577
perona,4,1577
orange_streaks,0,1577
bernadetta_von_varley,4,1576
damian_desmond,4,1576
smalldom,0,1575
enna_alouette,4,1575
marie_(girls_und_panzer),4,1575
copano_rickey_(umamusume),4,1575
torn_wings,0,1574
male_corrin_(fire_emblem),4,1573
clothed_robot,0,1573
hanetsuki,0,1572
weapon_case,0,1571
bubble_tea_challenge,0,1571
grookey,4,1571
toranoana,3,1571
folder,0,1570
murasaki_shikibu_(fate),4,1570
animal_helmet,0,1570
natori_sana_(nurse),4,1569
muzzle_flash,0,1569
cream_on_face,0,1568
gold_collar,0,1568
motherly,0,1568
cure_peace,4,1568
cow_ear_hairband,0,1568
fur_cloak,0,1567
albedo_(overlord),4,1567
aqua_shorts,0,1567
head_steam,0,1566
kashuu_kiyomitsu,4,1566
unworn_bikini,0,1566
paper_mario_(series),3,1565
weasel_tail,0,1565
eureka_seven_(series),3,1565
monkey_boy,0,1565
materia,0,1564
mornye_(wuthering_waves),4,1564
floating_card,0,1564
giant_male,0,1564
rx-78-2_gundam,4,1563
rice_hat,0,1563
no_game_no_life,3,1563
edelgard_von_hresvelg_(timeskip),4,1563
yoshizawa_kasumi,4,1562
gokkun,0,1562
ferret,0,1561
totoki_airi,4,1561
aqua_flower,0,1561
kamaboko,0,1561
aria_company_uniform,0,1560
medea_(caster)_(fate),4,1560
kuroshitsuji,3,1559
underwear_writing,0,1559
juufuutei_raden,4,1559
jingliu_(honkai:_star_rail),4,1559
anemone_(flower),0,1559
ellen_joe_(on_campus),4,1559
pani_poni_dash!,3,1559
brown_neckerchief,0,1559
wrist_belt,0,1558
bishop_(chess),0,1558
butterfly_sitting,0,1557
pomu_rainpuff,4,1557
izumi_mei,4,1557
coin_hair_ornament,0,1556
propeller_fighter,0,1556
captain_(kemono_friends),4,1555
2011,0,1555
dorothea_arnault,4,1555
callie_(squid_sisters_outfit)_(splatoon),4,1555
mizunashi_akari,4,1555
donkey_kong_(series),3,1555
onion,0,1554
medalist_(manga),3,1554
osomatsu-kun,3,1553
zeta_(granblue_fantasy),4,1552
power_suit,0,1552
metamoran_vest,0,1552
sitting_backwards,0,1552
elevator,0,1552
wedge_heels,0,1551
blood_from_forehead,0,1551
airship,0,1550
whiskey,0,1550
fur_choker,0,1550
scars_all_over,0,1550
sigewinne_(genshin_impact),4,1550
kuro_no_kiseki_i,3,1550
casino,0,1549
animal_head,0,1549
floating_neckwear,0,1549
pink_track_suit,0,1549
joseph_joestar_(old),4,1549
tsukikage_yuri,4,1548
pilot,0,1548
natsume_an-an,4,1548
vanishing_point,0,1547
protagonist_(love_and_deepspace),4,1547
virgin_destroyer_sweater,0,1547
keizoku_military_uniform,0,1547
white_scales,0,1547
noses_touching,0,1547
hair_floating_upwards,0,1546
brown_lips,0,1546
through_screen,0,1546
game_boy,0,1546
nata_(tool),0,1546
griffin_&_kryuger_military_uniform,0,1545
okumura_haru,4,1545
holding_gem,0,1545
drum_(container),0,1545
gilberta_(arknights),4,1544
maria_cadenzavna_eve,4,1544
holding_shirt,0,1544
aqua_leotard,0,1544
holding_flask,0,1543
purple_hakama,0,1543
puppy,0,1543
oribe_yasuna,4,1543
year_of_the_horse,0,1543
striped_pajamas,0,1543
arle_nadja,4,1542
head_on_head,0,1542
tenjouin_asuka,4,1542
tenshi_souzou_re-boot!,3,1542
toto-sama_(fate),4,1542
kaneki_ken,4,1542
print_sweater,0,1541
furutani_himawari,4,1541
silence_(arknights),4,1541
grave,0,1541
finger_counting,0,1540
between_pectorals,0,1540
9-nine-,3,1540
mejiro_ramonu_(umamusume),4,1540
evil_neuro-sama,4,1539
ultra_ball,0,1539
otogi_(blue_archive),4,1539
green_bandana,0,1539
nia_(blade)_(xenoblade),4,1539
boy_sandwich,0,1538
multicolored_hair_bobbles,0,1538
kadotani_anzu,4,1538
saijo_claudine,4,1538
wringing_clothes,0,1538
iwakura_lain,4,1537
super_robot_wars_original_generation,3,1537
seal_impression,0,1537
covered_pussy,0,1537
eve_online,3,1536
nagato_(azur_lane),4,1536
holding_another's_horns,0,1535
nazi,0,1535
bandaged_fingers,0,1535
popped_button,0,1534
breaking,0,1534
corsage,0,1533
ogata_hyakunosuke,4,1533
ganondorf,4,1533
marie_(squid_sisters_outfit)_(splatoon),4,1533
sidelocks_tied_back,0,1533
tera_online,3,1533
cagliostro_(granblue_fantasy),4,1532
kimi_no_na_wa.,3,1532
kamoi_(kancolle),4,1532
cross-laced_skirt,0,1532
kiran_(fire_emblem),4,1532
micaiah_(fire_emblem),4,1532
evillious_nendaiki,3,1531
lace_sleeves,0,1531
gundam_wing,3,1531
holding_lighter,0,1531
lucas_(pokemon),4,1530
snow_leopard_girl,0,1530
kuki_shinobu,4,1530
lime_(fruit),0,1530
dudou,0,1530
used_condom_on_penis,0,1530
youkoso_jitsuryoku_shijou_shugi_no_kyoushitsu_e,3,1529
umikaze_(kancolle),4,1529
chessboard,0,1529
kimono_lift,0,1529
dvd_cover,0,1528
miyu_(swimsuit)_(blue_archive),4,1528
makai_senki_disgaea,3,1528
kazagumo_(kancolle),4,1528
white_mage_(final_fantasy),4,1528
blood_on_chest,0,1527
alolan_vulpix,4,1527
richelieu_(kancolle),4,1527
tendo_maya,4,1527
pankou,0,1527
dan_heng_(imbibitor_lunae)_(honkai:_star_rail),4,1526
standing_doggystyle,0,1525
toon_link,4,1525
winged_shoes,0,1524
gwen_stacy,4,1524
hiyuki_(wuthering_waves),4,1523
rio_(armed)_(blue_archive),4,1523
broken_window,0,1523
cowboy_bebop,3,1523
holding_calligraphy_brush,0,1523
pelt,0,1522
unworn_bikini_bottom,0,1522
aqua_thighhighs,0,1522
shirt_partially_tucked_in,0,1522
loosely_tucked_bangs,0,1522
very_long_tongue,0,1522
energy_cannon,0,1522
strapless_one-piece_swimsuit,0,1521
bridal_lingerie,0,1521
vsinger_(vocaloid),3,1521
fear_&_hunger_2:_termina,3,1521
hole,0,1521
braiding_hair,0,1520
fleurdelys_(wuthering_waves),4,1520
baton_(weapon),0,1520
two-sided_skirt,0,1520
kiyosumi_school_uniform,0,1520
baiken,4,1520
van,0,1520
murata_himeko,4,1520
37_(reverse:1999),4,1519
nyaan_(gundam_gquuuuuux),4,1519
atalanta_(fate),4,1519
lifeguard,0,1519
black_bandana,0,1518
chakram,0,1518
knives_between_fingers,0,1518
sakura_miko_(casual),4,1517
tickling_feet,0,1517
crawling,0,1517
juo_sena,4,1516
christmas_stocking,0,1516
creature_on_head,0,1516
dog_days,3,1516
enemy_aircraft_(kancolle),4,1516
zentreya,4,1515
plaid_ribbon,0,1515
luo_xiaohei,4,1515
bede_(pokemon),4,1515
green_(pokemon),4,1515
yoroizuka_mizore,4,1515
final_fantasy_xii,3,1515
holding_mace,0,1514
menu_board,0,1514
covered_groin,0,1513
faruzan_(genshin_impact),4,1513
kikumon,0,1513
agent_8_(splatoon),4,1512
stopwatch,0,1512
stitched_torso,0,1512
aikatsu_stars!,3,1511
abandoned,0,1511
ark_royal_(kancolle),4,1511
7th_dragon_(series),3,1510
the_great_ace_attorney,3,1510
folded_hair,0,1510
litten,4,1510
assassin_cross_(ragnarok_online),4,1510
good_end,0,1510
math,0,1509
white_jumpsuit,0,1509
night_vision_device,0,1509
rengoku_kyoujurou,4,1508
exercise_ball,0,1508
kinchaku,0,1508
red_shawl,0,1507
cookie_run:_ovenbreak,3,1507
artoria_caster_(second_ascension)_(fate),4,1507
little_boy_admiral_(kancolle),4,1507
the_moon_studio,3,1507
y'shtola_rhul,4,1506
firefly_(spring_missive)_(honkai:_star_rail),4,1506
hand_to_head,0,1506
senran_kagura_shinovi_versus,3,1506
starbucks,3,1506
adachi_tohru,4,1506
zodiac,0,1506
bandaid_on_head,0,1505
checkered_bow,0,1505
riesz,4,1505
armored_leotard,0,1505
huge_dildo,0,1505
skull_on_head,0,1505
milky_way,0,1505
fidgeting,0,1505
guido_mista,4,1504
jacket_lift,0,1503
aestus_estus,0,1503
shugo_chara!,3,1503
tucked_penis,0,1502
orange_leotard,0,1502
vikala_(granblue_fantasy),4,1502
hungry,0,1502
ro635_(girls'_frontline),4,1502
fan_hair_ornament,0,1502
fiammetta_(arknights),4,1501
crewmate_(among_us),4,1501
clothed_male_nude_male,0,1500
win_variation_(umamusume),4,1500
sailor_jupiter,4,1500
pee_stain,0,1500
shirt_partially_removed,0,1500
red_pikmin,4,1500
skirk_(genshin_impact),4,1499
hatake_kakashi,4,1499
steven_stone,4,1499
norma_hollowell,4,1498
herta_(puppet)_(honkai:_star_rail),4,1498
edmond_dantes_(fate),4,1498
single-shoulder_dress,0,1498
marciana_(nikke),4,1498
sneezing,0,1498
murasame_kai_ni_(kancolle),4,1498
holding_with_feet,0,1498
covering_ass,0,1497
gundam_seed_freedom,3,1497
rimuru_tempest,4,1497
argyle_sweater,0,1497
gunblade,0,1496
mother_3,3,1496
kamina_(ttgl),4,1496
the_elder_scrolls,3,1496
blue_corset,0,1496
shining_(series),3,1496
empire_waist,0,1495
snowflake_background,0,1495
fire_on_chest,0,1495
amazon_position,0,1495
spider-man:_into_the_spider-verse,3,1495
purple_bag,0,1495
melon_bread,0,1495
dissolving,0,1494
licking_another's_neck,0,1494
polar_bear,0,1494
oikawa_shizuku,4,1494
meadow,0,1493
blue_shrug,0,1493
star_wand,0,1493
ryuzaki_kaoru,4,1493
lux_(league),4,1492
ookami_mio_(1st_costume),4,1492
comiket_104,3,1492
black_overalls,0,1492
ipod,0,1492
unworn_necktie,0,1491
varesa_(genshin_impact),4,1491
fitting_room,0,1491
hoyofair,0,1491
aqua_sleeves,0,1490
radish,0,1490
yuno_(hidamari_sketch),4,1490
stuffed_penguin,0,1490
beatrice_(re:zero),4,1488
ears_visible_through_hair,0,1488
toshi_densetsu_kaitai_center,3,1488
public_restroom,0,1488
against_fourth_wall,0,1487
cat_mask,0,1487
red_crown,0,1487
screw_hair_ornament,0,1487
legband,0,1487
josou_seme,0,1487
pink_hakama,0,1487
hare_(blue_archive),4,1487
mind_break,0,1486
hasumi_(swimsuit)_(blue_archive),4,1486
abe_nana,4,1486
torn_swimsuit,0,1485
ralts,4,1485
brown_flower,0,1485
holding_rope,0,1485
handsfree_breast_squeeze,0,1484
kenmochi_touya,4,1484
pill_earrings,0,1484
note,0,1483
green_helmet,0,1483
eddsworld,3,1483
hishi_amazon_(umamusume),4,1483
trunks_(dragon_ball),4,1483
shield_on_back,0,1482
sheet_ghost,0,1482
bandaid_on_neck,0,1481
iori_(swimsuit)_(blue_archive),4,1481
dan_heng_(hunt)_(honkai:_star_rail),4,1481
covering_one_breast,0,1481
rabbit_costume,0,1481
flag_background,0,1481
kanae_(nijisanji),4,1481
champion_uniform_(pokemon),0,1481
fur_boots,0,1480
pink_sandals,0,1480
ragna_the_bloodedge,4,1480
fennekin,4,1480
sparrow,0,1479
cafe_stella_to_shinigami_no_chou,3,1479
futsuu_no_keion-bu,3,1479
ski_goggles,0,1479
medieval,0,1479
arcana_heart,3,1479
behind-the-head_headphones,0,1479
black_jumpsuit,0,1479
tile_ceiling,0,1478
zero_no_kiseki,3,1478
braces,0,1477
capcom,3,1477
raora_panthera_(1st_costume),4,1477
player_2,0,1477
akira_(blue_archive),4,1477
drugged,0,1476
psyduck,4,1476
sitting_on_branch,0,1476
altaria,4,1476
crystalfly_(genshin_impact),4,1476
ryuuko_no_ken,3,1476
male_underwear_peek,0,1476
d4dj,3,1475
youjo_senki,3,1475
tapir_girl,0,1475
ero_guro,0,1475
uzaki_hana,4,1475
gilles_de_rais_(fate),4,1475
ar_tonelico,3,1475
credits,0,1475
hand_on_own_crotch,0,1474
yuuri_(shoujo_shuumatsu_ryokou),4,1474
scratching_head,0,1474
lucy_heartfilia,4,1474
tsukuyomi_shirabe,4,1474
star_ocean:_the_second_story,3,1473
see-through_panties,0,1473
nepgear,4,1473
sugimoto_saichi,4,1473
first_aid_kit,0,1473
suzuya_kai_ni_(kancolle),4,1473
lacey_(pokemon),4,1472
inktober,0,1472
holding_bra,0,1472
protecting,0,1472
cross-laced_legwear,0,1472
orange_horns,0,1471
glove_cutout,0,1471
marth_(fire_emblem),4,1471
kouyoku_senki_exs-tia_concert,3,1470
covered_pectorals,0,1469
cork,0,1468
ganguro,0,1468
testicle_grab,0,1468
kaela_kovalskia,4,1468
isometric,0,1468
the_legend_of_zelda:_majora's_mask,3,1468
tailless_(zenless_zone_zero),4,1468
kami_nomi_zo_shiru_sekai,3,1467
snorlax,4,1467
victorian,0,1466
ssss.dynazenon,3,1466
double_\m/,0,1466
guard_rail,0,1466
ingrid_brandl_galatea,4,1466
vibrator_in_thigh_strap,0,1465
2009,0,1465
sister_claire,4,1465
chito_(shoujo_shuumatsu_ryokou),4,1465
valorant,3,1464
arashi_(kancolle),4,1464
mahou_shoujo_lyrical_nanoha_vivid,3,1464
ichinose_uruha,4,1463
homu_(honkai_impact),4,1463
meta,0,1463
pekomon_(usada_pekora),4,1463
crotchless_pantyhose,0,1462
.hack//,3,1462
assam_(girls_und_panzer),4,1462
rpk-16_(girls'_frontline),4,1462
olimar,4,1462
girly_boy,0,1461
zara_(azur_lane),4,1461
yusa_kozue,4,1461
heisei_retro,0,1461
red_panda_ears,0,1460
long_scarf,0,1460
ball_and_chain_restraint,0,1460
roboco-san,4,1460
detached_leggings,0,1460
okita_souji_alter_(fate),4,1460
momoe_nagisa,4,1459
scott_pilgrim_takes_off,3,1459
wagnaria_uniform,0,1459
manatsu_no_yo_no_inmu,3,1459
hisui_(tsukihime),4,1459
orange_coat,0,1459
gorou_(genshin_impact),4,1458
broken_armor,0,1458
clumsy_nun_(diva),4,1458
hooded_shrug,0,1458
asagumo_(kancolle),4,1458
resident_evil_2,3,1457
meteor_shower,0,1457
two-tone_tail,0,1457
nanairogaoka_middle_school_uniform,0,1457
wataboushi,0,1456
l_hand,0,1456
akizuki_ryo,4,1456
food-themed_background,0,1456
cauldron,0,1455
brown_mittens,0,1455
makabe_mizuki,4,1455
failure_penguin,4,1455
red_carpet,0,1454
scylla,0,1454
male_underwear_pull,0,1453
dhole_(kemono_friends),4,1452
rosaria_(genshin_impact),4,1452
sieg_(fate),4,1452
minamoto_no_raikou_(swimsuit_lancer)_(fate),4,1452
alisa_ilinichina_amiella,4,1452
transparent_censoring,0,1452
nimi_nightmare,4,1452
haramaki,0,1451
chrysanthemum,0,1451
nanao_yuriko,4,1451
pinching_own_belly,0,1451
hyena_boy,0,1451
ben_10,3,1451
kamiyama_high_school_uniform_(hyouka),0,1451
ofuda_between_fingers,0,1451
aegir_(azur_lane),4,1451
kazanari_tsubasa,4,1451
roblox,3,1451
mizuki_(arknights),4,1450
yuuki_(sao),4,1450
flower_hairband,0,1450
yukoku_kiriko,4,1450
mummy,0,1449
saber_alter_(swimsuit_rider)_(second_ascension),4,1449
yamato-no-kami_yasusada,4,1449
double_amputee,0,1448
beetle,0,1448
holding_marker,0,1448
mmm_threesome,0,1448
last_defense_academy_school_uniform,0,1448
inuyama_aoi,4,1448
eureka_seven,3,1448
movie_poster_(medium),0,1447
sakurajima_mai,4,1447
high_wizard_(ragnarok_online),4,1447
scathach_(lancer)_(fate),4,1447
survey_corps_(emblem),0,1447
blanc_(neptunia),4,1446
sona_(league),4,1446
kaine_(nier),4,1446
kitasan_black_(gilded_shrine_to_glory)_(umamusume),4,1445
holding_bass_guitar,0,1445
jolly_roger,0,1445
ass-to-ass,0,1445
shotgun_shell,0,1445
captain_(honkai_impact),4,1444
gundam:_hathaway's_flash,3,1444
fur-trimmed_leotard,0,1444
undone_neck_ribbon,0,1444
jing_yuan,4,1444
comedic_sweatdrop,0,1443
doukyuusei_another_world,3,1443
rice_on_face,0,1442
enemy_lifebuoy_(kancolle),4,1442
skirt_flip,0,1442
angora_rabbit,0,1441
combat_knife,0,1441
blend_s,3,1441
kiso_kai_ni_(kancolle),4,1441
jungle,0,1441
spider-man:_across_the_spider-verse,3,1440
mari_(idol)_(blue_archive),4,1440
missing_tooth,0,1440
nipple_chain,0,1439
pose_imitation,0,1439
furret,4,1439
swire_(arknights),4,1439
altera_(fate),4,1439
gogeta,4,1439
different_shadow,0,1439
yellow_bandeau,0,1439
sen_no_kiseki_iii,3,1438
rydia_(ff4),4,1438
da_capo,3,1438
magical_boy,0,1438
nishino_flower_(umamusume),4,1438
pravda_school_uniform,0,1438
fruit_hat_ornament,0,1437
tanaka_kotoha,4,1437
fiery_wings,0,1437
soulworker,3,1437
smelling_clothes,0,1437
ibuki_tsubasa,4,1437
pig_ears,0,1437
latex_thighhighs,0,1436
green_fire,0,1436
grabbing_another's_twintails,0,1436
cheren_(pokemon),4,1435
red_soul_(utdr),4,1435
emo_fashion,0,1435
erika_(pokemon),4,1435
green_scales,0,1434
myoudouin_itsuki,4,1434
holding_reins,0,1434
jade_leech,4,1433
double_dildo,0,1433
ashtray,0,1433
kinomoto_sakura_(magician),4,1432
nissan,0,1432
kyoka_(princess_connect!),4,1432
aizawa_ema,4,1432
french_flag,0,1432
eyeball_hair_ornament,0,1432
hogtie,0,1432
crane_(animal),0,1432
minotaur,0,1432
konohagakure_shinobi_uniform,0,1432
comiket_103,3,1432
prank,0,1431
grey_helmet,0,1430
jetpack,0,1430
horse_boy,0,1430
okazaki_yumemi,4,1430
persona_(summon),0,1430
seliph_(fire_emblem),4,1430
food_wrapper,0,1430
sports_bra_lift,0,1429
downturned_eyes,0,1429
nihongami,0,1429
charlotte_dunois,4,1429
canopy_bed,0,1429
the_king_of_fighters_xv,3,1428
fruit_on_head,0,1428
flygon,4,1428
platinum_(arknights),4,1427
yellow_sailor_collar,0,1427
butterfly_tattoo,0,1427
hourai_doll,4,1427
middle_part,0,1426
bikini_shorts,0,1426
shuuniichido_classmate_wo_kau_hanashi,3,1426
gundam_build_divers,3,1426
tantou,0,1426
medb_(fate),4,1426
red_scales,0,1425
yellow_petals,0,1425
amanogawa_kirara,4,1425
dragonfly,0,1425
yorumi_rena,4,1425
douluo_dalu,3,1425
roasted_sweet_potato,0,1424
yin_yang_print,0,1424
nagi_no_asukara,3,1424
checkered_dress,0,1424
holding_bell,0,1424
arashi_chisato,4,1424
japan_national_police,0,1423
track_and_field,0,1423
chikan,0,1423
kama_(teenager)_(fate),4,1423
h&k_ump,0,1423
monkey_girl,0,1423
apron_lift,0,1422
they_had_lots_of_sex_afterwards_(meme),0,1422
jack-o'_valentine,4,1422
armored_bodysuit,0,1422
checkered_sash,0,1422
cure_marine,4,1422
lead_pipe,0,1422
guts_(berserk),4,1421
suomi_(girls'_frontline),4,1421
trigger_(zenless_zone_zero),4,1421
pachirisu,4,1420
dragon_quest_ii,3,1420
o-ring_harness,0,1420
wei_wuxian_(yiling_laozu),4,1420
radiation_symbol,0,1420
holding_menu,0,1420
clothesline,0,1420
tomoe_hotaru,4,1420
body_switch,0,1419
inflatable_raft,0,1419
pointy_shoes,0,1419
cum_on_pectorals,0,1419
tosen_jordan_(umamusume),4,1419
pelvic_curtain_lift,0,1418
broccoli,0,1418
diona_(genshin_impact),4,1418
holding_spring_onion,0,1418
fuurinkan_high_school_uniform,0,1417
track_uniform,0,1417
reines_el-melloi_archisorte,4,1417
magical_ruby,4,1417
leaning_on_table,0,1417
moth_girl,0,1416
kourin_tenshi_en_ciel_rena,3,1416
pink_leg_warmers,0,1416
mahou_senshi_(series),3,1416
green_jumpsuit,0,1416
ark_order,3,1416
five_nights_at_freddy's,3,1415
chattino_(raora_panthera),4,1415
yellow_visor_cap,0,1415
poppy_(flower),0,1415
paper_on_head,0,1415
oversized_limbs,0,1414
t.m._opera_o_(o_sole_suo!)_(umamusume),4,1414
miside,3,1414
momozono_love,4,1414
blue_scales,0,1414
shrugging,0,1413
dead_or_alive_5,3,1413
cinderace,4,1413
polka_dot_ribbon,0,1413
tanya_degurechaff,4,1412
eden_(honkai_impact),4,1412
morgana_(persona_5),4,1411
hands_on_hilt,0,1411
purah,4,1410
nekoyashiki_yuki,4,1410
monster_hunter:_world,3,1410
rising_sun_flag,0,1410
emoticon,0,1410
sucrose_(genshin_impact),4,1409
ahoge_wag,0,1409
sabaton,0,1409
tsurumaru_kuninaga,4,1409
race_bib,0,1409
dark_cloud,0,1408
in_bathtub,0,1408
murder,0,1407
dressing_another,0,1406
basketball_jersey,0,1406
hayasaka_ai,4,1406
mita_(miside),4,1406
corbeau_(pokemon),4,1406
chiori_(genshin_impact),4,1405
holly_hair_ornament,0,1405
haramura_nodoka,4,1405
komano_manato,4,1405
nearl_(arknights),4,1405
lotus_leaf,0,1405
bishoujo_senshi_sailor_moon_stars,3,1405
surcoat,0,1404
nakiri_ayame_(1st_costume),4,1404
hoshino_fumina,4,1404
frilled_straps,0,1404
arm_out_of_sleeve,0,1404
acerola_(pokemon),4,1403
elephant,0,1403
dogeza,0,1403
extra_faces,0,1403
bullying,0,1402
sickle,0,1402
tenko_shibuki,4,1401
aura_(sousou_no_frieren),4,1401
tanino_gimlet_(umamusume),4,1401
holding_torch,0,1401
shirobako,3,1401
poke_ball_theme,0,1401
frozen,0,1401
takane_lui_(1st_costume),4,1401
suri_alpaca_(kemono_friends),4,1400
tamagoyaki,0,1400
emperor_penguin_(kemono_friends),4,1400
justice_(helltaker),4,1400
fist_bump,0,1399
orange_apron,0,1399
webbed_hands,0,1399
mordred_(memories_at_trifas)_(fate),4,1399
valkyrie,0,1399
white_slippers,0,1399
pixel_heart,0,1399
face_down,0,1398
soft_serve,0,1398
arthur_pendragon_(fate),4,1398
maikaze_(kancolle),4,1398
chess,0,1398
jogasaki_noah,4,1398
arimura_mao,4,1398
holding_egg,0,1397
tsukumo_yatsuhashi,4,1397
foreplay,0,1397
cagalli_yula_athha,4,1397
jintsuu_kai_ni_(kancolle),4,1397
assassin's_creed_(series),3,1397
black_unitard,0,1397
back-print_panties,0,1397
jeweled_branch_of_hourai,0,1397
neo_zeon,0,1397
ta_ga_tame_no_alchemist,3,1396
flower_on_liquid,0,1396
penguin_hood,0,1396
lapras,4,1396
princess_principal,3,1395
eurasian_eagle_owl_(kemono_friends),4,1395
seele_(alter_ego),4,1395
butterfly_brooch,0,1395
joker_(persona_5),4,1395
toriyama_akira_(style),0,1395
azur_lane:_slow_ahead,3,1394
back_ribbon,0,1394
fender_stratocaster,0,1394
otter,0,1394
amusement_park,0,1393
dilation_tape,0,1393
ken_masters,4,1393
centipede,0,1393
vividred_operation,3,1393
azure_striker_gunvolt,3,1393
puchimasu!_(style),0,1393
elin,4,1393
gothic_punk,0,1393
holding_milk_carton,0,1392
dynamax,0,1392
joestar_birthmark,0,1392
cheshire_(azur_lane),4,1392
black_hole,0,1392
multiple_torii,0,1391
yui_(angel_beats!),4,1391
hypnosis_app,0,1391
momoi_airi,4,1390
little_red_riding_hood_(fairy_tale_character)_(cosplay),0,1390
goutokuji_mike,4,1390
finana_ryugu,4,1390
monitoring_(vocaloid),3,1390
amagi_(azur_lane),4,1389
holding_watering_can,0,1389
ikuno_dictus_(umamusume),4,1389
ness_(mother_2),4,1388
sailor_senshi,0,1388
kaleidostick,0,1387
butterfly_earrings,0,1387
piper_wheel,4,1387
blood_on_neck,0,1386
ooshio_(kancolle),4,1386
year_of_the_rat,0,1386
roland_(project_moon),4,1385
animal-themed_food,0,1385
yamato_takeru_(fate),4,1385
puyopuyo_20th_anniversary,3,1385
purple_sweater_vest,0,1385
gekkan_shoujo_nozaki-kun,3,1385
cure_black,4,1384
alcremie,4,1384
surfing,0,1384
blood_on_breasts,0,1383
soap_bottle,0,1383
leopard_ears,0,1383
beach_mat,0,1383
hiiragi_utena,4,1382
covered_penetration,0,1382
susie_(dark_world)_(deltarune),4,1382
white_rope,0,1381
vertical_foregrip,0,1381
kururugi_suzaku,4,1381
minna-dietlinde_wilcke,4,1381
strawberry_print_panties,0,1380
deviantart_logo,0,1380
drifloon,4,1380
silver_skin,0,1380
elise_(fire_emblem),4,1380
brown_ascot,0,1380
aviator_cap,0,1379
zara_(kancolle),4,1379
cuff_links,0,1379
arachne,0,1379
cat_choker,0,1379
alpaca_ears,0,1379
jax_(the_amazing_digital_circus),4,1378
ears_through_hood,0,1378
unconventional_steed,0,1378
mori_calliope_(streetwear),4,1378
akatsuki_uniform,0,1378
duckling,0,1378
toddlercon,0,1378
lucia_(pgr),4,1378
yidhari_murphy,4,1378
futanari_pov,0,1377
clark_kent,4,1377
jill_stingray,4,1377
evanescia_(honkai:_star_rail),4,1377
dock,0,1377
animal_with_hair,0,1376
utane_uta,4,1376
ifrit_(arknights),4,1376
hair_between_horns,0,1376
mask_over_one_eye,0,1376
hornet_(kancolle),4,1376
scratching_cheek,0,1376
shihakusho,0,1376
street_fighter_ii_(series),3,1375
cross-laced_bikini,0,1375
nekomiya_mana,4,1375
implied_masturbation,0,1374
mikuma_(kancolle),4,1374
golf_club,0,1374
houjou_tokiyuki_(nige_jouzu_no_wakagimi),4,1374
getsuyoubi_no_tawawa,3,1374
adashino_adami,4,1374
batman_symbol,0,1373
harley_quinn,4,1373
spines,0,1373
penis_on_pussy,0,1372
stellar_blade,3,1372
broken_mask,0,1372
buruma_aside,0,1372
eirika_(fire_emblem),4,1372
kamikita_komari,4,1371
nursery_rhyme_(fate),4,1371
holding_sketchbook,0,1370
scale_armor,0,1370
sendai_hazuki,4,1370
falin_touden_(chimera),4,1370
sam_browne_belt,0,1370
holding_dumbbell,0,1370
medium_sideburns,0,1370
yonaga_angie,4,1370
sewing,0,1369
fu_xuan_(honkai:_star_rail),4,1369
gekota,4,1369
chief_(path_to_nowhere),4,1369
chrom_(fire_emblem),4,1368
kino_no_tabi,3,1368
chihaya_(clothing),0,1368
tiki_(adult)_(fire_emblem),4,1367
arcane_jinx,4,1367
male_on_futa,0,1367
shiun_sumika,4,1367
at_computer,0,1366
xianyun_(genshin_impact),4,1366
kanou_aogu,4,1366
two-tone_sleeves,0,1366
suicide,0,1365
strike_witches:_suomus_misfits_squadron,3,1365
gilles_de_rais_(caster)_(fate),4,1365
izumi_yuki,4,1365
k1-b0,4,1365
lipstick_ring,0,1365
ass_tattoo,0,1365
quadruple_amputee,0,1364
mutton_chops,0,1364
jacinthe_(pokemon),4,1364
aqua_pants,0,1364
z/x,3,1364
kaguya_luna,4,1364
lap_pillow_invitation,0,1364
biting_own_finger,0,1364
spider_print,0,1363
glowing_flower,0,1363
suzuhara_lulu_(1st_costume),4,1363
alexandrina_sebastiane,4,1363
shuro_(blue_archive),4,1363
heart_hat_ornament,0,1363
mundane_made_awesome,0,1363
removing_jacket,0,1363
symboli_kris_s_(umamusume),4,1363
alphonse_elric,4,1362
yuuki_sakuna,4,1362
holding_another's_wrists,0,1362
stained_clothes,0,1362
satin_panties,0,1362
jingei_(kancolle),4,1362
my-otome,3,1362
design_speculation,0,1362
fingering_through_panties,0,1361
unworn_hair_ornament,0,1361
qixiong_ruqun,0,1361
takeda_harumi,4,1361
girls_und_panzer_senshadou_daisakusen!,3,1361
clownfish,0,1361
green_outline,0,1360
virtual_pet_(toy),0,1360
otter_ears,0,1360
kisaki_(swimsuit)_(blue_archive),4,1360
tsushima_(kancolle),4,1360
human_furniture,0,1360
sekaiju_no_meikyuu_3,3,1360
zen'in_maki,4,1360
mount_fuji,0,1359
ironmouse,4,1359
miyamoto_musashi_(swimsuit_berserker)_(second_ascension)_(fate),4,1359
hatsukaze_(kancolle),4,1358
bite_mark_on_shoulder,0,1357
gilgamesh_(caster)_(fate),4,1357
unworn_shorts,0,1357
cerydra_(honkai:_star_rail),4,1357
xenogears,3,1357
stuffed_dog,0,1356
mawile,4,1356
chihiro_(blue_archive),4,1356
holding_handcuffs,0,1356
net,0,1356
sauce,0,1356
sebastian_piyodore,4,1356
tape_bondage,0,1355
billboard,0,1355
pink_butterfly,0,1355
toyota,0,1355
naganami_kai_ni_(kancolle),4,1354
oka_asahi,4,1354
gravity_falls,3,1354
tingyun_(honkai:_star_rail),4,1353
indou_hikaru,4,1353
self_hug,0,1353
polka_dot_scrunchie,0,1353
bokken,0,1353
pretty_rhythm,3,1352
himemushi_momoyo,4,1351
ghost_girl,0,1351
united_states,0,1351
nanatsu_no_taizai,3,1351
sitting_on_shoulder,0,1350
chest_eye,0,1350
bandaged_foot,0,1350
asuka_(senran_kagura),4,1350
priestess,0,1350
grid,0,1350
x3,0,1350
gathers,0,1350
listening_to_music,0,1350
brown_cat,0,1349
thoma_(genshin_impact),4,1349
holding_club,0,1349
circle_formation,0,1348
marvel_vs._capcom,3,1348
dragon_ball_super_broly,3,1348
kneesocks_(psg),4,1348
multiple_thigh_straps,0,1348
dating,0,1347
shared_earphones,0,1347
maya_kai_ni_(kancolle),4,1347
masquerade_mask,0,1347
goat_tail,0,1347
pokemon_team,0,1347
onbashira,0,1347
kiriya_aoi,4,1346
layla_(genshin_impact),4,1346
black_mouth,0,1346
mega_man_zx_advent,3,1346
brown_feathers,0,1345
miyagi_shiori,4,1345
neo_universe_(umamusume),4,1345
holding_notepad,0,1345
mole_on_armpit,0,1344
durandal_(honkai_impact),4,1344
red_shrug,0,1344
lowleg_skirt,0,1344
saki_(swimsuit)_(blue_archive),4,1343
dragon_quest_viii,3,1343
karate_gi,0,1342
forced_smile,0,1342
nemoto_hina,4,1342
sephiroth_(ever_crisis),4,1342
resident_evil_3:_nemesis,3,1342
ib_(ib),4,1342
pink_sclera,0,1342
fast_food_uniform,0,1341
crotch_grab,0,1341
presenting_foot,0,1340
fami_(chainsaw_man),4,1340
hands_in_pocket,0,1340
lying_on_water,0,1340
roxas,4,1340
senji_muramasa_(fate),4,1339
bc_freedom_military_uniform,0,1338
drag-on_dragoon,3,1338
scouter,0,1338
yellow_one-piece_swimsuit,0,1338
wide_oval_eyes,0,1337
koseki_bijou_(1st_costume),4,1337
crazy_straw,0,1337
intrepid_(kancolle),4,1337
hado_nejire,4,1337
mewtwo,4,1336
adjusting_scarf,0,1336
planet_hair_ornament,0,1336
calligraphy,0,1336
hung_(arknights),4,1336
incense_burner,0,1336
military_rank_insignia,0,1335
king_dedede,4,1335
yuna_(ff10),4,1334
snow_rabbit,0,1334
himejima_akeno,4,1334
nijisanji_kr,3,1334
imai_lisa,4,1334
horned_hat,0,1333
gymnastics,0,1333
thong_aside,0,1333
jam,0,1333
specter_the_unchained_(arknights),4,1333
medjed_(fate),4,1333
non_non_biyori,3,1333
kirino_(blue_archive),4,1333
falchion_(fire_emblem),0,1332
double_strap_slip,0,1332
majo_no_takkyuubin,3,1332
ookami_mio_(hoodie),4,1332
after_masturbation,0,1331
kozakura_marry,4,1331
laundry_basket,0,1331
volleyball_net,0,1331
kei_(aris)_(blue_archive),4,1331
brown_robe,0,1330
orange_gem,0,1330
gingerbread_man,0,1330
yuuki_mikan,4,1330
leaf_umbrella,0,1330
living_room,0,1330
astolfo_(sailor_paladin)_(fate),4,1329
chabashira_tenko,4,1329
holding_dog,0,1329
dorothy_(nikke),4,1329
japan,0,1329
kfc,3,1329
marriage_proposal,0,1328
liquid_halo,0,1328
candlelight,0,1328
sophist's_robe_(ff14),0,1328
kino_(kino_no_tabi),4,1328
train_conductor,0,1328
kagami_mochi,0,1327
ring_necklace,0,1327
st._gloriana's_(emblem),0,1327
pearl_thong,0,1327
pushing_away,0,1327
red_camisole,0,1327
mismatched_thighhighs,0,1326
saunders_military_uniform,0,1326
honma_meiko,4,1326
orphie_magnusson,4,1326
minamoto_sakura,4,1326
aa_megami-sama,3,1326
ichigo_mashimaro,3,1325
france_(hetalia),4,1325
collared_halterneck,0,1325
spongebob_squarepants_(series),3,1325
parka,0,1324
iridescent_clothes,0,1324
hinomori_shizuku,4,1324
hekiho_academy_school_uniform,0,1324
taimanin_asagi,3,1324
comiket_102,3,1323
holding_clothes_hanger,0,1323
mane,0,1323
saniwa_(touken_ranbu),4,1323
milotic,4,1323
necrass_(arknights),4,1323
half-erect,0,1322
tonfa,0,1322
nekomata_okayu_(oversized_shirt),4,1322
decora,0,1322
naked_scarf,0,1322
goh_(pokemon),4,1322
odaiba_girls_high_school_uniform,0,1321
pitcher_(container),0,1321
holding_surfboard,0,1321
invincible_(series),3,1321
yu_yu_hakusho,3,1321
greninja,4,1321
jessica_(arknights),4,1321
helios_rising_heroes,3,1320
large_horns,0,1319
ambiguous_red_liquid,0,1319
diego_brando,4,1319
coffee_pot,0,1319
asahina_mirai,4,1319
kobo_kanaeru,4,1319
brazilian_flag_print,0,1319
mismatched_ear_covers,0,1318
unused_tire,0,1318
leopard_print_bikini,0,1318
sakura_(fire_emblem),4,1317
gastly,4,1317
white_haori,0,1317
kawashima_momo,4,1317
red_star,0,1317
catchphrase,0,1317
kama_(adult)_(fate),4,1317
shikanoin_heizou,4,1317
black_hiphighs,0,1317
panties_under_shorts,0,1316
knuckles_the_echidna,4,1316
plants_vs._zombies,3,1316
scar_on_tail,0,1316
arato_nagi,4,1316
broken_eyewear,0,1315
fudo_yusei,4,1315
weapon_focus,0,1315
unworn_gag,0,1315
cart,0,1314
bacon,0,1314
fate/grand_order_arcade,3,1313
measuring,0,1313
izayoi_aki,4,1313
pink_sports_bra,0,1313
dungeon,0,1312
obidome,0,1312
toe_cleavage,0,1312
hoshimachi_suisei_(sailor),4,1312
soviet,0,1312
world_dai_star,3,1312
bear_hood,0,1312
detached_hood,0,1312
pectoral_press,0,1312
dark_labia,0,1312
invisible,0,1311
microwave,0,1311
shidare_hotaru,4,1311
holding_blanket,0,1311
jaguar_(kemono_friends),4,1311
neuro-sama_(1st_costume),4,1311
seth_lowell,4,1311
chuunibyou,0,1310
gakkou_gurashi!,3,1310
fn_p90,0,1310
metal_gear_solid,3,1310
green_rose,0,1309
water_lily_flower,0,1308
bicycle_basket,0,1308
choke_hold,0,1308
pubic_tattoo_visible_through_clothes,0,1308
underpec,0,1308
doujima_nanako,4,1308
robotics;notes,3,1308
cabbage,0,1308
len_(tsukihime),4,1308
pagoda,0,1307
happy_anniversary,0,1307
movie_theater,0,1307
candelabra,0,1306
latex_leotard,0,1306
hand_on_own_hat,0,1306
chitose_(kancolle),4,1306
pink_tulip,0,1306
35p_(sakura_miko),4,1306
mole_above_eye,0,1306
undersized_animal,0,1305
timoris_(bang_dream!),4,1305
stitched_neck,0,1305
mia_taylor,4,1305
himouto!_umaru-chan,3,1304
tekken_8,3,1304
hozuki_kaede,4,1304
creature_on_shoulder,0,1303
grey_sclera,0,1303
shiina_mayuri,4,1303
phainon_(khaslana)_(honkai:_star_rail),4,1303
resident_evil_village,3,1302
deadpool_&_wolverine,3,1302
backless_swimsuit,0,1301
star_guardian_(league),0,1301
out_of_character,0,1301
hayasui_(kancolle),4,1301
sad_smile,0,1301
pawn_(chess),0,1301
venusaur,4,1301
battle_damage,0,1300
shirt_around_waist,0,1300
keep_out,0,1300
serika_(swimsuit)_(blue_archive),4,1300
fur-trimmed_bikini,0,1300
violet_evergarden_(series),3,1300
bite_mark_on_breast,0,1299
genderswap_on_non-genderswap,0,1299
unworn_cape,0,1299
resident_evil_6,3,1299
multicolored_bowtie,0,1299
chocolate-covered_food,0,1299
hatsushimo_(kancolle),4,1299
mg42,0,1298
compression_shirt,0,1298
varia_suit,0,1298
accident,0,1298
very_long_beard,0,1298
ball_and_chain_(weapon),0,1298
bulging_eyes,0,1298
dim_lighting,0,1298
luna_platz_(mega_man),4,1298
flirting,0,1297
rural,0,1297
handshake,0,1297
transcend_(umamusume),4,1297
isshiki_iroha,4,1297
female_chief_(path_to_nowhere),4,1297
see-through_curtains,0,1296
ribbon-trimmed_bikini,0,1296
skirt_basket,0,1296
seed_(zenless_zone_zero),4,1296
sharingan,0,1296
zhong_lanzhu,4,1295
pokemon_emerald,3,1295
fingers_to_cheeks,0,1294
snake_print,0,1294
yellow_sandals,0,1294
the_witcher_(series),3,1294
winged_bag,0,1293
guimpe,0,1293
orange_border,0,1293
alina_gray,4,1293
kasuga_mirai,4,1293
quaxly,4,1293
china_(hetalia),4,1292
holding_baton,0,1292
fumizuki_(kancolle),4,1292
wyvern,0,1292
floral_print_skirt,0,1292
bent_over_furniture,0,1291
nowaki_(kancolle),4,1291
fishing_line,0,1291
mochizuki_anna,4,1291
emmet_(pokemon),4,1291
green_pajamas,0,1290
yangyang_(wuthering_waves),4,1290
anchor_ornament,0,1290
reptile_boy,0,1290
eyes_in_shadow,0,1290
hagakure_toru,4,1289
hsien-ko,4,1289
card_parody,0,1289
frankenstein's_monster_(fate),4,1289
alternate_hair_ornament,0,1289
gawr_gura_(casual),4,1289
i-26_(kancolle),4,1289
pixiv_fantasia_last_saga,3,1289
hooded_track_jacket,0,1289
pinching_another's_belly,0,1288
aunt_and_niece,0,1288
sento_isuzu,4,1288
hands_on_own_chin,0,1288
murosaki_miyo,4,1288
pokemon_mystery_dungeon,3,1288
holy_quintet,0,1288
leggings_under_shorts,0,1287
studded_collar,0,1287
hunter_(bloodborne),4,1287
florence_nightingale_(trick_or_treatment)_(fate),4,1287
electric_plug_tail,0,1286
tokyo_ghoul:re,3,1286
sucy_manbavaran,4,1285
silverash_(arknights),4,1285
yami_kawaii,0,1285
gradient_tail,0,1285
hau_(pokemon),4,1285
stripper,0,1285
larcei_(fire_emblem),4,1285
kanba_girls_high_school_uniform,0,1284
compass,0,1284
rerebrace,0,1284
nekoyashiki_mayu,4,1284
bianca_(dq5),4,1284
unworn_jewelry,0,1284
trash,0,1284
shirt_under_sweater,0,1284
cassock,0,1283
temple,0,1283
uesugi_fuutarou,4,1283
ghost_(modern_warfare_2),4,1283
dao_gui_yi_xian,3,1283
swirl,0,1283
tentacle_girl,0,1282
eel,0,1282
searchlight,0,1281
carpaccio_(girls_und_panzer),4,1281
urinal,0,1281
silver_dress,0,1280
studio_ghibli,3,1280
scoop_neck,0,1280
satono_diamond_(natural_brilliance)_(umamusume),4,1280
volcano,0,1280
small_chastity_cage,0,1279
trigram,0,1279
starting_future_(umamusume),0,1279
oozora_subaru_(1st_costume),4,1279
lupa_(wuthering_waves),4,1279
nanami_yachiyo,4,1279
kurumi_(blue_archive),4,1278
tri_braids,0,1278
toyokawa_fuka,4,1278
war_hammer,0,1278
kirby_64,3,1278
yellow_capelet,0,1277
spreading_another's_anus,0,1277
paper_texture,0,1277
star_balloon,0,1277
one_piece_film:_red,3,1277
my_little_pony:_equestria_girls,3,1277
nisekoi,3,1276
holding_another's_foot,0,1276
kasuga_ayumu,4,1276
clock_eyes,0,1276
taut_leotard,0,1276
cum_on_fingers,0,1276
sonia_nevermind,4,1276
raccoon_boy,0,1276
black_haori,0,1275
uchiha_sarada,4,1275
prison,0,1275
frostnova_(arknights),4,1275
mizuno_ai,4,1275
ui_(swimsuit)_(blue_archive),4,1275
devil_may_cry_3,3,1275
izutsumi,4,1275
stained_sheets,0,1275
edogawa_conan,4,1274
carapace,0,1274
akame_ga_kill!,3,1274
twin_turbo_(blast_mode!_turbo_engine)_(umamusume),4,1274
fushigi_no_umi_no_nadia,3,1274
cowgirl_(western),0,1274
daiba_nana,4,1274
shirt_bow,0,1273
touhoku_zunko,4,1273
yamagishi_fuuka,4,1273
yellow_armor,0,1273
firelock,0,1273
underlighting,0,1273
heart_ear_ornament,0,1273
utawarerumono:_chiriyuku_mono_e_no_komoriuta,3,1272
arcade_cabinet,0,1272
inukai_komugi,4,1272
shirogane_noel_(1st_costume),4,1271
hoshino_(first_year)_(blue_archive),4,1271
rust,0,1271
lappland_the_decadenza_(arknights),4,1270
tabby_cat,0,1270
female_service_cap,0,1270
chikuma_(kancolle),4,1270
cardigan_under_jacket,0,1270
prison_cell,0,1270
fake_video,0,1269
glowing_hand,0,1269
namazuo_toushirou,4,1269
absolutely_everyone,0,1268
pop'n_music,3,1268
holding_flower_pot,0,1267
uta_(one_piece),4,1267
mawaru_penguindrum,3,1267
punching_viewer,0,1267
shoulder_guard,0,1267
kitten,0,1267
fushiguro_toji,4,1267
hands_on_another's_back,0,1267
yamanaka_ino,4,1266
bridle,0,1266
purple_pubic_hair,0,1266
side_up_ring,0,1266
heart_sticker,0,1266
penis_shadow,0,1265
hakozaki_serika,4,1265
box_art,0,1265
christmas_wreath,0,1265
strawberry_slice,0,1265
wafer_stick,0,1265
police_car,0,1264
single_mechanical_eye,0,1264
red_male_underwear,0,1264
knight_(chess),0,1264
black_nightgown,0,1264
white_hakama,0,1263
riding_animal,0,1263
jacket_girl_(dipp),4,1263
takanami_(kancolle),4,1263
bruce_wayne,4,1263
nyan,0,1263
block_heels,0,1263
sabo_(one_piece),4,1262
boothill_(honkai:_star_rail),4,1262
kaede_(blue_archive),4,1262
cumdump,0,1262
minato_yukina,4,1262
ear_birthmark,0,1262
ys,3,1261
thick_chest_hair,0,1261
aqua_vest,0,1261
makoto_(blue_archive),4,1261
tripod,0,1261
raspberry,0,1261
cosmog,4,1261
kasaki_nozomi,4,1261
low-cut_armhole,0,1261
sugiura_ayano,4,1261
striped_hat,0,1261
character_and_genderswap,0,1260
kiratto_pri_chan,3,1260
meltryllis_(swimsuit_lancer)_(first_ascension)_(fate),4,1260
purple_armband,0,1260
bath_stool,0,1260
tree_horns,0,1260
kizumonogatari,3,1260
latios,4,1260
ziche_fuzhao,4,1260
g'raha_tia,4,1260
hypno,4,1259
isolde_(reverse:1999),4,1259
dark_room,0,1259
island_fox_(kemono_friends),4,1258
ayunda_risu,4,1258
holding_breath,0,1258
penis_to_breast,0,1258
step-siblings,0,1258
kako_(kancolle),4,1258
square_pupils,0,1258
armpit_sex,0,1258
kos-mos,4,1257
smartphone_case,0,1257
luna_nova_school_uniform,0,1257
yui_(princess_connect!),4,1257
cu_chulainn_alter_(fate),4,1257
tea_set,0,1257
widow's_peak,0,1257
drowning,0,1256
sewing_needle,0,1256
golden_apple,0,1256
takumi_(fire_emblem),4,1256
canned_coffee,0,1256
hat_over_eyes,0,1256
saionji_hiyoko,4,1255
subarashiki_hibi,3,1255
black_headdress,0,1255
keyblade,0,1255
micro_bra,0,1255
shinkai_no_valkyrie,3,1255
sancho_(project_moon),4,1255
fleur-de-lis,0,1255
musashi_(azur_lane),4,1254
suzuran_(spring_praise)_(arknights),4,1254
pyra_(pro_swimmer)_(xenoblade),4,1253
splattershot_(splatoon),0,1253
yumehara_nozomi,4,1253
eve_(elsword),4,1253
holding_chainsaw,0,1253
hakurei_shrine,0,1253
cock_ring,0,1252
yu-gi-oh!_zexal,3,1252
momo_velia_deviluke,4,1252
key_(company),3,1252
print_pants,0,1252
nijiura_maids,3,1252
ivan_karelin,4,1252
comiket_108,3,1251
tokisadame_school_uniform,0,1251
2b_(nier:automata)_(cosplay),0,1251
joy-con,0,1251
billy_kid,4,1250
adeptus_astartes,4,1250
shy_(series),3,1250
galo_thymos,4,1250
splatoon_2:_octo_expansion,3,1250
holding_binoculars,0,1249
furudo_erika,4,1249
dangle_earrings,0,1249
gumroad_username,0,1249
scalpel,0,1248
fruit_as_cup,0,1248
yamper,4,1248
ragnarok:_guild_masters,3,1248
fleur_de_lapin_uniform,0,1248
short_sideburns,0,1247
wooden_bench,0,1247
handjob_gesture,0,1247
kaname-ishi,0,1247
heart_hands_failure,0,1247
model_kit,0,1247
stuffed_panda,0,1247
heterochromatic_eyewear,0,1247
slim_legs,0,1246
crown_hair_ornament,0,1246
striped_one-piece_swimsuit,0,1246
ivysaur,4,1246
hugging_book,0,1246
cutting,0,1245
picnic_blanket,0,1245
broken_sword,0,1245
gold_bra,0,1245
penance_(arknights),4,1245
millia_rage,4,1245
extra_pupils,0,1245
erlenmeyer_flask,0,1245
contrast,0,1245
heropin,0,1244
froggy_nun_(diva),4,1244
xuangzang_sanzang_(fate),4,1244
familiar,0,1244
aoba_moca,4,1244
ribbon-trimmed_shirt,0,1244
volo_(pokemon),4,1243
square,0,1243
kidou_senkan_nadesico,3,1243
tsurumaki_kokoro,4,1243
flat_screen_tv,0,1243
cheng_xiaoshi,4,1243
floral_print_shirt,0,1243
oar,0,1243
throwing_knife,0,1242
yumenosaki_school_uniform,0,1242
orca_girl,0,1242
nui_sociere,4,1240
muto_yugi,4,1240
crushing,0,1240
plaid_shorts,0,1240
ushizaki_urumi,4,1240
still_in_love_(scarlet_vow_raiment)_(umamusume),4,1240
ikaruga_(senran_kagura),4,1240
black_coat_(kingdom_hearts),0,1239
spade_hair_ornament,0,1239
miles_edgeworth,4,1239
pectoral_focus,0,1239
holomyth,0,1239
locomotive,0,1238
winry_rockbell,4,1238
boutonniere,0,1238
spiral,0,1238
minami-ke,3,1238
plant_hair,0,1238
kotoyoro,0,1238
sawa_azusa,4,1237
dollar_sign,0,1237
face_in_pillow,0,1237
marie_rose,4,1237
denonbu,3,1237
vestia_zeta,4,1237
hoshimachi_suisei_(casual),4,1237
miyamizu_mitsuha,4,1237
aeug,0,1236
yagami_light,4,1236
hina_(pajamas)_(blue_archive),4,1236
ojamajo_doremi,3,1236
kira_yoshikage,4,1236
single-shoulder_shirt,0,1235
digital_clock,0,1235
hololive_idol_uniform_(origin),0,1235
rumi_(blue_archive),4,1235
uzuki_kou,4,1235
emma_frost,4,1234
purple_tank_top,0,1234
flipped_bangs,0,1234
yamashiro_(azur_lane),4,1234
revy_(black_lagoon),4,1233
shark_fin,0,1233
low_poly,0,1233
promeia_(zenless_zone_zero),4,1232
space_print,0,1232
heart-shaped_hair,0,1232
skeletal_wings,0,1232
shakujou,0,1232
poker_table,0,1231
tsuruya,4,1231
dream_c_club_(series),3,1231
holding_carrot,0,1231
honeycomb_background,0,1231
honebami_toushirou,4,1231
midare_toushirou,4,1231
muffin_top,0,1231
ribbon-trimmed_capelet,0,1230
mole_on_pussy,0,1230
akane_(bunny)_(blue_archive),4,1230
flower_trim,0,1229
tron_bonne_(mega_man),4,1229
tambourine,0,1229
hair_wings,0,1229
ingrid_(capcom),4,1228
shigure_ui_(1st_costume)_(vtuber),4,1228
mudrock_(elite_ii)_(arknights),4,1228
special_week_(special_dreamer)_(umamusume),4,1228
pov_across_bed,0,1228
ivy_(fire_emblem),4,1228
kimi_kiss,3,1228
puyopuyo_quest,3,1227
angewomon,4,1227
kula_diamond,4,1227
curious,0,1227
pom-pom_(honkai:_star_rail),4,1227
throat_microphone,0,1227
rash_guard,0,1227
nihonga,0,1227
ononoki_yotsugi,4,1226
fujimaru_ritsuka_(male)_(polar_chaldea_uniform),4,1226
awning,0,1226
annie_leonhart,4,1226
bathhouse,0,1226
suspenders_slip,0,1226
bird_hair_ornament,0,1226
arm_on_table,0,1226
holding_candle,0,1226
grey_ascot,0,1226
pregnancy_test,0,1226
shuangyaji,0,1225
taichou_haori,0,1225
goomy,4,1225
o-ring_one-piece_swimsuit,0,1225
symboli_rudolf_(emperor's_path)_(umamusume),4,1225
hokuto_no_ken,3,1224
ear_flower,0,1224
pumpkin_hat,0,1224
amillion_(zenless_zone_zero),4,1224
huang_pao-lin,4,1224
charlie_morningstar,4,1223
vulpix,4,1223
fake_halo,0,1223
market_stall,0,1223
commissioner_insert,0,1223
brown_serafuku,0,1222
allister_(pokemon),4,1222
wu_zetian_(fate),4,1222
disguise,0,1222
shanks_(one_piece),4,1222
white_dog,0,1222
hypocrisy,0,1222
black_bustier,0,1222
sound_voltex,3,1221
alice_zuberg,4,1221
hishaku,0,1221
plaid_lapels,0,1221
yume_(blue_archive),4,1221
tensei_oujo_to_tensai_reijou_no_mahou_kakumei,3,1221
tohsaka_tokiomi,4,1221
village,0,1220
stiletto_(weapon),0,1220
dry_humping,0,1219
holding_feather,0,1219
clefairy,4,1219
graduation,0,1219
ai-generated_art_(topic),0,1219
aisha_landar,4,1219
yellow_pikmin,4,1219
lord_knight_(ragnarok_online),4,1219
ten'ou_haruka,4,1219
remembering,0,1218
vacuum_cleaner,0,1218
coconut_tree,0,1218
paw_print_pattern,0,1218
ikizulive!_love_live!_bluebird,3,1218
zaku_ii,4,1218
busou_shinki,3,1218
cowboy,0,1217
g36_(girls'_frontline),4,1217
armpit_hair_peek,0,1217
anglerfish,0,1217
thumbs_down,0,1217
saijo_juri,4,1217
cleft_chin,0,1217
ogata_chieri,4,1217
front-seamed_legwear,0,1217
teardrop-framed_glasses,0,1216
shylily,4,1216
red_panda_girl,0,1216
toggles,0,1216
runny_nose,0,1216
armbinder,0,1216
clive_rosfield,4,1216
cash_register,0,1216
littorio_(kancolle),4,1216
chaldea_bedroom,0,1216
lance_(pokemon),4,1216
thigh_focus,0,1216
gao,0,1216
breast_milk_in_container,0,1215
nudist,0,1215
yokoyama_nao,4,1215
strong,0,1215
l_(death_note),4,1215
pointy_boots,0,1215
foot_worship,0,1215
female_butler,0,1215
bird_on_arm,0,1214
holding_comb,0,1214
summer_pockets_school_uniform,0,1214
playground,0,1213
black_overskirt,0,1213
sol_badguy,4,1213
heart_on_chest,0,1213
cure_blossom,4,1213
unworn_scarf,0,1213
swastika,0,1212
helltaker_(character),4,1212
themed_object,0,1212
classic_lolita,0,1212
the_king_of_fighters_xiv,3,1212
stitched_leg,0,1212
pulchra_fellini,4,1211
mochizuki_(kancolle),4,1211
piledriver_(sex),0,1211
1970s_(style),0,1211
orange_bandana,0,1211
vehicle_interior,0,1211
dota_(series),3,1210
kai_no_kiseki,3,1210
frog_girl,0,1210
afterglow,0,1210
mortis_(persona)_(bang_dream!),4,1210
aponia,4,1210
starlight_academy_school_uniform,0,1210
2channel,3,1210
holding_above_head,0,1210
imperishable_night,3,1210
green_sky,0,1210
test_plugsuit_(evangelion),0,1210
violet_evergarden,4,1210
waving_arms,0,1209
tsuwabuki_high_school_uniform,0,1209
blue_male_swimwear,0,1209
erza_scarlet,4,1209
film_strip,0,1209
amuro_ray,4,1208
figure_four_sitting,0,1208
estellise_sidos_heurassein,4,1208
squeezing,0,1208
idoly_pride,3,1208
stomping,0,1208
bound_thighs,0,1208
hakurei_reimu_(pc-98),4,1208
warrior,0,1208
static,0,1207
yuzuha_riko,4,1207
hand_over_another's_mouth,0,1207
holding_pointer,0,1207
caliburn_(fate),0,1207
fat_rolls,0,1206
friend_(nanashi_mumei),4,1206
akitsu_maru_kai_(kancolle),4,1206
nagi_(kannagi),4,1206
female_rimming_male,0,1206
sandalphon_(granblue_fantasy),4,1206
floating_rock,0,1205
brown_pubic_hair,0,1205
gigi_murin_(1st_costume),4,1205
maruyama_aya,4,1205
pendant_collar,0,1205
small_dragon,0,1205
kanbaru_suruga,4,1204
ao_no_kiseki,3,1204
octoling_boy,4,1204
rhea_(fire_emblem),4,1204
monk,0,1204
scathach_(swimsuit_assassin)_(fate),4,1204
silica,4,1204
naked_cloak,0,1204
cryokinesis,0,1204
triquetra,0,1204
yomotsu_hisami,4,1203
tsujinaka_yoshiki,4,1203
kairi_(kingdom_hearts),4,1203
bonsai,0,1203
covered_clitoris,0,1203
yuuki_(princess_connect!),4,1203
entangled,0,1203
purple_apron,0,1203
hysilens_(honkai:_star_rail),4,1203
zorua,4,1202
animal_on_hand,0,1202
euryale_(fate),4,1202
facebook_logo,0,1202
european_architecture,0,1202
helluva_boss,3,1201
torn_socks,0,1201
sendai_hakurei_no_miko_(m.u.g.e.n),4,1201
ta-class_battleship,4,1201
green_overalls,0,1200
bust_cup,0,1200
holding_pocket_watch,0,1200
koleda_belobog,4,1200
kariyushi_shirt,0,1200
selfie_stick,0,1200
kurokawa_akane,4,1200
koizumi_mahiru,4,1200
holding_crossbow,0,1199
closet,0,1199
band_uniform,0,1199
pinstripe_skirt,0,1199
sky_lantern,0,1199
petra_gurin,4,1199
toe_seam,0,1199
racing_suit,0,1198
cast,0,1198
feixianji_(hairstyle),0,1198
mr._squeaks_(hakos_baelz),4,1198
owl_girl,0,1197
sion_eltnam_(type-moon),4,1197
fujimaru_ritsuka_(female)_(polar_chaldea_uniform),4,1197
shizuka_rin,4,1197
russo-ukrainian_war,0,1197
miia_(monster_musume),4,1197
z_saber,0,1197
flamethrower,0,1197
mitsumine_yuika,4,1196
sue_storm,4,1196
iroha_(samurai_spirits),4,1196
light_persona,0,1195
sekai_seifuku:_bouryaku_no_zvezda,3,1195
yellow_sports_bra,0,1195
safety_glasses,0,1195
spiked_belt,0,1195
satake_minako,4,1195
myrtle_(arknights),4,1194
ak-15_(girls'_frontline),4,1194
cure_white,4,1194
organs,0,1194
espurr,4,1194
depressed,0,1193
holographic_monitor,0,1193
knee_blush,0,1193
pet_food,0,1193
holding_jar,0,1193
grimoire_of_alice,0,1193
subterranean_animism,3,1192
midriff_sarashi,0,1192
code_geass:_lost_stories,3,1192
venom_(marvel),4,1192
uchuu_senkan_yamato,3,1192
see-through_thighhighs,0,1192
congratulations,0,1191
youtou_high_school_uniform,0,1191
super_real_mahjong,3,1191
arrancar,0,1191
tsunomaki_watame_(1st_costume),4,1191
bronya_rand,4,1191
cosmic_break,3,1191
cardigan_partially_removed,0,1191
lightning_farron,4,1190
alice_(nikke),4,1190
jason_todd,4,1190
biting_neck,0,1190
adapted_uniform,0,1190
cure_sunshine,4,1190
reverse_spitroast,0,1190
apple_inc.,3,1190
gun_on_back,0,1189
flying_teardrops,0,1189
roll_caskett_(mega_man),4,1189
brown_suit,0,1189
florence_nightingale_(berserker)_(fate),4,1189
red_pubic_hair,0,1189
brook_(one_piece),4,1188
martial_arts,0,1188
aesc_(fate),4,1188
one-piece_thong,0,1188
tokoro_megumi,4,1188
blue_archive_the_animation,3,1187
agatsuma_zenitsu,4,1187
takakura_ken_(transformed)_(dandadan),4,1187
fiery_tail,0,1187
falling_flower,0,1187
walking_on_liquid,0,1187
cum_on_eyewear,0,1187
nu-13,4,1187
memosprite,0,1186
table_humping,0,1186
unworn_thighhighs,0,1186
tit_(bird),0,1186
protagonist_3_(housamo),4,1186
reindeer_girl,0,1185
a-pose,0,1185
four-pointed_star,0,1185
cardiogram,0,1185
fujimaru_ritsuka_(female)_(decisive_battle_chaldea_uniform),4,1185
balance_scale,0,1185
fingersmile,0,1185
yinlin_(wuthering_waves),4,1185
holding_hair_brush,0,1184
narancia_ghirga,4,1184
leopard_tail,0,1184
chalky_(zenless_zone_zero),4,1184
blood_halo,0,1184
nanakusa_nichika,4,1184
fallen_angel,0,1184
stuffed_winged_unicorn,0,1184
omaru_polka_(1st_costume),4,1184
object_on_breast,0,1184
leaf_earrings,0,1183
hitohira_kazane,4,1183
pan_(dragon_ball),4,1183
arms_on_knees,0,1182
capcom_fighting_jam,3,1182
chili_pepper,0,1182
peacock_feathers,0,1182
polka_dot_bowtie,0,1182
shin_sangoku_musou,3,1182
clothes_pin,0,1181
sky_focus,0,1181
squidbeak_splatoon,0,1181
plaid_sleeves,0,1181
asian_indian_clothes,0,1180
wiz_(konosuba),4,1180
cockroach,0,1180
audio_jack,0,1180
fried_rice,0,1180
steaming_cup,0,1180
kars_(jojo),4,1180
optimus_prime,4,1180
prinz_eugen_(unfading_smile)_(azur_lane),4,1180
tada_riina,4,1180
lime_slice,0,1179
fire_emblem:_thracia_776,3,1179
purple_sclera,0,1179
tsumami_kanzashi,0,1179
mirai_nikki,3,1179
dedenne,4,1179
wakana_shiki,4,1179
pixiv,3,1179
on_stairs,0,1178
nemo_(fate),4,1178
reigen_arataka,4,1178
sorceress_(dragon's_crown),4,1178
fur-tipped_tail,0,1178
chrono_genesis_(umamusume),4,1178
yozora_mel,4,1178
rice_paddy,0,1178
lion_mane,0,1178
wax_seal,0,1178
fox_hair_ornament,0,1178
needle_(hollow_knight),0,1177
playable_command_(touhou),0,1177
magnet,0,1177
print_apron,0,1177
mordred_(third_ascension)_(fate),4,1176
paint_can,0,1176
sitting_sideways,0,1176
king_hassan_(fate),4,1176
flower-trimmed_sleeves,0,1176
hinaichigo,4,1176
hat_bell,0,1176
oven,0,1176
apollo_justice:_ace_attorney,3,1176
shared_object_insertion,0,1175
li_huowang,4,1175
ru-class_battleship,4,1175
katou_megumi,4,1175
pantyhose_only,0,1174
boulder,0,1174
fake_claws,0,1174
trigun_stampede,3,1174
junko_(blue_archive),4,1174
implied_extra_ears,0,1174
yukari_(blue_archive),4,1174
immobilization,0,1174
cat_on_lap,0,1173
kaiou_michiru,4,1173
zipper_dress,0,1173
ehoumaki,0,1173
gridman_universe_(movie),3,1173
fur_bikini,0,1173
breast_strap,0,1173
magician,0,1172
joystick,0,1172
daiya_no_ace,3,1172
kamisato_clan_(emblem),0,1172
primarina,4,1172
kitakami_kai_ni_(kancolle),4,1172
wheelbarrow,0,1171
devil_survivor_(series),3,1171
frilled_bonnet,0,1171
dream_c_club,3,1171
wakamo_(swimsuit)_(blue_archive),4,1171
bb_(swimsuit_mooncancer)_(second_ascension)_(fate),4,1171
odin_sphere,3,1171
dota_2,3,1170
occultic;nine,3,1170
tomimi_(arknights),4,1170
yellow_(pokemon),4,1170
mine_(blue_archive),4,1170
lolidom,0,1170
araragi_karen,4,1170
cloud_hair_ornament,0,1169
giratina,4,1169
floating_skull,0,1169
satono_crown_(umamusume),4,1169
funnels_(gundam),0,1169
nakiri_erina,4,1169
sylus_(love_and_deepspace),4,1169
panda_hood,0,1169
magikarp,4,1169
high-visibility_clothing,0,1168
snow_globe,0,1168
crosshair_pupils,0,1168
blood_on_wall,0,1168
pussy_juice_on_fingers,0,1168
piano_keys,0,1168
korra,4,1168
skating,0,1168
multiple_hats,0,1167
misaka_imouto,4,1167
brass_knuckles,0,1167
pharah_(overwatch),4,1167
furisode_sleeves,0,1167
worm,0,1167
anzio_military_uniform,0,1166
camera_around_neck,0,1166
grey_robe,0,1166
bee_girl,0,1166
cure_beauty,4,1166
shuffle!,3,1166
front-hook_bra,0,1165
game_development_department_(blue_archive),0,1165
soren_(fire_emblem),4,1165
floating_sword,0,1165
battle_spirits,3,1165
episode_number,0,1165
towel_around_waist,0,1165
pyramid_(structure),0,1165
nagusa_(blue_archive),4,1165
horned_hood,0,1165
ashley_graves,4,1164
shirogane_tsumugi,4,1164
shaymin,4,1164
neopolitan_(rwby),4,1164
pin,0,1164
vehicle_name,0,1164
signora_(genshin_impact),4,1163
holding_crowbar,0,1163
flower_(vocaloid),4,1163
hazuki_ren,4,1163
ashford_academy_school_uniform,0,1163
lina_inverse,4,1163
roy_(fire_emblem),4,1163
ouro_kronii_(maid),4,1162
book_on_lap,0,1162
hook,0,1162
unicorn_overlord,3,1162
lord_el-melloi_ii,4,1162
sigrika_(wuthering_waves),4,1162
plaid_bra,0,1162
buried,0,1162
julia_(fire_emblem),4,1162
lyria_(granblue_fantasy),4,1162
adjusting_panties,0,1161
on_boat,0,1161
agent_3_(splatoon),4,1161
animal_sexualization,0,1161
arms_around_another's_back,0,1161
fate/unlimited_codes,3,1161
blade_&_soul,3,1161
pneuma_(xenoblade),4,1160
tenjou_utena,4,1160
sanada_akihiko,4,1160
chinatsu_(blue_archive),4,1160
holding_paint_palette,0,1159
dodging,0,1159
presenting_removed_panties,0,1159
bikini_top_under_shirt,0,1159
cu_chulainn_(caster)_(fate),4,1159
evelynn_(league),4,1159
diamond_facial_mark,0,1159
prince,0,1158
mutual_masturbation,0,1158
baking,0,1158
monster_hunter_wilds,3,1158
collar_tug,0,1158
metal_wrist_cuffs,0,1157
panda_hair_ornament,0,1157
cerberus_(helltaker),4,1157
pokemon_unite,3,1157
refraction,0,1157
saga_(arknights),4,1157
looking_at_flowers,0,1157
disney,3,1157
jean_bart_(azur_lane),4,1156
donquixote_doflamingo,4,1156
grand_scale,0,1156
wingull,4,1156
ankle_wrap,0,1156
star_ocean:_till_the_end_of_time,3,1155
green_hood,0,1155
red_tube_top,0,1155
ushiromiya_maria,4,1155
kohinata_miho,4,1154
kirishima_eijiro,4,1154
arms_across_body,0,1154
wiping_mouth,0,1154
celica_(fire_emblem),4,1154
mojyo,0,1153
nintendo_3ds,0,1153
whislash_(arknights),4,1153
hooded_shirt,0,1153
en'en_no_shouboutai,3,1153
yatadera_narumi,4,1153
swim_goggles,0,1152
fakemon,0,1152
dejiko,4,1152
grabbing_another's_ear,0,1152
type_95_(girls'_frontline),4,1152
kazama_asuka,4,1152
obese,0,1152
gradient_skirt,0,1151
digital_dissolve,0,1151
dottore_(genshin_impact),4,1151
on_scooter,0,1151
tooth,0,1151
master_detective_archives:_rain_code,3,1151
freminet_(genshin_impact),4,1151
multicolored_ribbon,0,1151
viper_(nikke),4,1150
rudeus_greyrat,4,1150
naked_tabard,0,1150
griseo,4,1150
screen_light,0,1150
crocodile_(one_piece),4,1150
pen_in_pocket,0,1150
grey_outline,0,1150
triangle-shaped_pupils,0,1150
hataraku_maou-sama!,3,1150
yin_(darker_than_black),4,1150
ijichi_seika,4,1150
nekomusume_(gegege_no_kitarou_6),4,1150
celebi,4,1150
unconventional_sound_effect,0,1150
mask_lift,0,1149
fish_tank,0,1149
tezcatlipoca_(fate),4,1149
wreckage,0,1149
stuffed_sheep,0,1148
purple_headband,0,1148
high_five,0,1148
bead_choker,0,1148
v-taper,0,1148
exploding_clothes,0,1148
yellow_bandana,0,1148
sheep_tail,0,1148
maya_fey,4,1148
chise_(blue_archive),4,1147
paint_on_body,0,1147
kisaragi_shintarou,4,1147
shampoo_bottle,0,1147
swablu,4,1147
brown_long-eared_bat_(kemono_friends),4,1146
seele_(honkai:_star_rail),4,1146
ashigaya_high_school_uniform,0,1146
azumanga_daioh's_school_uniform,0,1146
star_platinum,4,1146
oda_nobukatsu_(fate),4,1146
quanxi_(chainsaw_man),4,1146
on_rooftop,0,1145
naruse_shiroha,4,1145
perfect_cherry_blossom,3,1145
brown-tinted_eyewear,0,1145
eva_02,4,1145
shiratsuyu_kai_ni_(kancolle),4,1145
whip_marks,0,1145
queen_draco_(fate),4,1145
hanami,0,1144
triangular_eyewear,0,1144
bell_earrings,0,1144
blue_pikmin,4,1144
holding_pastry_bag,0,1144
spoken_zzz,0,1144
natsuiro_matsuri_(1st_costume),4,1144
athrun_zala,4,1144
holding_mallet,0,1144
fluorescent_lamp,0,1144
holding_paddle,0,1143
crack_of_light,0,1143
black_vs_white,0,1143
anya_melfissa,4,1143
aru_(dress)_(blue_archive),4,1143
pov_breasts,0,1142
frilled_shawl,0,1142
mtu_virus,0,1142
piccolo,4,1142
okusawa_misaki,4,1142
leo_(fire_emblem_fates),4,1142
ots-14_(girls'_frontline),4,1142
izumi-no-kami_kanesada,4,1142
kujou_karen,4,1142
travel_attendant,0,1142
sorcerer_(ragnarok_online),4,1142
karin_(school_uniform)_(blue_archive),4,1141
layered_gloves,0,1141
diploma_tube,0,1141
heart-shaped_boob_challenge,0,1141
sensei_(blue_archive_the_animation),4,1141
kiki_(majo_no_takkyuubin),4,1141
sixteenth_note,0,1141
covered_anus,0,1141
tying,0,1141
eunectes_(arknights),4,1141
celes_chere,4,1140
guardian_tales,3,1140
power_connection,0,1140
orange_bra,0,1140
rindo_chihaya,4,1140
anal_only,0,1140
lenna_charlotte_tycoon,4,1140
tart_(food),0,1140
yamagumo_(kancolle),4,1140
jeanne_d'arc_alter_(avenger)_(third_ascension)_(fate),4,1140
yellow_mask,0,1140
yes!_precure_5_gogo!,3,1140
yakumo_beni,4,1139
kaai_yuki,4,1139
clothes_on_floor,0,1139
translucent_bunnysuit,0,1139
ikusaba_mukuro,4,1138
bismarck_(azur_lane),4,1138
pussy_focus,0,1138
mud,0,1138
final_fight,3,1138
weights,0,1137
diorama,0,1137
marill,4,1137
owari_no_seraph,3,1137
riolu,4,1137
heart_halo,0,1137
humboldt_penguin_(kemono_friends),4,1137
kotori_(blue_archive),4,1137
yagate_kimi_ni_naru,3,1136
cloud_tattoo,0,1136
collared_leotard,0,1136
pink_buruma,0,1136
wooper,4,1136
chaldea_staff_uniform,0,1136
melia_antiqua,4,1135
grand_theft_auto,3,1135
amane_kanata_(work),4,1135
kiana_kaslana_(herrscher_of_flamescion),4,1135
uzaki_tsuki,4,1135
reisen_(touhou_bougetsushou),4,1135
lugia,4,1135
inui_toko_(1st_costume),4,1134
sky_print,0,1134
luo_tianyi,4,1134
holding_cookie,0,1134
sagiri_(kancolle),4,1134
cuisses,0,1134
abigail_williams_(traveling_outfit)_(fate),4,1134
tomato_slice,0,1134
pokemon_ultra_sun_and_ultra_moon,3,1133
berserker_(fate/zero),4,1133
toji_no_miko:_kizamishi_issen_no_tomoshibi,3,1133
okkotsu_yuta,4,1133
mini_chef_hat,0,1132
midori_(maid)_(blue_archive),4,1132
halter_leotard,0,1132
anna_(frozen),4,1132
pokemon_the_series:_black_&_white,3,1132
kurobe_nanoka,4,1132
white_rabbit_(alice_in_wonderland),4,1132
cute_weapon,0,1132
flower_over_mouth,0,1132
magic_knight_rayearth,3,1132
varied_reactions,0,1131
boxing,0,1131
cue_stick,0,1131
wing_ears,0,1131
ant_tenna,4,1131
miyamoto_iori_(fate),4,1131
ribbon_earrings,0,1131
ikaruga_luca,4,1131
usada_hikaru,4,1131
super_saiyan_blue,0,1131
railroad_crossing,0,1131
samuel_b._roberts_(kancolle),4,1130
pumpkin_hair_ornament,0,1130
roma_(kancolle),4,1130
aqua_scarf,0,1130
cello,0,1129
licking_testicle,0,1129
fireball,0,1129
dragon_quest_builders_2,3,1129
romani_archaman,4,1129
kurokami_fubuki,4,1128
kami_jigen_game_neptune_v,3,1128
ferry_(granblue_fantasy),4,1128
sayagata,0,1128
zhuang_fangyi_(arknights),4,1127
vertical-striped_panties,0,1127
japari_bun,0,1127
flippers,0,1127
nayuta_(chainsaw_man),4,1126
cutout_eyelashes,0,1126
rin_(blue_archive),4,1126
quad_braids,0,1126
holding_hair_dryer,0,1126
desert_eagle,0,1126
censored_with_cum,0,1126
strapless_bottom,0,1126
sado_(kancolle),4,1126
braiding_another's_hair,0,1125
head_between_thighs,0,1125
stage_curtains,0,1125
lala_satalin_deviluke,4,1125
doom_(series),3,1124
kamille_bidan,4,1124
lazy_eye,0,1124
penis_measuring,0,1124
suou_patra,4,1124
hieroglyphics,0,1124
cupboard,0,1123
fishnet_bodystocking,0,1123
scanty_(psg),4,1123
spiked_armor,0,1123
asakura_karen_(heaven_burns_red),4,1123
pickup_truck,0,1123
cute_&_girly_(idolmaster),0,1123
orange_sash,0,1122
hand_on_another's_knee,0,1122
company_logo,0,1122
asymmetrical_pants,0,1122
foot_dangle,0,1122
projekt_red_(arknights),4,1122
jug_(bottle),0,1122
prostration,0,1122
troll_face,0,1122
taimanin_yukikaze,3,1122
crossed_wrists,0,1121
togepi,4,1121
inuyasha_(character),4,1121
bikini_top_aside,0,1121
wind_turbine,0,1121
single_mechanical_hand,0,1121
cecilia_immergreen_(1st_costume),4,1120
grey_eyeshadow,0,1120
ring_of_light_(blue_archive),0,1120
saya_no_uta,3,1120
m16,0,1120
sun_print,0,1120
nina_(fire_emblem),4,1120
blue_mask,0,1119
silver_bracelet,0,1119
shoulder_plates,0,1119
camera_flash,0,1119
food_name,0,1119
exoskeleton,0,1119
implied_cunnilingus,0,1119
fukuzawa_yumi,4,1119
hotpot,0,1119
ampharos,4,1119
franky_(one_piece),4,1118
magic:_the_gathering,3,1118
egg_laying,0,1118
arcane_vi,4,1118
konoka_(blue_archive),4,1118
long_toenails,0,1118
st._louis_(luxurious_wheels)_(azur_lane),4,1118
nadia_la_arwall,4,1118
sun_earrings,0,1118
hiyajou_maho,4,1118
panzer_iv,0,1118
blue_male_underwear,0,1118
doraemon_(character),4,1117
mercedes_von_martritz,4,1117
undersuit,0,1117
transverse_flute,0,1117
food_packaging,0,1117
cupless_bikini,0,1117
yoshi,4,1117
aragaki_shinjirou,4,1116
highschool_of_the_dead,3,1116
two-tone_vest,0,1116
armored_core_vi:_fires_of_rubicon,3,1116
hand_on_own_penis,0,1116
ibuki_fuuko,4,1116
sukonbu_(shirakami_fubuki),4,1116
puritan_collar,0,1116
roto_(dq3),4,1116
vane_(granblue_fantasy),4,1116
netzach_(project_moon),4,1116
convertible,0,1116
ass_press,0,1116
skin_seams,0,1116
very_long_ears,0,1115
sylvain_jose_gautier,4,1115
oddish,4,1115
iv_stand,0,1115
narutomaki,0,1115
orange_sclera,0,1114
black_sarong,0,1114
getter_robo,3,1114
abigail_williams_(swimsuit_foreigner)_(third_ascension)_(fate),4,1114
ciel_phantomhive,4,1114
cross_tattoo,0,1114
guardians_of_the_galaxy,3,1114
large_syringe,0,1113
two-tone_mask,0,1113
worldwide_miku,0,1113
grabbing_another's_face,0,1113
eva_01,4,1113
slaine_troyard,4,1113
white_slingshot_swimsuit,0,1113
kazami_yuuka_(pc-98),4,1112
king's_raid,3,1112
mihono_bourbon_(mb-19890425)_(umamusume),4,1112
minigun,0,1112
pinstripe_vest,0,1112
high-visibility_vest,0,1112
orca,0,1111
ssrb_(shishiro_botan),4,1111
gradient-tinted_eyewear,0,1111
shiina_yuika_(1st_costume),4,1111
sekaiju_no_meikyuu_1,3,1110
talulah_(arknights),4,1110
luminosite_eternelle,0,1110
tickling_armpits,0,1110
brown_shawl,0,1110
shadowheart_(baldur's_gate),4,1110
fading,0,1110
implacable_(azur_lane),4,1109
chou-10cm-hou-chan,4,1109
kanmuri_(headwear),0,1109
taneshima_popura,4,1109
pannacotta_fugo,4,1109
kurumi_noah,4,1109
vertical-striped_vest,0,1109
suzukaze_aoba,4,1109
sen_to_chihiro_no_kamikakushi,3,1109
kinugasa_kai_ni_(kancolle),4,1109
implied_pregnancy,0,1108
riyo_(lyomsnpmp)_(style),0,1108
baseball_jersey,0,1108
arcanine,4,1108
caracal_(kemono_friends),4,1108
fern,0,1108
clarisse_(granblue_fantasy),4,1108
kindred_(league),4,1107
nekota_tsuna,4,1107
brand_new_animal,3,1107
bralines,0,1107
animal_charm,0,1107
gigantamax,0,1107
robot_boy,0,1106
ouro_kronii_(casual),4,1106
iridescent,0,1106
venat_(ff14),4,1106
imperial_japanese_army,0,1106
dream_soul,0,1106
mascot_costume,0,1106
eishin_flash_(meisterschaft)_(umamusume),4,1106
guzma_(pokemon),4,1106
wavy_sidelocks,0,1106
utsumi_erice,4,1105
transparent_border,0,1105
disneyland,3,1105
menacing_(jojo),0,1105
chest_tuft,0,1105
wok,0,1105
miraculous_ladybug,3,1105
tuxedo_cat,0,1104
assassin_(fate/zero),4,1104
tooth_earrings,0,1104
assisted_rape,0,1104
arbok,4,1104
kirby_and_the_forgotten_land,3,1104
feet_only,0,1104
fukumoto_mahjong,3,1104
mismagius,4,1104
rainbow_mika,4,1104
keqing_(opulent_splendor)_(genshin_impact),4,1103
black_souls_2,3,1103
blue_mittens,0,1103
bluesky_logo,0,1103
bagpipe_(arknights),4,1103
arms_(game),3,1103
rei_(pokemon),4,1103
lady_(devil_may_cry),4,1103
magia_baiser,4,1102
saori_(dress)_(blue_archive),4,1102
klein_moretti,4,1102
shirogane_noel_(casual),4,1102
"don't_say_""lazy""",3,1102
green_tongue,0,1101
iron_bars,0,1101
price_tag,0,1101
steve_rogers,4,1101
trish_una,4,1101
wireless_earphones,0,1101
grecale_(kancolle),4,1101
akitsushima_(kancolle),4,1101
mukai_takumi,4,1101
arms_on_table,0,1101
energy_blade,0,1101
error_message,0,1100
covering_with_blanket,0,1100
flcl,3,1100
mononoke_hime,3,1100
catsuit,0,1100
italian_text,0,1100
scanlines,0,1100
taimanin_rpgx,3,1100
yofukashi_no_uta,3,1100
takamiya_rion,4,1099
sukusuku_hakutaku,0,1099
armored_skirt,0,1099
checkered_ribbon,0,1099
tengu_mask,0,1098
cleaning_rag,0,1098
tall_grass,0,1097
orange_trim,0,1097
sanbaka_(nijisanji),0,1097
blue_bandeau,0,1097
masu,0,1097
kobayashi_(maidragon),4,1097
harmony_(pokemon),4,1096
grandia,3,1096
melony_(pokemon),4,1096
snake_tattoo,0,1095
team_9_(touhou),0,1095
shin_megami_tensei_v,3,1094
lion_(kemono_friends),4,1094
kamen_rider_w,3,1094
vegetto,4,1094
aika_(series),3,1094
mejiro_bright_(umamusume),4,1094
gold_anklet,0,1094
hay,0,1094
mary_(ib),4,1093
tsuyuri_kanao,4,1093
richard_i_(fate),4,1093
blemishine_(arknights),4,1093
footwear_focus,0,1093
doro_(nikke),4,1093
tenchi_muyou!,3,1093
ray_gun,0,1093
curly_sidelocks,0,1092
charlotte_(anime),3,1092
klukai_(girls'_frontline_2),4,1092
marciana_(marine_study)_(nikke),4,1092
gun_to_own_head,0,1092
yellow_pajamas,0,1092
little_witch_nobeta,3,1092
saber_alter_(ver._shinjuku_1999),4,1092
neon_palette,0,1092
soap_(modern_warfare_2),4,1092
moomin,3,1092
plumeria,0,1092
roon_(azur_lane),4,1091
see-through_bikini,0,1091
asirpa,4,1091
exhaling_smoke,0,1091
abigail_williams_(third_ascension)_(fate),4,1091
cure_happy,4,1091
anisphia_wynn_palettia,4,1091
uryuu_ryuunosuke,4,1091
spread_armpit,0,1090
square_enix,3,1090
chocolate_making,0,1090
party,0,1090
ryugasaki_rene,4,1090
suzuka_gozen_(fate),4,1089
battleship,0,1089
lauma_(genshin_impact),4,1089
grey_one-piece_swimsuit,0,1089
xiangyun,0,1089
flailing,0,1088
licking_breast,0,1088
penis_under_another's_clothes,0,1088
kappa,0,1088
mimic,0,1088
yuu_(twisted_wonderland),4,1088
cross-laced_cutout,0,1088
ligne_claire,0,1087
tape_on_nipples,0,1087
danua,4,1087
manta_ray,0,1087
saya_(saya_no_uta),4,1087
gradient_kimono,0,1087
bomb_hybrid_(chainsaw_man),4,1087
balaclava,0,1087
van_gogh_(fate),4,1087
chainsaw_man_(character),4,1086
blob,0,1086
sketch_background,0,1086
lamb_(league),4,1086
hebi_nyoubou_(fate),4,1086
applying_another's_makeup,0,1085
elvaan,0,1085
dragon_tattoo,0,1085
no_hair_ornament,0,1084
unworn_eyepatch,0,1084
see-through_one-piece_swimsuit,0,1084
fist_pump,0,1084
randal_ivory,4,1084
credits_page,0,1084
ashley_graham,4,1084
rachel_alucard,4,1084
bus_interior,0,1084
school_of_fish,0,1083
sailor_swimsuit_(idolmaster),0,1083
arm_across_chest,0,1083
aki_(girls_und_panzer),4,1083
top_wo_nerae!_(series),3,1083
hand_milking,0,1083
feater_(arknights),4,1083
subaru_nakajima,4,1083
momoi_(maid)_(blue_archive),4,1083
holding_another's_tail,0,1082
orange_juice,0,1082
princess_of_moonbrook,4,1082
species_connection,0,1082
bolt_(hardware),0,1082
yunli_(honkai:_star_rail),4,1082
reed_the_flame_shadow_(arknights),4,1082
peni_parker,4,1082
oozora_subaru_(suspenders),4,1082
reshiram,4,1082
:c,0,1082
rean_schwarzer,4,1081
fusuma,0,1081
color_trace,0,1081
hand_blush,0,1081
augusta_(wuthering_waves),4,1081
otokura_yuuki,4,1081
condenser_unit,0,1081
school_gym,0,1080
gokuhara_gonta,4,1080
source_quote,0,1080
shishio_chris,4,1080
ovum_with_heart,0,1080
lulu_(league),4,1079
curren_bouquetd'or_(umamusume),4,1079
kawakami_sadayo,4,1079
cure_melody,4,1079
unfinished_dream_of_all_living_ghost,3,1079
horseshoe_hat_ornament,0,1078
fur_cuffs,0,1078
penis_tentacle,0,1078
gawain_(fate),4,1078
another_eidos-r,3,1078
million_arthur_(series),3,1078
aijo_karen,4,1078
the_owl_house,3,1077
hacka_doll,3,1077
nightstand,0,1077
lacus_clyne,4,1077
covering_own_ears,0,1077
concrete,0,1076
aqua_pupils,0,1076
maracas,0,1076
sexual_coaching,0,1076
virgin_killer_outfit,0,1076
kondou_taeko,4,1076
cum_through_clothes,0,1076
helm_(nikke),4,1076
felix_hugo_fraldarius,4,1076
z-ring,0,1076
penis_in_panties,0,1075
haibara_ai,4,1075
yaopei,0,1075
chrono_cross,3,1075
yumeko_(touhou),4,1075
phoenix,0,1075
vehicle_and_personification,0,1075
raimon_soccer_uniform,0,1075
uzumaki_boruto,4,1074
shared_blanket,0,1074
halo_(series),3,1074
gladiia_(arknights),4,1074
aurora_(arknights),4,1074
voile,0,1074
double_halo,0,1074
yorick_(shiori_novella),4,1074
tarot_card,0,1074
shippou_(pattern),0,1073
barbell,0,1073
idol_wars,3,1073
bandana_around_arm,0,1073
bradamante_(fate),4,1073
hagoromo_lala,4,1073
holding_whistle,0,1073
wall_lamp,0,1073
dissolving_clothes,0,1073
bipod,0,1073
araragi_tsukihi,4,1072
excessive_pussy_juice,0,1072
cross-body_stretch,0,1072
komaki_manaka,4,1072
tear_grants,4,1072
severed_hair,0,1072
emolga,4,1072
touhou_cannonball,3,1072
cthulhu_mythos,3,1072
hyena_tail,0,1071
hugging_another's_leg,0,1071
shaking_head,0,1071
rinoa_heartilly,4,1071
yumemizuki_mizuki,4,1071
flapping,0,1071
bandages_over_clothes,0,1071
chomusuke,4,1071
monster_musume_no_iru_nichijou_online,3,1071
applying_lipstick,0,1071
playing_with_another's_hair,0,1070
elster_(signalis),4,1070
sakata_kintoki_(fate),4,1070
green_serafuku,0,1070
igarashi_kyoko,4,1070
curren_chan_(fille_eclair)_(umamusume),4,1070
funada_kiito,4,1069
dialyn_(zenless_zone_zero),4,1069
unworn_pants,0,1069
aquarion_(series),3,1069
izayoi_liko,4,1069
cutie_mark,0,1068
uncle_and_niece,0,1068
geeta_(pokemon),4,1068
shirayuki_hime,4,1068
choujikuu_yousai_macross,3,1068
zoids,3,1068
sei_shounagon_(fate),4,1067
matsubara_kanon,4,1067
mazinger_(series),3,1067
see-through_shawl,0,1067
sono_hanabira_ni_kuchizuke_wo,3,1067
ichigo_(darling_in_the_franxx),4,1067
rattle,0,1067
pink_crown,0,1067
holding_shower_head,0,1066
two-tone_panties,0,1066
v_over_head,0,1066
unkempt,0,1066
male_with_breasts,0,1066
nijimura_okuyasu,4,1066
oktavia_von_seckendorff,4,1066
ghislaine_dedoldia,4,1066
lambdadelta,4,1066
exusiai_the_new_covenant_(arknights),4,1066
hair_between_breasts,0,1066
mundane_utility,0,1066
holding_flashlight,0,1065
tyrant_(stella_sora),4,1065
alternate_wings,0,1065
virtuareal,3,1065
aqua_sailor_collar,0,1065
blue_nipples,0,1065
sessyoin_kiara_(heaven's_hole),4,1065
print_scarf,0,1064
thick_arm_hair,0,1064
pantyhose_under_swimsuit,0,1064
dilated_pupils,0,1064
kikirara_vivi,4,1064
mochizuki_honami,4,1064
chromashift,3,1063
spacecraft_interior,0,1063
cherry_tomato,0,1063
li_syaoran,4,1063
curiosities_of_lotus_asia,3,1063
blaziken,4,1063
grilling,0,1063
dramatical_murder,3,1062
pov_peephole,0,1062
eve_(stellar_blade),4,1062
holding_own_foot,0,1062
mem_(honkai:_star_rail),4,1062
sayu_(genshin_impact),4,1062
hifumi_(swimsuit)_(blue_archive),4,1062
tank_turret,0,1062
food_on_hand,0,1062
sound_effects_only,0,1062
tojo_kirumi,4,1062
hatterene,4,1062
alcohol_carton,0,1062
smegma,0,1061
jaguar_girl,0,1061
torn_hat,0,1061
leg_cutout,0,1061
soda_kazuichi,4,1061
wonder_woman,4,1061
visual_novel,0,1061
blanc_(nikke),4,1061
swinging_weapon,0,1060
swimsuit_skirt,0,1060
sameko_saba_(1st_costume),4,1060
naked_dress,0,1060
galbrena_(wuthering_waves),4,1060
print_sarong,0,1060
kizuna_ai_(1st_costume),4,1060
pink_fire,0,1060
wakan_tanka,4,1060
tanned_cirno,4,1060
treecko,4,1060
little_mermaid_(nikke),4,1059
francesca_prelati_(fate),4,1059
purple_arm_warmers,0,1059
jouga_maya,4,1059
other_with_female,0,1059
wrong_foot,0,1059
kitashirakawa_tamako,4,1059
kirishima_touka,4,1059
haunter,4,1059
archetype_earth,4,1059
eclipse,0,1059
heart_print_panties,0,1058
aquiline_nose,0,1058
on_water,0,1058
lane_line,0,1058
acolyte_(ragnarok_online),4,1058
buena_vista_(umamusume),4,1058
eye_symbol,0,1058
pink_pubic_hair,0,1057
dark_souls_ii,3,1057
drawing_on_another's_face,0,1057
journey_to_the_west,3,1057
flower_to_mouth,0,1057
kage_no_jitsuryokusha_ni_naritakute!,3,1056
cyrillic,0,1056
pa-san,4,1056
king_halo_(king_of_emeralds)_(umamusume),4,1056
mizu_happi,0,1056
male_byleth_(awakened)_(fire_emblem),4,1056
suzumi_(blue_archive),4,1056
sanageyama_uzu,4,1056
5others,0,1056
single_bare_arm,0,1056
tacet_discord_(wuthering_waves),0,1055
rainbow_background,0,1055
lace-trimmed_collar,0,1055
bishoujo_senshi_sailor_moon_r,3,1055
brown_bodysuit,0,1055
ben_bigger,4,1055
melina_(elden_ring),4,1055
warlock_(ragnarok_online),4,1055
jump_rope,0,1055
heart_ornament,0,1054
ruining_the_glorious_moment,0,1054
mechanic,0,1054
hinomori_shiho,4,1054
casing_ejection,0,1054
diavolo,4,1054
sway_back,0,1053
frostleaf_(arknights),4,1053
mifune_miyu,4,1053
reloading,0,1053
crave_saga,3,1053
cure_march,4,1053
folded_clothes,0,1053
toriel,4,1053
binary,0,1052
bouncing,0,1052
lace_thighhighs,0,1052
cherry_print,0,1052
roy_mustang,4,1052
w_over_eye,0,1052
announcement_celebration,0,1052
razor_(genshin_impact),4,1052
asahi_breweries,0,1052
sewayaki_kitsune_no_senko-san,3,1052
lunamaria_hawke,4,1052
adaman_(pokemon),4,1052
rearing,0,1052
seisho_music_academy_school_uniform,0,1052
banana_peel,0,1051
pink_babydoll,0,1051
bruised_eye,0,1051
smelling_penis,0,1051
texas_(willpower)_(arknights),4,1050
amestris_military_uniform,0,1050
kousaka_kirino's_school_uniform,0,1050
sakura_laurel_(umamusume),4,1050
nyarlathotep_(nyaruko-san),4,1050
inconvenient_breasts,0,1049
gradient_nails,0,1049
cave_interior,0,1049
musket,0,1049
band_(music),0,1049
takamori_aiko,4,1049
guoba_(genshin_impact),4,1049
camouflage_shirt,0,1049
sister_princess,3,1049
duct_tape,0,1049
green_camisole,0,1049
wet_skirt,0,1049
michiru_(blue_archive),4,1048
naruto:_the_last,3,1048
zenra,0,1048
x_fingers,0,1048
hawk,0,1048
holding_cigar,0,1048
shadowverse:_worlds_beyond,3,1048
sainan_high_school_uniform,0,1048
yotsuba_alice,4,1048
warrior_(dq3),4,1048
colored_lineart,0,1047
wiping,0,1047
fiery_background,0,1047
enemy_naval_mine_(kancolle),4,1047
merc_storia,3,1047
face_in_ass,0,1047
world_is_mine_(vocaloid),3,1047
shinigami,0,1046
heavy,0,1046
scathach_(piercing_bunny)_(fate),4,1046
country_connection,0,1046
tamamo_cross_(fast_as_lightning)_(umamusume),4,1046
lili_(tekken),4,1045
dirt_road,0,1045
slouching,0,1045
arcade,0,1045
horikawa_kunihiro,4,1045
animal_around_neck,0,1045
cross-laced_corset,0,1045
spiked_headband,0,1044
finger_sucking,0,1044
cooperative_handjob,0,1044
glass_door,0,1044
pants_under_dress,0,1044
clothes_theft,0,1044
kobayakawa_sae,4,1044
underworld_(ornament),0,1044
weapon_bag,0,1043
cesario_(umamusume),4,1043
snowbreak:_containment_zone,3,1043
xilonen_(genshin_impact),4,1043
puzzle_piece,0,1043
blue_blood,0,1043
poking_another's_breast,0,1043
metroid_(creature),4,1043
hyena_girl,0,1042
subaru_duck,4,1042
kalina_(girls'_frontline),4,1042
plackart,0,1042
torn_bike_shorts,0,1042
male_alear_(fire_emblem),4,1042
digimon_adventure_02,3,1042
red_sweater_vest,0,1041
stuffed_bird,0,1041
kaho_(blue_archive),4,1041
unworn_goggles,0,1041
manabe_nodoka,4,1041
hakase_fuyuki,4,1041
purple_camisole,0,1040
rydia_(adult)_(ff4),4,1040
walker_(robot),0,1040
kissing_viewer,0,1040
season_connection,0,1040
weapon_tassel,0,1040
yuuka_(pajamas)_(blue_archive),4,1040
diving,0,1040
mosin-nagant,0,1040
dinosaur_tail,0,1040
serperior,4,1040
hange_zoe,4,1040
chiikawa,3,1039
sounding,0,1039
relaxing,0,1039
natsu_megumi,4,1039
thorns_(arknights),4,1039
rayquaza,4,1039
arguing,0,1039
kanshou_&_bakuya_(fate),0,1039
mega_man_x_dive,3,1039
thigh_bow,0,1039
leonardo_da_vinci_(caster)_(fate),4,1039
hand_on_another's_wrist,0,1038
robin_(dc),4,1038
hisuian_poke_ball,0,1038
anis_(sparkling_summer)_(nikke),4,1038
holding_orb,0,1038
blue_oni,0,1038
vira_(granblue_fantasy),4,1038
transmission_tower,0,1038
magolor,4,1037
yamabuki_high_school_uniform,0,1037
finger_tattoo,0,1037
mortarboard,0,1037
short_braid,0,1037
uneven_footwear,0,1037
groceries,0,1037
yellow_umbrella,0,1037
bell-bottoms,0,1037
beretta_1301,0,1036
breaker_gorgon,0,1036
cuntboy,0,1035
muffin,0,1035
pairing_name,0,1035
conch,0,1035
kohinata_miku,4,1035
zabaniyya_(housamo),4,1035
striped_leg_warmers,0,1035
shout_lines,0,1034
videl,4,1034
taihou_(enraptured_companion)_(azur_lane),4,1034
coin_purse,0,1034
takoluka,4,1034
adventurer_(ff14),4,1034
purple_outline,0,1034
prinny,4,1034
shirayuki_tomoe,4,1034
asymmetrical_arms,0,1034
huge_horns,0,1034
leona_kingscholar,4,1034
gold_buckle,0,1034
hip_armor,0,1034
mistletoe,0,1034
2008,0,1033
kisaragi_(azur_lane),4,1033
hair_over_face,0,1033
eimi_(swimsuit)_(blue_archive),4,1033
nipple-to-nipple,0,1033
meltryllis_(swimsuit_lancer)_(second_ascension)_(fate),4,1033
taut_swimsuit,0,1033
metal_baseball_bat,0,1033
fairy_leviathan_(mega_man),4,1032
problem_solver_68_(blue_archive),0,1032
esse_series,3,1032
skeletal_hand,0,1032
translucent,0,1032
tiki_(young)_(fire_emblem),4,1032
sonic_the_hedgehog_(classic),3,1032
akashi_(azur_lane),4,1032
choukou_taisen_escalation_heroines,3,1032
artoria_pendragon_(lancer)_(third_ascension)_(fate),4,1031
mahou_shoujo_madoka_magica_movie_1_&_2,3,1031
uta_no_prince-sama,3,1031
euphyllia_magenta,4,1031
wet_face,0,1031
black_bodystocking,0,1031
gesugao,0,1031
rosa_(tears_of_themis),4,1031
hanafuda_earrings,0,1031
snow_leopard_boy,0,1031
rei_no_pool,0,1030
animal_crossing:_new_horizons,3,1030
faris_scherwiz,4,1030
purple_sarong,0,1030
lana's_mother_(pokemon),4,1030
inward_v,0,1030
line_(naver),3,1029
knight_(hollow_knight),4,1029
symmetrical_pose,0,1029
amazon_warrior,0,1028
bandaged_torso,0,1028
billiard_ball,0,1028
dick_grayson,4,1028
kon_kanaho,4,1028
hijiri_ageha,4,1028
hatsuharu_(kancolle),4,1028
fortified_suit,0,1028
turn_a_gundam,3,1028
tequila_(arknights),4,1028
dinergate_(girls'_frontline),4,1028
paw_hair_ornament,0,1028
focalors_(genshin_impact),4,1027
twintails_with_braided_base,0,1027
recurring_image,0,1027
panty_lift,0,1027
tanaka_gundham,4,1027
turtwig,4,1027
miku_symphony_(vocaloid),3,1026
liquor,0,1026
pussy_cutout,0,1026
purple_hood,0,1026
sato_shin,4,1026
yae_miko_(fox),4,1026
holding_pickaxe,0,1026
bennett_(genshin_impact),4,1026
klara_(pokemon),4,1026
smeared_lipstick,0,1026
ayanami_(retrofit)_(azur_lane),4,1025
whip_sword,0,1025
majin_android_21,4,1025
roxie_(pokemon),4,1025
food_insertion,0,1024
sage_(dq3),4,1024
alisa_(girls_und_panzer),4,1024
leaf_background,0,1024
rosary,0,1024
fuyutsuki_(kancolle),4,1023
nemophila_(flower),0,1023
o-ring_collar,0,1023
hair_over_one_breast,0,1023
crow_(la+_darknesss),4,1023
amagi_(kancolle),4,1023
right-over-left_kimono,0,1023
commandant_teste_(kancolle),4,1023
canteen,0,1023
double_exposure,0,1022
low_drills,0,1022
pillory,0,1022
heart_arms,0,1022
wing_piercing,0,1022
lin_(arknights),4,1022
matsuwa_(kancolle),4,1022
sega,3,1022
mutsuki_kai_ni_(kancolle),4,1022
kikyou_(swimsuit)_(blue_archive),4,1021
paizuri_invitation,0,1021
ookami_(game),3,1021
can't_choose_your_own_family,0,1021
fender_jazz_bass,0,1021
red_panda_tail,0,1020
chimera_(honkai:_star_rail),0,1020
single_half_glove,0,1020
captain_america,4,1020
rurouni_kenshin,3,1020
perth_(kancolle),4,1020
higurashi_kagome,4,1020
comet,0,1020
holding_own_wrist,0,1019
aketa_mikoto,4,1019
angels_of_delusion,0,1019
yosuga_no_sora,3,1019
makoto_(street_fighter),4,1019
pink_sarong,0,1018
yuudachi_(azur_lane),4,1018
victorian_maid,0,1018
hammann_(azur_lane),4,1018
estelle_bright,4,1017
imminent_hug,0,1017
single_drill,0,1017
ballistic_shield,0,1017
sothis_(fire_emblem),4,1017
bond_(spy_x_family),4,1017
pink_feathers,0,1017
holding_handkerchief,0,1017
nice_nature_(run_&_win)_(umamusume),4,1017
yagami_hikari,4,1017
yuni_(princess_connect!),4,1017
tankard,0,1017
flattop,0,1017
mansion,0,1017
fatter_than_canon,0,1017
revealing_layer,0,1017
kuonji_alice,4,1016
plug_(piercing),0,1016
soraka_(league),4,1016
radar_hair_ornament,0,1016
mystical_high_collar,0,1016
viewer_on_leash,0,1016
whispering_in_ear,0,1015
feet_on_table,0,1015
mikazuki_(kancolle),4,1015
food-themed_creature,0,1015
blue_hanfu,0,1014
hope's_peak_academy_school_uniform,0,1014
airani_iofifteen,4,1014
laser_sight,0,1014
head_on_arm,0,1014
gray_(fate),4,1014
label_(nikke),4,1013
sukeban,0,1013
kaya_rinha,4,1013
sleeve_rolled_up,0,1013
off-shoulder_coat,0,1013
purple_corset,0,1013
yuri_plisetsky,4,1013
charmeleon,4,1013
tony_stark,4,1013
mismatched_wings,0,1012
billiard_table,0,1012
stheno_(fate),4,1012
viy_(fate),4,1012
mermaid_melody_pichi_pichi_pitch,3,1012
karina_lyle,4,1012
pokemon_pokopia,3,1011
fading_border,0,1011
bb_(swimsuit_mooncancer)_(third_ascension)_(fate),4,1011
sora_(blue_archive),4,1011
graf_zeppelin_(azur_lane),4,1011
hiodoshi_ao,4,1011
missing_eye,0,1011
mauser_98,0,1011
silver_necklace,0,1010
garry_(ib),4,1010
naka_kai_ni_(kancolle),4,1010
major_injury_underreaction,0,1010
kaga_sumire,4,1010
curved_horns,0,1010
hair_belt,0,1010
spoken_x,0,1009
cum_on_back,0,1009
shino_to_ren,3,1009
yellow_tulip,0,1009
beach_volleyball,0,1008
turbo_granny_(dandadan),4,1008
spiral-only_eyes,0,1008
hoshino_ruri,4,1008
tea_party_(blue_archive),0,1007
washing_hair,0,1007
rhine_lab_logo,0,1007
shoulder_patch,0,1007
kinu_(kancolle),4,1007
kooh_(pangya),4,1007
melon_soda,0,1007
skeletal_arm,0,1007
grey_pubic_hair,0,1006
oran_berry,0,1006
holding_another's_ankle,0,1006
japanese_urban_legends,3,1006
miyu_edelfelt_(magical_girl),4,1006
lucas_(mother_3),4,1006
bishoujo_senshi_sailor_moon_(first_season),3,1006
to_be_continued,0,1006
circular_saw,0,1006
beaker,0,1006
zara_(poolside_coincidence)_(azur_lane),4,1006
arc_the_lad,3,1006
evoker,0,1005
sweater_pull,0,1005
cbt,0,1005
trapped,0,1005
tanigaki_genjirou,4,1005
broken_heart_hair_ornament,0,1005
strike_the_blood,3,1005
hairstyle_switch,0,1004
see-through_mask,0,1004
dragon_ball_heroes,3,1004
ptilopsis_(arknights),4,1004
grabbing_own_thigh,0,1004
manya_(dq4),4,1004
blue_eyeliner,0,1004
yellow_headscarf,0,1004
moth_wings,0,1003
neco-arc,4,1003
andira_(granblue_fantasy),4,1003
la_grondement_du_haine,0,1003
trinity_general_school_swimsuit,0,1003
pekoyama_peko,4,1003
solid_snake,4,1003
sakuramori_kaori,4,1003
on_box,0,1003
pravda_military_uniform,0,1003
yoshida_hirofumi,4,1002
ein_(blue_archive),4,1002
dark_areolae,0,1002
magallan_(arknights),4,1002
puffy_chest,0,1002
apple_hair_ornament,0,1002
dot_(pokemon),4,1002
belle_(summer_skies)_(zenless_zone_zero),4,1002
tribbie_(honkai:_star_rail),4,1002
yaoyao_(genshin_impact),4,1002
chiaki_(blue_archive),4,1002
seitokai_ni_mo_ana_wa_aru!,3,1002
telstar,0,1002
dead_master,4,1002
drawn_wings,0,1002
akaboshi_koume,4,1002
train_station_platform,0,1001
sora_no_otoshimono,3,1001
cleveland_(azur_lane),4,1001
tantei_opera_milky_holmes,3,1001
titan_(shingeki_no_kyojin),4,1001
orange_wings,0,1001
miss_cloud,4,1001
skull_hat_ornament,0,1001
ky_kiske,4,1001
magik_(x-men),4,1001
drag-on_dragoon_3,3,1000
kriss_vector,0,1000
lucifer_morningstar_(hazbin_hotel),4,1000
holding_pendulum,0,1000
lance_of_longinus_(evangelion),0,1000
tojo_tsukasa,4,1000
mugshot,0,1000
airfield_princess,4,1000
maoyuu_maou_yuusha,3,1000
wooloo,4,1000
pebble_(koseki_bijou),4,999
single_elbow_pad,0,999
print_socks,0,999
zebra_print,0,999
sen_no_kiseki_iv,3,999
mega_ring,0,999
gradient_jacket,0,999
silent_magician,4,999
dragon_ball_super_super_hero,3,999
inflatable_whale,0,999
ao_no_exorcist,3,999
colored_blindfold,0,999
tolkien's_legendarium,3,999
stop_sign,0,999
p-chan_(ranma_1/2),4,998
tile_roof,0,998
brown_overalls,0,998
gentildonna_(regina_dei_fiori)_(umamusume),4,998
ogerpon,4,998
ooi_kai_ni_(kancolle),4,998
control_rod_(touhou),0,998
print_swimsuit,0,998
cervical_penetration,0,998
santa_claus,4,998
ambrosia_(dungeon_meshi),0,997
flower_focus,0,997
flintlock,0,997
nakagawa_natsuki,4,997
genderswap_on_genderswap,0,997
takanashi_kiara_(casual),4,997
winking_(animated),0,997
kousaka_kyousuke,4,997
mewo,4,996
standard_bearer,0,996
spray_bottle,0,996
cow_costume,0,996
akiha_rumiho,4,996
iino_miko,4,996
changing_room,0,995
2005,0,995
jeanne_d'arc_(third_ascension)_(fate),4,995
dead_or_alive_xtreme,3,995
screw_in_head,0,995
rieszverne_suzette_paladill,4,995
inari_one_(umamusume),4,994
asakaze_(kancolle),4,994
detached_pants,0,994
aino_megumi,4,994
spiked_boots,0,994
map_(object),0,994
laundry_dragonmaid,4,994
holding_polearm_behind_back,0,994
heracles_(fate),4,994
captive_bead_ring,0,993
holding_duster,0,993
2007,0,993
resident_evil_5,3,993
tales_of_destiny,3,993
kagehira_mika,4,993
chicken_leg,0,993
megaman.exe,4,993
tiamat_(fate),4,993
en_pointe,0,992
akira_(manga),3,992
namekian,0,992
kamanosuke_(zenless_zone_zero),4,992
chi-hatan_military_uniform,0,992
blastoise,4,992
padded_jacket,0,992
dusk_ball,0,992
hanging_scroll,0,992
green_hanfu,0,992
sekiro:_shadows_die_twice,3,992
kadoc_zemlupus,4,992
yami_yugi,4,991
cure_peach,4,991
box_tie,0,991
penis_on_stomach,0,991
stahlhelm,0,991
tsuchinoko_(kemono_friends),4,991
kingdom_hearts_iii,3,991
red_veil,0,990
reijo_(blue_archive),4,990
hands_on_another's_stomach,0,990
rulership_(umamusume),4,990
heavy_chromatic_aberration,0,990
le_malin_(listless_lapin)_(azur_lane),4,990
filia_(skullgirls),4,990
chocolate_chip_cookie,0,990
xenoblade_chronicles_3:_future_redeemed,3,990
hyakumantenbara_salome_(1st_costume),4,990
misaki_high_school_uniform,0,990
rozaliya_olenyeva,4,990
toothpick,0,989
fuji_kiseki_(shooting_star_revue)_(umamusume),4,989
miyagawa_takane,4,989
kiwi_slice,0,989
cardcaptor_sakura_clear_card_arc,3,989
saber_alter_(third_ascension),4,989
owari_(azur_lane),4,989
rabbit_on_head,0,989
regulus_(reverse:1999),4,989
fairy_kei,0,989
roger_(guilty_gear),4,989
chiyoda_(kancolle),4,988
yunaka_(fire_emblem),4,988
hikami_meruru,4,988
mohammed_avdol,4,988
crown_of_thorns,0,987
kamisato_ayaka_(springbloom_missive),4,987
toothbrush_in_mouth,0,987
crossed_belts,0,987
mature_eyes,0,987
riza_hawkeye,4,987
tonari_no_totoro,3,987
mismatched_eyelashes,0,987
halfling,0,987
saotome_alto,4,987
afterword,0,987
furious,0,986
spade_tattoo,0,986
kickboard,0,986
ichikawa_kyoutarou,4,986
shimiko_(blue_archive),4,986
flower_basket,0,986
koutetsujou_no_kabaneri,3,986
kurokawa_eren,4,986
mousetrap,0,986
green_suit,0,985
honma_himawari,4,985
galleon_(granblue_fantasy),4,985
franka_(arknights),4,985
chocolate_on_face,0,985
hands_on_floor,0,985
kuga_natsuki,4,985
motosu_school_uniform,0,985
mishaguji,4,985
pleated_sleeves,0,985
character_hood,0,985
atelier_ryza_2,3,985
cum_bubble,0,984
oyakodon_(sex),0,984
hades_1,3,984
spas-12_(girls'_frontline),4,984
elesis_(elsword),4,984
chocolate_syrup,0,984
flaming_hand,0,984
original_race_uniform_(umamusume),0,984
hinamori_amu,4,984
alastor_(hazbin_hotel),4,984
typhon_(arknights),4,983
superman,4,983
tenkajin_chiyari,4,983
darkened_skin,0,983
privaty_(nikke),4,983
persona_2,3,983
gavial_(arknights),4,983
blue_tube_top,0,983
popsicle_stick,0,983
spicy_nun_(diva),4,983
split-color_clothes,0,983
regional_and_normal,0,983
dark_pit,4,983
typing,0,983
annette_fantine_dominic,4,982
kishinami_(kancolle),4,982
nyon_(cookie),4,982
crisis_management_form_(machikado_mazoku),0,982
racing,0,982
tokyo_mew_mew,3,982
celine_(fire_emblem),4,982
animation_meme,0,981
villager_(animal_crossing),4,981
undyne,4,981
implied_incest,0,981
shamoji,0,981
watercolor_effect,0,981
lightning_ahoge,0,981
variable_fighter,0,981
shalom_(path_to_nowhere),4,981
ak-47,0,981
black_shawl,0,981
mygo!!!!!_(bang_dream!),0,980
senkawa_chihiro,4,980
saitou_hajime_(fate),4,980
i-no,4,980
millie_parfait,4,980
conte_di_cavour_(kancolle),4,980
shiny_eyes,0,980
eotech,0,979
inukai_iroha,4,979
kayneth_el-melloi_archibald,4,979
;(,0,978
primarch,0,978
black_crown,0,978
naizuri,0,978
riku_(kingdom_hearts),4,978
testicle_peek,0,977
brand_of_the_exalt,0,977
biwa_lute,0,977
hikage_(senran_kagura),4,977
futari_wa_precure_splash_star,3,977
toudou_shimako,4,977
metal_hair_tubes,0,977
dynamite,0,977
red_car,0,976
shuriken_hair_ornament,0,976
print_pajamas,0,976
kadomatsu,0,976
clodsire,4,976
shinshuu_maru_(kancolle),4,976
andrew_graves,4,976
sailor_saturn,4,976
glass_table,0,976
over_the_knee,0,975
eizouken_ni_wa_te_wo_dasu_na!,3,975
silver_earrings,0,975
blue_assault_visor,0,975
bellflower,0,975
tamagotchi,3,975
hololive_idol_uniform_(bright),0,975
see-through_gloves,0,975
peony_print,0,975
nanashi_mumei_(emo),4,975
pear,0,975
hisuian_zorua,4,974
dying,0,974
magic_kaito,3,974
print_hat,0,974
ainu,0,974
v-bangs,0,974
liskarm_(arknights),4,974
warfarin_(arknights),4,973
initial,0,973
xie_lian,4,973
arm_on_own_head,0,973
fishbowl,0,973
shorts_tan,0,973
ai_ai_gasa,0,973
nekomonogatari,3,973
destiny_child,3,973
breath_of_fire_ii,3,973
kakegurui,3,973
idolish7,3,973
shoukaku_(azur_lane),4,973
janus_(kancolle),4,973
aragaki_ayase,4,973
trowel,0,973
reverse_squatting_cowgirl_position,0,972
black_claws,0,972
yorita_yoshino,4,972
felyne,0,972
time_stop,0,972
okunoda_miyoi,4,972
katsura_hinagiku,4,972
rindou_mikoto,4,972
black_cat_(marvel),4,971
hugo_vlad,4,971
white_tulip,0,971
the_elder_scrolls_v:_skyrim,3,971
nanodesu_(phrase),0,971
itou_kaiji,4,971
school_rumble,3,971
jingwei_(bird),4,971
henshin_pose,0,971
taut_bodysuit,0,970
little_ica_(honkai:_star_rail),4,970
flying_button,0,970
laguz_(fire_emblem),0,970
luke_fon_fabre,4,970
mia_(fire_emblem),4,970
calvin_klein,0,970
miracle_mallet,0,970
creeper,4,970
short_male,0,970
applin,4,970
water_type_theme_(pokemon),0,970
atago_(stunning_speedster)_(azur_lane),4,969
tied_ears,0,969
jeanne_d'arc_alter_(avenger)_(first_ascension)_(fate),4,969
paul_bunyan_(fate),4,969
yang_guifei_(second_ascension)_(fate),4,969
hiding_behind_another,0,969
nail_polish_bottle,0,969
holding_petal,0,968
mimic_chest,0,968
kotegawa_yui,4,968
kamiina_botan,4,968
shirokane_rinko,4,968
yoneme_mei,4,968
egyptian_mythology,3,968
sword_tassel,0,968
reg_(made_in_abyss),4,968
lace_background,0,968
ethereal_(zenless_zone_zero),0,967
holding_star,0,967
joker_(playing_card),0,967
poison,0,967
slowpoke,4,967
greek_mythology,3,967
cosmos_(flower),0,967
non-circular_lens_flare,0,967
aquila_(kancolle),4,967
tactile_paving,0,967
sui-feng,4,967
hook_hand,0,966
natsume_kyousuke,4,966
striped_neckerchief,0,966
spread_navel,0,966
tieria_erde,4,966
ayane_(doa),4,966
miquella_(elden_ring),4,966
noctis_lucis_caelum,4,966
meer_campbell,4,966
kagemori_michiru,4,965
yume_2kki,3,965
sakawa_(kancolle),4,965
wakamezake,0,965
champagne_bottle,0,965
natalia_(idolmaster),4,965
himesaka_noa,4,965
achilles_(fate),4,965
lycanroc,4,965
sound_horizon,3,965
paralyzer,0,965
cum_on_floor,0,965
glasgow_smile,0,965
print_bodysuit,0,964
japan_self-defense_force,0,964
panther_(persona_5),4,964
elena_(street_fighter),4,964
asahina_aoi,4,964
witches_of_africa,3,964
yakisoba,0,964
unhappy,0,963
buggy_the_clown,4,963
padlocked_collar,0,963
clinging,0,963
persona_4:_the_ultimate_in_mayonaka_arena,3,963
mysterious_heroine_x_(fate),4,963
heart_lock_(kantai_collection),0,963
onee_gyaru,0,963
sakata_nemuno,4,963
options,0,963
daiichi_ruby_(umamusume),4,962
cream_the_rabbit,4,962
female_tyrant_(stella_sora),4,962
shigure_(hot_spring)_(blue_archive),4,962
tanikaze_(kancolle),4,962
alternate_pectoral_size,0,962
twintails_day,0,962
mitsudomoe_(manga),3,962
mini_witch_hat,0,961
gameoverse,3,961
tekken_7,3,961
plain_doll,4,961
lain_paterson,4,961
igote,0,961
magus_(zenless_zone_zero),4,961
seraph,0,960
blood_in_mouth,0,960
thick_navel_hair,0,960
pixiv_fantasia_5,3,960
crucifixion,0,960
see-through_pantyhose,0,960
puyo_(puyopuyo),4,960
varka_(genshin_impact),4,959
breast_zipper,0,959
jinshi_(kusuriya_no_hitorigoto),4,959
agent_aika,3,959
megido72,3,959
gundam_0083,3,959
quad_drills,0,958
lil-la_(yu-gi-oh!),4,958
stone_walkway,0,958
razor_blade_hair_ornament,0,958
arrow_in_body,0,958
mayano_top_gun_(scramble_zone)_(umamusume),4,958
aqua_coat,0,958
pill_hair_ornament,0,957
admire_groove_(umamusume),4,957
starfire,4,957
seed,0,957
scarlet_(nikke),4,957
mikko_(girls_und_panzer),4,957
bull,0,957
shiraishi_tsumugi,4,957
hands_on_another's_neck,0,956
removing_eyewear,0,956
crutch,0,956
hedge,0,956
unicorn_horn,0,956
tiefling,0,956
jester_costume,0,956
liquid_clothes,0,956
azarin_(exs-tia),4,956
outstretched_legs,0,956
backless_shirt,0,955
unworn_necklace,0,955
shinonome_nano,4,955
licking_own_finger,0,955
expression_chart,0,955
kuradoberi_jam,4,954
x_arms,0,954
condom_left_inside,0,954
judgement_(helltaker),4,954
deep_wound,0,954
udon,0,954
studded_gloves,0,954
flight_suit,0,954
froslass,4,954
bisexual_male,0,954
star_print_bikini,0,954
frilled_babydoll,0,953
panties_around_one_ankle,0,953
archon_mark,0,953
soukou_akki_muramasa,3,953
yumi_(bow),0,953
multicolored_armor,0,953
navi,4,953
higuchi_kaede_(1st_costume),4,953
tall_hair,0,953
anjou_naruko,4,953
senbei,0,953
rubik's_cube,0,952
adjusting_another's_clothes,0,952
morrigan_aensland_(cosplay),0,952
elizabeth_bathory_(fate/extra),4,952
angra_mainyu_(fate),4,952
star_ocean:_anamnesis,3,952
looking_at_self,0,952
lida_(pokemon),4,952
crash_fever,3,952
bishoujo_senshi_sailor_moon_supers,3,952
st._theresa's_girls_academy_school_uniform,0,952
beatrix_(granblue_fantasy),4,952
bag_over_head,0,951
ciel_(mega_man),4,951
pointing_down,0,951
voms,3,951
juusan_kihei_bouei_ken,3,951
cinnamiku,4,950
shaped_pubic_hair,0,950
email_address,0,950
keith_goodman,4,950
dracu-riot!,3,950
ankha_(animal_crossing),4,950
character_mask,0,950
86_-eightysix-,3,950
jack_frost_(megami_tensei),4,949
toaru_kagaku_no_railgun_t,3,949
bishamonten's_spear,0,949
fly,0,949
ibuki_(street_fighter),4,949
blocking,0,949
anti-aircraft_gun,0,949
hugging_own_tail,0,949
mejiro_ryan_(umamusume),4,949
yagami_taichi,4,949
sharing_food,0,949
rumi_(kpop_demon_hunters),4,949
apollo_justice,4,949
laevatain_(arknights),4,949
homura_(senran_kagura),4,949
piano_print,0,948
print_innertube,0,948
spurs,0,948
extra_legs,0,948
vomiting,0,948
puru_two,4,948
li_yuting_(male),4,948
ichigaya_arisa,4,948
k.s.miracle_(umamusume),4,948
todo_yurika,4,948
akagi:_yami_ni_oritatta_tensai,3,948
bear_print_panties,0,947
frilled_vest,0,947
jiaozi,0,947
kaiba_seto,4,947
priest_(dq3),4,947
bandaid_on_shoulder,0,946
person_on_head,0,946
side_capelet,0,946
intertwined_tails,0,946
dragon_ball_(object),0,946
hibiki_ryouga,4,946
shirabe_ako,4,946
gavis_bettel,4,946
male_endministrator_(arknights),4,946
kyuudou,0,946
fio_germi,4,946
hotarumaru,4,946
studying,0,945
neck_warmer,0,945
sakuragi_hanamichi,4,945
wooden_box,0,945
hasumi_leia,4,945
shindou_takuto,4,945
stocks,0,944
glowing_markings,0,944
okita_sougo,4,944
laboratory,0,944
ayatsuji_tsukasa,4,944
sextuplets,0,944
saunders_school_uniform,0,944
crosshair,0,943
toaru_kagaku_no_mental_out,3,943
enraku_tsubakura,4,943
typhlosion,4,943
bikini_in_mouth,0,943
aegis_sword_(xenoblade),0,942
dullahan,0,942
kyatapi_land,3,942
kido_tsubomi,4,942
st._chronica_academy_school_uniform,0,942
fukurai_azami,4,942
purple_wrist_cuffs,0,942
aqua_horns,0,942
brown_bear_(kemono_friends),4,942
jessica_albert,4,942
naegi_komaru,4,941
ene_(kagerou_project),4,941
high-low_skirt,0,941
noa_(pajamas)_(blue_archive),4,941
sparse_arm_hair,0,941
kousaka_umi,4,941
deadlock_(game),3,940
glass_slipper,0,940
apple_slice,0,940
sengoku_musou,3,940
harukaze_(kancolle),4,940
front-tie_bra,0,940
quilted_jacket,0,940
pendant_watch,0,940
aquarion_evol,3,940
reverse_ryona,0,939
fighting_game,0,939
belt_bag,0,939
grey_male_underwear,0,939
ho-oh,4,939
momosuzu_nene_(1st_costume),4,939
sprout,0,939
bamboo_shoot,0,939
divine_gate,3,939
whimsicott,4,938
ornate_clothes,0,938
ankle_garter,0,938
kagura_suzu,0,938
ashley_(warioware),4,938
dyed_ahoge,0,938
mismatched_horns,0,938
cocktail_shaker,0,938
haruno_haruka,4,938
moth_antennae,0,938
quagsire,4,938
catching,0,938
distorted_halo,0,937
tilted_halo,0,937
stacking,0,937
plague_doctor_mask,0,937
military_operator,0,937
maria_the_ripper,0,937
chisel,0,936
spiked_helmet,0,936
shaymin_(land),4,936
holding_bird,0,936
hindenburg_(azur_lane),4,936
mole_on_chest,0,936
lifebuoy_ornament,0,936
nitocris_(swimsuit_assassin)_(fate),4,936
penis_focus,0,936
kasumigaoka_utaha,4,936
iwatani_naofumi,4,936
grape_hair_ornament,0,936
a-chan_(hololive),4,935
rounded_collar,0,935
aria_(robot)_(zenless_zone_zero),4,935
asriel_dreemurr,4,935
nagisa_(swimsuit)_(blue_archive),4,935
workout_clothes,0,935
genshiken,3,935
fubuki_(swimsuit)_(blue_archive),4,935
iron_saga,3,935
amane_suzuha,4,935
temari_ball,0,935
too_literal,0,935
arm_sling,0,934
spray_paint,0,934
barry_(pokemon),4,934
alena_(dq4),4,934
shiver_(deep_cut_outfit)_(splatoon),4,934
gambeson,0,933
padded_coat,0,933
fur_wrist_cuffs,0,933
panties_over_pantyhose,0,933
hangar,0,933
tsukimiya_ayu,4,933
red_hood_(dc),4,933
mr._c.b._(clear_bliss)_(umamusume),4,933
blood_on_body,0,932
hua_cheng,4,932
hat_pin,0,932
honekoneko_(psg),4,932
arezu_(pokemon),4,932
yun_jin_(genshin_impact),4,932
kuramochi_meruto,4,932
unworn_slippers,0,932
burnt,0,932
tofu,0,932
neta,0,932
buneary,4,932
lappland_(refined_horrormare)_(arknights),4,932
load-bearing_equipment,0,932
ochame_na_okusan_to_no_nichijou_chabangoto,3,932
orihara_izaya,4,932
super_mario_bros._1,3,931
soy_sauce,0,931
kaze_no_tani_no_nausicaa,3,931
holding_over_opposite_shoulder,0,931
recruitment_(blue_archive),0,931
dark_sakura,4,931
dirigible,0,931
hex_maniac_(pokemon_legends:_z-a),4,931
fever,0,931
nefertari_vivi,4,930
zootopia,3,930
wonder_acute_(umamusume),4,930
carried_breast_rest,0,930
metroid_larva,4,930
coffee_table,0,930
yuri_sakazaki,4,930
eye_black,0,930
sirius_(azure_horizons)_(azur_lane),4,930
mutsuki_(dress)_(blue_archive),4,930
gyarados,4,930
idol_time_pripara,3,929
on_food,0,929
starmie,4,929
blood_spray,0,929
lillian_girls'_academy_school_uniform,0,929
two-tone_nails,0,929
nibutani_shinka,4,929
nenohi_(kancolle),4,929
jeanne_d'arc_(swimsuit_archer)_(first_ascension)_(fate),4,929
naked_skirt,0,929
musaigen_no_phantom_world,3,929
pitchfork,0,928
key_ring,0,928
multicolored_pants,0,928
red_tulip,0,928
slide,0,928
supergirl,4,928
hiyou_(kancolle),4,928
tentacle_tail,0,928
kevin_kaslana,4,928
qingxin_flower,0,928
brynhild_(fate),4,928
whale_hair_ornament,0,928
zenno_rob_roy_(umamusume),4,927
queen,0,927
captain_america_(series),3,927
wind_breaker_(nii_satoru),3,927
skirt_peek,0,927
animal_ear_helmet,0,927
bartz_klauser,4,927
bell_pepper,0,927
perfect_start_(infinity_nikki),4,926
orange_goggles,0,926
fushi_(cho_kaguya-hime!),4,926
prussia_(hetalia),4,926
snow_on_head,0,926
slug,0,926
hair_through_hood,0,926
nagatekkou,0,926
front-print_panties,0,925
science_babies,0,925
oversized_forearms,0,925
shirayuki_hina,4,925
scolipede,4,925
butch/femme_couple,0,925
reisa_(magical)_(blue_archive),4,925
laura_la_mer,4,925
velvet_crowe,4,924
cake_cat_(honkai:_star_rail),0,924
sleigh,0,924
cross_facial_mark,0,924
yandere_trance,0,924
grey_pupils,0,924
pozyomka_(arknights),4,924
rakuen_tsuihou,3,924
doorknob,0,924
cum_in_cup,0,923
lize_helesta_(1st_costume),4,923
stile_uniform,0,923
toph_beifong,4,923
call_of_cthulhu,3,923
tennis,0,923
gryffindor,0,923
hanae_(blue_archive),4,923
arare_(kancolle),4,923
terry_bogard,4,923
twilight_sparkle,4,923
aqua_scrunchie,0,923
unusual_insertion,0,923
vert_(neptunia),4,923
bus_stop_shelter,0,922
mahou_shoujo_madoka_magica_magia_exedra,3,922
ophelia_(fire_emblem),4,922
holding_butterfly_net,0,921
hatsumode,0,921
pocari_sweat,0,921
flower_on_chest,0,921
cleanup_fellatio,0,921
leone_abbacchio,4,921
limiter_(tsukumo_sana),0,921
okada_izou_(fate),4,921
nelson_(kancolle),4,920
nerawareta_megami_tenshi_angel_tear,3,920
sakihata_rimi,4,920
iron_man,4,920
zuikaku_(azur_lane),4,920
fallenshadow,4,920
staryu,4,920
elizabeth_rose_bloodflame_(1st_costume),4,920
cure_sunny,4,920
mr._crawling,4,920
irys_(irys_2.0)_(hololive),4,919
amane_misa,4,919
the_incredible_hulk_(series),3,919
otter_tail,0,919
persimmon,0,919
taokaka,4,919
komainu_boy,0,919
alastor_(shakugan_no_shana),4,919
alchemist_(ragnarok_online),4,919
tower_of_fantasy,3,919
pomegranate,0,919
whale_girl,0,918
ace_combat,3,918
echidna_(re:zero),4,918
tone_kai_ni_(kancolle),4,918
astolfo_(saber)_(fate),4,918
kingdom_hearts_birth_by_sleep,3,917
skitty,4,917
barret_wallace,4,917
single_sode,0,917
scp_foundation,3,917
shiromuku,0,917
dolls_in_pseudo_paradise,3,917
sunday_(sacerdos'_relived_ordeal)_(honkai:_star_rail),4,917
mizuhara_chizuru,4,917
black_liquid,0,917
dennou_coil,3,917
black_butterfly,0,916
densetsu.exe,3,916
howl_no_ugoku_shiro,3,916
naoe_riki,4,916
flat_chastity_cage,0,916
captain_nemo_(fate),4,916
bird_hat_ornament,0,916
solo_leveling,3,916
bandaid_on_finger,0,916
ts_magical_girl_nao,3,915
purple_feathers,0,915
sayama_saho,4,915
waccha_primagi!,3,915
toyogasaki_academy_school_uniform,0,915
cum_on_chest,0,914
toad_(mario),4,914
yukadon,0,914
drum_magazine,0,914
shikanoko_nokonoko_koshitantan,3,914
hand_on_weapon,0,913
uchiha_itachi,4,913
saint_quartz_(fate),0,913
fighter_(granblue_fantasy),4,913
rosario+vampire,3,913
ara_haan,4,912
elizabeth_bathory_(brave)_(fate),4,912
herensuge_girls_academy_school_uniform,0,912
natural_wedgie,0,912
mii_(nintendo),4,912
bazett_fraga_mcremitz,4,912
denpa_onna_to_seishun_otoko,3,911
suikawari,0,911
iris_(flower),0,911
butterfly_hat_ornament,0,911
glowing_mouth,0,911
4chan,3,910
tales_of_phantasia,3,910
kuririn,4,910
yuusha_series,3,910
northern_italy_(hetalia),4,910
koyama_yuzu,4,910
sakura_chiyo,4,910
you're_not_helping,0,910
loki_(marvel),4,910
blowhole,0,910
exposed_bone,0,910
shark_print,0,910
symbiote,0,909
octopath_traveler_i,3,909
phosphophyllite_(ll),4,909
noble_witches,3,909
partially_open_shirt,0,909
friday_night_funkin',3,909
shigure_ui_(young)_(vtuber),4,908
german_flag_bikini,0,908
minamoto_no_raikou_(second_ascension)_(fate),4,908
fushigiboshi_no_futago_hime,3,908
lipstick_mark_on_testicles,0,908
milla_maxwell,4,908
ejaculation_under_clothes,0,908
human_chair,0,908
motto!_haramase!_(series),3,908
lifted_by_tail,0,908
lace_border,0,907
orange-framed_eyewear,0,907
swallowing,0,907
paperclip,0,907
hip_tattoo,0,907
censored_by_text,0,907
carmilla_(fate),4,907
gradient_ribbon,0,907
yellow_jumpsuit,0,907
pink_serafuku,0,907
sora_(arknights),4,907
originium_arts_(arknights),0,906
baseball_helmet,0,906
gold_boots,0,906
silver_hairband,0,906
holding_juice_box,0,906
justice_gakuen,3,906
on_tank,0,906
gravity_daze,3,906
green_pubic_hair,0,906
ushiromiya_jessica,4,906
dislyte,3,906
zuikaku_kai_ni_(kancolle),4,906
stomach_growling,0,905
digimon_tamers,3,905
anegasaki_nene,4,905
titans_(gundam),0,904
vsk-94_(girls'_frontline),4,904
powerpuff_girls_z,3,904
xu_fu_(fate),4,904
lace-trimmed_headwear,0,904
huohuo_(honkai:_star_rail),4,904
kyogre,4,904
gorilla,0,904
holding_pumpkin,0,904
takeuchi_takashi_(style),0,904
oomori_yuuko,4,904
plant_focus,0,904
waffle,0,904
eggshell,0,904
instagram,3,903
scheherazade_(fate),4,903
renne_(eiyuu_densetsu),4,903
rune_factory:_guardians_of_azuma,3,903
chiton,0,903
incineroar,4,903
ascot_between_breasts,0,903
fanning_face,0,903
yagen_toushirou,4,903
black_tunic,0,902
friedrich_der_grosse_(azur_lane),4,902
wii_fit,3,902
severed_arm,0,902
hajimari_no_kiseki,3,902
signpost,0,902
middle_w,0,902
ganbare_douki-chan,3,902
ulrich_von_hutten_(azur_lane),4,902
zoey_(kpop_demon_hunters),4,902
oxygen_mask,0,902
nice_nature_(poinsettia_ribbon)_(umamusume),4,902
grey_overalls,0,901
multicolored_buttons,0,901
genderswap_(otm),0,901
vodka,0,901
seiren_(precure),4,901
silver_wolf_(lv.999)_(honkai:_star_rail),4,900
greek_cross,0,900
wooden_horse,0,900
hero_(dq11),4,900
beehive_hairdo,0,900
yuzuhara_konomi,4,900
windsock,0,900
murasame_(senren),4,900
elysia_(miss_pink)_(honkai_impact),4,900
cross_of_prontera,0,900
phrygian_cap,0,899
dog_hair_ornament,0,899
foodgasm,0,899
narrow_hips,0,899
frame_arms_girl,3,899
jin_kisaragi,4,899
angela_balzac,4,899
akagi_shigeru,4,899
flat_chest_grab,0,899
tendril,0,899
precum_through_clothes,0,898
touhoku_itako,4,898
neck_garter,0,898
cecilia_alcott,4,898
facing_back,0,898
heart_wand,0,898
senkou_hanabi,0,898
tokisaki_mio_(niliu_chahui),4,898
isobe_noriko,4,898
board_eraser,0,898
inteleon,4,898
spirit_blossom_(league),0,898
sitting_on_animal,0,898
spasm,0,898
yuzuki_choco_(1st_costume),4,897
almond_eye_(the_changer)_(umamusume),4,897
player_character_(degrees_of_lewdity),4,897
holding_pregnancy_test,0,897
grey_hakama,0,897
golden_arms,0,897
aqua_(kingdom_hearts),4,897
pants_around_one_leg,0,897
comiket_100,3,897
ball_hands,0,897
team_magma,0,897
:s,0,897
flagpole,0,897
usb,0,897
gravel_(arknights),4,896
thor_(marvel)_(series),3,896
weird_route_(deltarune),0,896
multicolored_pantyhose,0,896
persona_dancing,3,896
keizoku_school_uniform,0,896
yellow_slingshot_swimsuit,0,896
sothis_(young)_(fire_emblem),4,896
miyako_(hidamari_sketch),4,896
mickey_mouse,4,896
nippaku_zanmu,4,896
usa-chan_(idolmaster),4,896
kano_shuuya,4,896
suigetsu,3,896
force_of_will,3,896
puppet_rings,0,896
kyokugen_dasshutsu,3,896
lei,0,896
type-moon,3,896
admiral_graf_spee_(azur_lane),4,896
iori_junpei,4,895
irezumi,0,895
fatal_frame_ii:_crimson_butterfly,3,895
yomi_(senran_kagura),4,895
nagao_kagetora_(fate),4,895
noripro,3,895
red_bonnet,0,895
chaos_zero_nightmare,3,895
double_\||/,0,895
yu-gi-oh!_vrains,3,895
battlefield,0,894
x_navel,0,894
apologizing,0,894
rosa_(arknights),4,894
heart_eyepatch,0,894
calstone_light_o_(umamusume),4,894
crypto_(apex_legends),4,894
kit_bodega,4,894
mochizuki_ryouji,4,894
adjusting_footwear,0,894
implied_nudity,0,894
licking_another's_cheek,0,893
idolmaster_cinderella_girls_u149,3,893
chocolate_banana,0,893
kirisame_marisa_(pc-98),4,893
yamabuki_inori,4,893
sock_pull,0,893
ragatha_(the_amazing_digital_circus),4,893
low_horns,0,893
collar_grab,0,892
horse_racing_track,0,892
akechi_anna,4,892
crotchless_pants,0,892
phone_booth,0,892
flaming_eyes,0,892
forget-me-not_(flower),0,892
side-tie_swimsuit,0,892
shopping_basket,0,892
kiana_kaslana_(herrscher_of_the_void),4,892
siren_(azur_lane),0,892
mr._plantegg_(omori),4,892
delivery,0,891
yellow_overalls,0,891
pleading_face_emoji,0,891
alternate_shiny_pokemon,0,891
penguin_girl,0,890
mashiro_(blue_archive),4,890
video_game_cover,0,890
unworn_bowtie,0,890
long_eyebrows,0,890
neko_(minato_aqua),4,890
grabbing_another's_hand,0,890
laurels,0,890
p90_(girls'_frontline),4,889
spork,0,889
nikka_edvardine_katajainen,4,889
scorpion_tail,0,889
canopy_(aircraft),0,889
vodka_(wild_top_gear)_(umamusume),4,889
partially_open_jacket,0,889
renamon,4,889
sparse_navel_hair,0,889
moose_(kemono_friends),4,889
ansatsu_kyoushitsu,3,889
housho_margo,4,889
hoshi_ryoma,4,889
striped_blush,0,889
chaotic_scene,0,888
boxing_ring,0,888
sam_(honkai:_star_rail),4,888
ankleband,0,888
dizi,0,888
adjusting_buruma,0,888
cracked_mask,0,888
dantsu_flame_(center_spotlight)_(umamusume),4,888
hirose_koichi,4,887
cheese_trail,0,887
swing_set,0,887
naganohara_mio,4,887
secelia_dote,4,887
hololive_summer_2023_swimsuit,0,887
sobbing,0,887
tantrum,0,887
mon-musu_quest:_paradox,3,887
sasaki_saku_(1st_costume),4,887
training_corps_(emblem),0,887
utsumi_sakura,4,887
papyrus_(undertale),4,886
master_(vocaloid),4,886
clarent_(fate),0,886
floating_crown,0,886
ishigami_nozomi,4,886
himejoshi,0,886
katagiri_sanae,4,886
larry_(pokemon),4,886
cure_moonlight,4,886
okinami_(kancolle),4,886
nanakusa_nazuna_(yofukashi_no_uta),4,886
bravely_default_(series),3,886
the_tale_of_food,3,885
dolphin_hair_ornament,0,885
rainbow_six_siege,3,885
checkered_haori,0,885
female_saniwa_(touken_ranbu),4,885
banette,4,885
sakagami_tomoyo,4,885
i-13_(kancolle),4,885
holding_sponge,0,885
marina_(off_the_hook_outfit)_(splatoon),4,885
laura_bodewig,4,885
holding_party_popper,0,885
lampshade,0,885
holding_cloth,0,884
planetary_ring,0,884
full_stomach,0,884
evil_neuro-sama_(1st_costume),4,884
on_tree_stump,0,884
crayon_shin-chan,3,884
binah_(project_moon),4,884
straw_hat_pirates,0,883
swan,0,883
holding_another's_ankles,0,883
measurements,0,883
sawamura_spencer_eriri,4,883
kureiji_ollie_(1st_costume),4,883
delphox,4,883
lily_black,4,883
mage_(ragnarok_online),4,883
aqua_wings,0,883
chrollo_lucilfer,4,882
jasmine_(pokemon),4,882
reinforce_zwei,4,882
queen's_blade_rebellion,3,882
michael_roa_valdamjong,4,882
holding_lead_pipe,0,881
marinette_dupain-cheng,4,881
striped_belt,0,881
holding_mahjong_tile,0,881
lenalee_lee,4,881
manboobs,0,881
tenryuu_kai_ni_(kancolle),4,881
li_yuting_(female),4,881
crinoline,0,881
holding_chess_piece,0,881
lighting_cigarette,0,881
kaname_madoka_(cosplay),0,881
black_keys_(type-moon),0,881
vampire_(vocaloid),3,881
painted_clothes,0,881
infinite_stratos_academy_school_uniform,0,881
demon_king_of_salvation,4,881
lowleg_shorts,0,880
female_commander_(girls'_frontline),4,880
beelstarmon,4,880
long_fingers,0,880
nobeta,4,880
russian_flag,0,880
hand_to_weapon,0,880
amuro_tooru,4,880
holding_rabbit,0,880
donkey_kong,4,880
fox_mccloud,4,879
print_ribbon,0,879
kamihama_university_affiliated_school_uniform,0,879
miyanaga_saki,4,879
single_sandal,0,879
tanghulu,0,879
sitting_on_water,0,879
higashikata_josuke_(jojolion),4,879
winged_hair_ornament,0,878
yurie_mouth,0,878
hair_focus,0,878
white_flag,0,878
historical_connection,0,878
heart_straw,0,878
daikon,0,878
holding_chalk,0,878
bear_bag,0,878
a_hat_in_time,3,877
giving_wedgie,0,877
kitashirakawa_chiyuri,4,877
toyama_kasumi,4,877
noshiro_(azur_lane),4,877
feet_on_chair,0,877
green_bonnet,0,877
scizor,4,877
pink_helmet,0,876
ornate_armor,0,876
zima_(arknights),4,876
itan_private_high_school_uniform,0,876
hinata_hideki,4,876
greenhouse,0,876
accel_world,3,876
shining_(arknights),4,876
deer_boy,0,875
jigokuraku,3,875
oshiete!_galko-chan,3,875
knit_hat,0,875
cyberpunk_2077,3,875
7th_dragon,3,875
propeller_hair_ornament,0,874
astesia_(arknights),4,874
tomori_nao,4,874
sheik,4,874
long_arms,0,874
minun,4,874
egg_yolk,0,874
bubble_background,0,874
xp-tan,4,874
charlotte_(genshin_impact),4,874
cd_case,0,874
cutlass_(girls_und_panzer),4,874
kakania_(reverse:1999),4,874
asymmetrical_dress,0,873
face_punch,0,873
half_note,0,873
shirayuki_chiyo,4,873
hino_akane_(idolmaster),4,873
sawatari_coco,4,873
brant_(wuthering_waves),4,873
bubba_(watson_amelia),4,873
jigoku_shoujo,3,873
criss-cross_back-straps,0,872
plaid_shawl,0,872
unexpectedly_evil,0,872
chain_belt,0,872
lgbt_pride,0,872
head_on_table,0,872
ibuki_douji_(fate),4,872
baba_konomi,4,872
neck_grab,0,872
rina-chan_board,0,872
player_character_(wow),4,872
wrapped_in_blanket,0,872
cardigan_vest,0,871
plusle,4,871
mikakunin_de_shinkoukei,3,871
souryuu_asuka_langley_(cosplay),0,871
itsuki_shu,4,871
table_tennis_paddle,0,871
lace_collar,0,871
usada_pekora_(casual),4,871
concentrating,0,870
hinata_shouyou,4,870
red_visor_cap,0,870
liv_(pgr),4,870
dinosaur_costume,0,870
franziska_von_karma,4,870
mikumo_guynemer,4,870
red_light,0,870
shoulder_freckles,0,870
glory_hole,0,870
koito_yuu,4,869
paxton_(pokemon),4,869
silent_hill_f,3,869
toasting_(gesture),0,869
holding_hand_grip,0,869
ayase_seiko,4,869
diyusi_(cookie),4,869
xenosaga_episode_iii,3,869
zipper_skirt,0,869
wario,4,869
penis_on_head,0,869
cure_prism,4,869
gold_jewelry,0,868
print_mug,0,868
imitating,0,868
rita_mordio,4,868
fdd_threesome,0,868
smallfry_(splatoon),4,868
yoru_no_kurage_wa_oyogenai,3,868
yoshikawa_yuuko,4,868
moe_moe_kyun!,0,868
legs_bound_apart,0,868
rosemi_lovelock,4,868
tord_(eddsworld),4,867
terraria,3,867
hinamatsuri,0,867
fantasy_earth_zero,3,867
shot_glass,0,867
slay_the_spire,3,867
semiramis_(fate),4,867
fur_capelet,0,867
colored_smoke,0,866
shell_earrings,0,866
tokitou_muichirou,4,866
pony_(animal),0,866
kasukabe_tsumugi,4,866
sailor_chibi_moon,4,866
strike_witches:_kurenai_no_majo-tachi,3,866
flonne,4,866
harime_nui,4,866
peter_parker,4,866
shorts_aside,0,865
gold_bracer,0,865
print_eyepatch,0,865
touhou_gensou_eclipse,3,865
humanoid_and_humanization,0,865
tsab_ground_military_uniform,0,865
ghost_type_theme_(pokemon),0,865
feather_dress,0,864
david_martinez,4,864
monocle_chain,0,864
compact_(cosmetics),0,864
kimi_to_semi_blue_(idolmaster),3,864
kimi_ga_shine,3,864
dispatch,3,864
morishima_haruka,4,864
jackal_boy,0,864
bulge_to_ass,0,864
devil_summoner_(series),3,863
spoken_animal,0,863
musical_note_earrings,0,863
bat_ornament,0,863
fingering_from_behind,0,863
pardofelis,4,863
paper_background,0,863
training,0,863
string_around_finger,0,863
machamp,4,862
alice_thymefield_(sea_of_thyme),4,862
red_jumpsuit,0,862
welsh_corgi,0,862
camping,0,862
catfight,0,862
luvdisc,4,862
maou_(maoyuu),4,862
pointing_melee_weapon,0,862
silent_hill_2,3,861
purple_petals,0,861
orange_tabard,0,861
forward-facing_horns,0,861
seiren_academy_school_uniform,0,861
ike_eveland,4,861
dead_by_daylight,3,861
fukuda_haru,4,861
chibi_on_head,0,861
lebanne_(pokemon),4,861
two-tone_pantyhose,0,861
schneider_(reverse:1999),4,861
open_jumpsuit,0,861
okita_souji_(second_ascension)_(fate),4,861
reverse_nursing_handjob,0,861
blue_poison_(shoal_beat)_(arknights),4,861
hiyori_(swimsuit)_(blue_archive),4,861
despair,0,861
spiked_mace,0,861
luxury_(idolmaster),0,861
chi.:_chikyuu_no_undou_ni_tsuite,3,860
cheek_rest,0,860
gold_sandals,0,860
gate_-_jieitai_ka_no_chi_nite_kaku_tatakaeri,3,860
hayakawa_tazuna,4,860
shinazugawa_sanemi,4,860
plus_sign,0,860
ano_natsu_de_matteru,3,860
paw_print_soles,0,860
hoppip,4,860
multiple_anal,0,859
empty_picture_frame,0,859
mole_on_crotch,0,859
mira_(kpop_demon_hunters),4,859
hanging_legs,0,859
accidental_pervert,0,859
arisaka,0,859
black_bandages,0,859
mutual_orgasm,0,859
ishuzoku_reviewers,3,859
scar_on_breast,0,859
package,0,859
panda_boy,0,859
mouse_boy,0,858
followers_favorite_challenge,0,858
konpaku_youki,4,858
sand_cat_(kemono_friends),4,858
hand_on_blade,0,858
persona_5:_the_phantom_x,3,858
dreepy,4,858
long_hoodie,0,858
grape_hat_ornament,0,858
blueberry_academy_school_uniform,0,858
holding_with_gesture,0,858
housewife,0,857
hibari_(senran_kagura),4,857
beni-enma,4,857
female_byleth_(summer)_(fire_emblem),4,857
hinatsuru_ai,4,857
shirasagi_chisato,4,857
ibaraki_douji_(berserker)_(fate),4,857
nakatani_iku,4,857
asteroid,0,856
exposed_internal_machinery,0,856
gradient_sleeves,0,856
patterned_legwear,0,856
chloe_(princess_connect!),4,856
gundam_build_divers_re:rise,3,856
g41_(girls'_frontline),4,856
scratching,0,856
tickle_torture,0,856
yoga,0,856
undefined_fantastic_object,3,856
interview,0,856
throat_bulge,0,855
tomoe_rena,4,855
ass_freckles,0,855
crumpled_paper,0,855
jade_(gemstone),0,855
latex_boots,0,855
kirisame_marisa_(cosplay),0,855
ghost_in_the_shell:_stand_alone_complex,3,855
tsukishima_hajime,4,855
full_metal_panic!,3,855
dome,0,855
flower-trimmed_dress,0,855
vita_(honkai_impact),4,855
stuffed_frog,0,855
sucking_male_nipple,0,854
wall-eyed,0,854
ars_almal,4,854
cymbals,0,854
argyle_dress,0,854
saotome_shino_(shino_to_ren),4,854
sideboob_cutout,0,854
ipod_nano,0,854
mahito_(jujutsu_kaisen),4,854
over_the_mouth_gag,0,854
genre_connection,0,854
coco_(tongari_boushi_no_atelier),4,853
plaid_apron,0,853
cat's_cradle,0,853
arihara_nanami,4,853
kininatteru_hito_ga_otoko_ja_nakatta,3,853
tokugawa_matsuri,4,853
electrocution,0,853
flower_(vocaloid4),4,853
walking_away,0,853
poison_(final_fight),4,853
uchi_emiri,4,853
nitocris_(caster)_(fate),4,853
black_mage_(final_fantasy),4,852
icicle,0,852
waraji,0,852
unworn_hairband,0,852
golem,0,852
nyanko_daisensou,3,852
shirayuki_ren,4,852
whistling,0,852
fender_telecaster,0,852
tunnel,0,852
creator_(ragnarok_online),4,852
intimidating,0,852
pitching,0,851
chinstrap_beard,0,851
polka_dot_hairband,0,851
nagara_(kancolle),4,851
judgement_armband_(toaru),0,851
vox_akuma,4,851
shoujo_kitou-chuu,0,851
courtney_(pokemon),4,850
team_skull,0,850
lady_maria_of_the_astral_clocktower,4,850
purple_suit,0,850
wrist_straps,0,850
rena_erindel,4,850
nicholas_d._wolfwood,4,850
see-through_bodysuit,0,850
hunter_(ragnarok_online),4,850
inumuta_houka,4,850
gilgamesh_(casual_wear)_(fate/zero),4,850
cutting_own_hair,0,850
holding_string,0,849
marceline_abadeer,4,849
senjou_no_valkyria_1,3,849
mysterious_heroine_x_alter_(first_ascension)_(fate),4,849
iei,0,849
poppy_(pokemon),4,849
freyja_wion,4,849
natori_(kancolle),4,849
brock_(pokemon),4,849
deck_chair,0,849
magic_arm,0,849
malina_(helltaker),4,849
lectern,0,849
family_guy,3,848
female_orc,0,848
gojou_wakana,4,848
jia_xichun_(project_moon),4,848
impossible_hair,0,848
grisaia_no_kajitsu,3,848
see-through_hair,0,848
minegumo_(kancolle),4,848
kasuga_maru_(kancolle),4,848
red_sun,0,848
kittysuit,0,848
chespin,4,848
barcode_scanner,0,848
michishio_kai_ni_(kancolle),4,848
shimazu_yoshino,4,848
zentreya_(dragon),4,847
massachusetts_(azur_lane),4,847
baka_to_test_to_shoukanjuu,3,847
god_eater_burst,3,847
genseishinki_sacred_virth,3,847
on_crescent,0,847
agrias_oaks,4,847
getabako,0,847
irako_(kancolle),4,847
claire_redfield,4,846
scolding,0,846
choso_(jujutsu_kaisen),4,846
naomi_(girls_und_panzer),4,846
mailbox_(incoming_mail),0,846
crying_emoji,0,846
shimada_chiyo,4,846
year_of_the_dog,0,846
blood_on_mouth,0,846
mumei_(kabaneri),4,846
jungle_pocket_(champion's_battle_cry)_(umamusume),4,846
milkshake,0,846
nanami_touko,4,845
haman_karn,4,845
comiket_101,3,845
natsu_(band)_(blue_archive),4,845
hand_on_another's_crotch,0,845
aqua_sweater,0,845
handrail,0,845
after_battle,0,845
nakoruru,4,845
teana_lanster,4,845
moose_ears,0,845
spiked_gauntlets,0,844
fate/unlimited_blade_works,3,844
acheron_(slashed_dream)_(honkai:_star_rail),4,844
single_knee_boot,0,844
pon_de_ring,0,844
shogi,0,844
azusa_(swimsuit)_(blue_archive),4,844
koumajou_densetsu,3,844
implied_paizuri,0,844
year_of_the_pig,0,844
rabbit_ear_headphones,0,844
amiya_(medic)_(arknights),4,844
sophie_neuenmuller,4,843
revenant_(elden_ring),4,843
pixiv_fantasia_fallen_kings,3,843
hanadera_nodoka,4,843
inu_x_boku_ss,3,843
okazaki_tomoya,4,843
nuzzle,0,843
machina_x_flayon,4,843
vertical-striped_coat,0,843
lavender_(flower),0,842
ankle_wings,0,842
enema,0,842
yukimura_aoi,4,842
stamp_mark,0,842
azazel_(helltaker),4,842
colored_pussy,0,842
crater,0,842
anchor_earrings,0,841
sinking,0,841
minami_yume,4,841
toothpaste,0,841
eureka_(eureka_seven),4,841
footjob_with_footwear,0,841
raidian_(arknights),4,841
michigami_nareko,4,840
exposed_muscle,0,840
other_with_male,0,840
water_yoyo,0,840
surintendante_chevalmarin,4,840
lysithea_von_ordelia_(timeskip),4,840
coyote_(kemono_friends),4,840
public_vibrator,0,840
rolling,0,840
kallen_kaslana,4,840
meisho_doto_(turbulent_blue)_(umamusume),4,840
jian_(weapon),0,839
makai_senki_disgaea_2,3,839
kawakami_princess_(umamusume),4,839
vedal987,4,839
railgun,0,839
magik's_crown,0,839
fujimaru_ritsuka_(male)_(decisive_battle_chaldea_uniform),4,839
holding_maracas,0,839
kiana_kaslana_(white_comet),4,839
dracule_mihawk,4,839
cowering,0,839
aztec,0,839
mordred_(swimsuit_rider)_(fate),4,839
march_7th_(hunt)_(honkai:_star_rail),4,839
steam_locomotive,0,838
perseus_(azur_lane),4,838
tucked_money,0,838
gaijin_4koma_(meme),0,838
nijisanji_id,3,838
belldandy,4,838
tsurezure_children,3,838
skateboarding,0,838
cornrows,0,838
hoshimi_junna,4,838
noir_(nikke),4,838
knee_guards,0,838
shinguji_korekiyo,4,838
vest_lift,0,837
against_window,0,837
silver_the_hedgehog,4,837
female_protagonist_(pokemon_go),4,837
energy_barrier,0,837
dmm,3,837
basketball_hoop,0,837
advanced_nurturing_high_school_uniform,0,837
oxfords,0,836
ribbed_cardigan,0,836
urotsuki,4,836
pa-15_(girls'_frontline),4,836
polka_dot_thighhighs,0,836
sakurai_masahiro,4,836
holding_magazine,0,836
2006,0,836
standing_missionary,0,836
holding_halloween_bucket,0,835
military_fatigues,0,835
very_hairy,0,835
arrow_print,0,835
playing_flute,0,835
frilled_sash,0,835
ichika_(swimsuit)_(blue_archive),4,835
snapping_fingers,0,835
sheriff_badge,0,835
samson_(skullgirls),4,835
yae_sakura_(gyakushinn_miko),4,835
sophie_(tales),4,835
glowing_halo,0,835
iori_rinko,4,835
carnation,0,835
saury,0,835
ragnarok_masters,3,835
uchuu_senkan_yamato_2199,3,835
tanamachi_kaoru,4,835
tsuyuzaki_mahiru,4,835
green_sports_bra,0,835
hoshino_(girls_und_panzer),4,834
hands_on_headphones,0,834
okita_j._souji_(fate),4,834
tsujino_akari,4,834
piano_bench,0,834
chibi_miku,4,834
big_bad_wolf,4,834
shaped_lollipop,0,834
voyager_(reverse:1999),4,834
tuna,0,833
wii_fit_trainer_(female),4,833
iyowa_girls,3,833
ichinose_kotomi,4,833
protagonist_(metaphor:_refantazio),4,833
angelica_(project_moon),4,833
asian_small-clawed_otter_(kemono_friends),4,833
torn_kimono,0,833
valkyrie_profile_(series),3,833
paradox_live,3,833
riverbank,0,833
tangtang_(arknights),4,833
kodomo_no_jikan,3,833
rowboat,0,832
pull_cord,0,832
gachiakuta,3,832
gilgamesh_(immoral_biker_jacket)_(fate),4,832
pien_cat_(needy_girl_overdose),4,832
comic_sans,0,832
butterfree,4,832
...!,0,832
matoi_(pso2),4,832
wonder_woman_(series),3,831
aqua_choker,0,831
ariane_yeong,4,831
carrot_print,0,831
orange_outline,0,831
tsukumo_sana_(1st_costume),4,831
garland_(decoration),0,831
funeral_dress,0,831
ruyi_jingu_bang,0,830
yao_guang_(honkai:_star_rail),4,830
squat_toilet,0,830
hijikata_toshizou_(fate),4,830
becky_blackbell,4,830
kite,0,830
sparse_leg_hair,0,830
nesoberi,0,830
hayasaka_mirei,4,830
suzuki_hana,4,829
kirschtaria_wodime,4,829
leva_(girls'_frontline_2),4,829
uehara_himari,4,829
fanbox_logo,0,829
nagato_kai_ni_(kancolle),4,829
wardrobe_error,0,829
elegg_(boom_and_shock)_(nikke),4,829
arceus,4,829
mythra_(massive_melee)_(xenoblade),4,828
jacket_over_shoulder,0,828
degenbrecher_(arknights),4,828
mons_pubis,0,828
frustrated,0,828
small_nipples,0,828
yamada_elf,4,828
undone_neckerchief,0,828
razor,0,827
finger_to_eye,0,827
earphones_removed,0,827
tote_bag,0,827
bell_sleeves,0,827
stiff_tail,0,827
houlen_yabusame,4,827
lu_guang,4,827
russia,0,827
violence,0,827
can't_be_this_cute,0,827
angelina_the_mellow_wish_(arknights),4,827
shark_boy,0,826
twig,0,826
arcane_caitlyn,4,826
snow_white_(nikke),4,826
parasite_suit_(darling_in_the_franxx),0,826
piapro_studio,3,826
nagomi_yui,4,826
kikuzuki_(kancolle),4,826
sniper_(ragnarok_online),4,826
tailjob,0,826
mazda,0,826
digimon_story:_cyber_sleuth,3,826
mortal_kombat_(series),3,826
sf-a2_miki,4,825
tied_to_chair,0,825
hand_on_own_foot,0,825
fold-over_gloves,0,825
deidara_(naruto),4,825
mash_kyrielight_(swimsuit_of_perpetual_summer),4,825
misono_karin,4,825
joltik,4,825
yuki_onna,0,825
taker_pov,0,825
dualshock,0,825
superflat,0,824
braid_over_shoulder,0,824
nowi_(fire_emblem),4,824
borrowed_hairstyle,0,824
no_symbol,0,824
see-through_bra,0,824
mario_&_luigi_rpg,3,824
gehenna_academy_logo,0,824
minazuki_karen,4,824
mogador_(kancolle),4,824
sunrise_(company),3,824
yumizuka_satsuki,4,824
cure_heart,4,824
shamare_(arknights),4,823
lace_pantyhose,0,823
on_pillow,0,823
tsukuyo_(blue_archive),4,823
germany,0,823
ooarai_(emblem),0,823
zooey_(granblue_fantasy),4,823
challia_bull,4,823
lilligant,4,823
oonusa,0,823
sirius_(scorching-hot_seirios)_(azur_lane),4,823
azki_(4th_costume)_(hololive),4,822
ukinami_yuzuha_(tanuki_in_broad_daylight),4,822
temari_(naruto),4,822
kingdom_hearts_i,3,822
homurabara_academy_elementary_school_uniform,0,822
single_bang,0,822
lucky_lilac_(umamusume),4,822
lingsha_(honkai:_star_rail),4,822
orchid,0,822
holding_tongs,0,822
twitter_cutting_game,0,822
purple_pikmin,4,822
darkrai,4,822
senko_(sewayaki_kitsune_no_senko-san),4,822
koraidon,4,822
ikea_shark,0,822
cracking_knuckles,0,822
microsoft_paint_(software),0,822
presenting_pawpads,0,822
meloetta,4,822
stinger,0,822
sora_ginko,4,821
isagi_yoichi,4,821
connected_beard,0,821
confrontation,0,821
south_dakota_(kancolle),4,821
onigirya_(nekomata_okayu),4,821
son_goten,4,821
snapchat,0,821
hijikata_toushirou,4,821
cattail,0,821
penis_over_one_eye,0,820
enma_ai,4,820
valkyrie_(fate),4,820
sorakado_ao,4,820
whale_hat,0,820
mint_fantome_(minto_2.0),4,820
torn_bikini,0,820
super_saiyan_2,0,820
o-ring_panties,0,820
nikaidou_saki,4,820
kamina_shades,0,820
black_hanekawa,4,819
torn_sweater,0,819
belt_skirt,0,819
scar_across_eyebrow,0,819
singlet,0,819
zoroark,4,819
assassin_(ragnarok_online),4,819
han_sooyoung,4,819
glass_writing,0,819
silvervale,4,818
kemono_friends_2,3,818
anna_(fire_emblem),4,818
panties_over_garter_belt,0,818
car_seat,0,818
hand_hair,0,818
puzzle,0,818
ice_skating,0,818
froakie,4,818
perverted_utility,0,818
lisia_(pokemon),4,817
ferret_girl,0,817
25-ji_miku,4,817
yamashiro_takane,4,817
wide_face,0,817
backless_panties,0,817
energy_weapon,0,817
nico_nico_nii,0,817
koinobori,0,817
himekawa_yuki,4,817
the_witcher_3,3,817
queen_(playing_card),0,817
misdreavus,4,816
nijisanji_matching_outfit,0,816
claw_foot_bathtub,0,816
mint,0,816
tsukumihara_academy_uniform_(fate/extra_ccc),0,816
weapon_in_garters,0,816
mint_chocolate,0,816
stuffed_eggplant,0,816
flower_bed,0,816
shinx,4,815
adjusting_leotard,0,815
cygames,3,815
satellite_dish,0,815
welt_yang,4,815
amphibia,3,815
aqua_lips,0,815
bishie_sparkle,0,815
shirakami_fubuki_(loungewear),4,815
checkered_legwear,0,815
super_mushroom,0,815
chimchar,4,815
songover,0,815
high_school_dxd_born,3,815
baby_carry,0,815
dragon_quest_vii,3,814
kidnapping,0,814
gradient_border,0,814
scooby-doo_(series),3,814
aether_foundation_employee,4,814
meka_(overwatch),0,814
kokoro_(hakui_koyori),4,814
fluttershy,4,813
print_boots,0,813
glove_in_mouth,0,813
colored_condom,0,813
lemon_hair_ornament,0,813
female_shez_(fire_emblem),4,813
hyrule_warriors,3,813
soba,0,813
erwin_smith,4,813
black_romper,0,813
taihou_(forbidden_fruit)_(azur_lane),4,813
xion_(kingdom_hearts),4,813
martina_(dq11),4,813
animal_skeleton,0,813
aqua_boots,0,812
otonose_kanade_(1st_costume),4,812
in_orbit,0,812
gear_fifth,0,812
ribbon-trimmed_socks,0,812
shaved_head,0,812
guitar_strap,0,812
durandal_(umamusume),4,812
natsuumi_manatsu,4,812
stuffing,0,812
amoris_(bang_dream!),4,812
colored_eyepatch,0,812
mdr_(girls'_frontline),4,812
marina_(fear_&_hunger),4,812
onitsuka_natsumi,4,812
spiked_ball_and_chain,0,812
traffic_baton,0,812
rubbing,0,812
mamemaki,0,812
navel_focus,0,812
ferret_ears,0,811
pink_robe,0,811
spoken_emoji,0,811
bang_dream!_yumemita,3,811
time_bokan_(series),3,811
matou_sakura_(fate/zero),4,811
bandana_waddle_dee,4,811
sanzen'in_nagi,4,810
feraligatr,4,810
aoi_(blue_archive),4,810
orange_eyeshadow,0,810
ave_mujica_(bang_dream!),0,810
pilot_helmet,0,810
dildo_under_clothes,0,810
lavinia_whateley_(fate),4,810
bakery,0,810
haruna_(track)_(blue_archive),4,810
morenatsu,3,810
mahou_shoujo_lyrical_nanoha_the_movie_1st,3,810
alcremie_(strawberry_sweet),4,810
stardew_valley,3,810
vinesauce,3,810
hotel_room,0,810
yellow_bird,0,809
shiratori_aira_(dandadan),4,809
fire_emblem:_new_mystery_of_the_emblem,3,809
agnes_claudel,4,809
shinomiya_runa,4,809
utaha_(blue_archive),4,809
multiple_monitors,0,809
kobayashi_mikuru,4,809
pompompurin,4,809
all_might,4,809
drain_(object),0,809
tavern,0,809
medusa_(lancer)_(fate),4,809
stuffed_unicorn,0,809
head_hug,0,809
quetzalcoatl_(fate),4,808
pink_eyeliner,0,808
luo_xiaohei_(cat),4,808
chipmunk_ears,0,808
mayqueen_maid_uniform,0,808
mochitsuki,0,808
ichigo_hitofuri,4,808
orange_cardigan,0,808
ring_fit_adventure,3,808
elbow_sleeve,0,807
elly_(touhou),4,807
rooster,0,807
himemiya_anthy,4,807
cartoonized,0,807
platelet_(hataraku_saibou),4,807
pansy,0,807
sakamoto_days,3,807
yellow_collar,0,807
kitten_(gravity_daze),4,807
chocola_(nekopara),4,807
grey_lips,0,806
arahashi_tabi,4,806
ashigara_kai_ni_(kancolle),4,806
brown_tank_top,0,806
pokefication,0,806
trying_on_clothes,0,806
mizumiya_su,4,806
polka_dot_camisole,0,806
spiked_anklet,0,806
sombra_(overwatch),4,805
disco_ball,0,805
black_heart_(neptunia),4,805
hashitsuki_nata,0,805
helena_(azur_lane),4,805
platinum_the_trinity,4,805
queen_elizabeth_(azur_lane),4,805
nori_(seaweed),0,805
super_mario_odyssey,3,805
salmon_run_(splatoon),0,805
whitney_(pokemon),4,805
regina_(precure),4,805
skadi_(waverider)_(arknights),4,805
grass_wonder_(stone-piercing_blue)_(umamusume),4,804
back_muscles,0,804
hacka_doll_3,4,804
brick_road,0,804
midna_(true),4,804
super_highleg,0,804
yellow_hood,0,804
gae_dearg_(fate),0,804
grizzly_mkv_(girls'_frontline),4,804
benikurage_(cookie),4,804
morisawa_chiaki,4,804
seragaki_aoba,4,803
coral_(pokemon),4,803
renge_(blue_archive),4,803
reverse_netorare,0,803
arched_window,0,803
takakura_himari,4,803
imadake_dabuchi_tabemi,4,803
arm_pillow,0,803
gasai_yuno,4,803
red_sarong,0,803
diabellstar_the_black_witch,4,803
mouri_ran,4,802
boombox,0,802
emet-selch,4,802
hockey_mask,0,802
chipmunk_girl,0,802
cassette_player,0,802
kroos_(arknights),4,802
bertolt_hoover,4,802
underground,0,801
cream_puff,0,801
chobits,3,801
golden_snub-nosed_monkey_(kemono_friends),4,801
nekomata_okayu_(school_uniform),4,801
moe_(swimsuit)_(blue_archive),4,801
jill_warrick,4,801
kayoko_(new_year)_(blue_archive),4,801
yuiman_asama,4,801
takimoto_hifumi,4,801
honoka_(doa),4,801
aqua_cape,0,801
kanaria,4,801
door_handle,0,801
denim_overalls,0,801
cross_ornament,0,801
donquixote_rocinante,4,801
martha_(swimsuit_ruler)_(fate),4,801
jude_mathis,4,801
toolbox,0,801
decidueye,4,800
spreading_own_ass,0,800
idolmaster_live_for_you!,3,800
pepsi,3,800
genji_(overwatch),4,800
alucard_(hellsing),4,800
iwanaga_ariya,4,800
eiden_(nu_carnival),4,800
aikatsu_friends!,3,800
smelling_flower,0,800
sheffield_(azur_lane),4,800
too_many_cats,0,799
asamiya_athena,4,799
hoshi_no_tsue,0,799
satanichia_kurumizawa_mcdowell,4,799
tailmon,4,799
alice_(genshin_impact),4,799
horrified,0,799
suo_sango,4,798
see-through_dress_layer,0,798
ribbon_between_breasts,0,798
bc_freedom_school_uniform,0,798
turning_around,0,798
koito_otonoshin,4,798
saigusa_haruka,4,798
side-tie_skirt,0,798
figure_skating,0,798
eris_greyrat_(adult),4,798
white_horse,0,798
matikanetannhauser_(clippety-tippety-clop)_(umamusume),4,798
pickelhaube,0,798
breast_pillow,0,798
finger_claws,0,797
holding_spray_can,0,797
floating_head,0,797
shimabara_elena,4,797
yuel_(granblue_fantasy),4,797
shinkai_shoujo_(vocaloid),3,797
wooden_spoon,0,797
bed_invitation,0,797
gundam_0080,3,797
multicolored_stripes,0,797
fujinami_(kancolle),4,797
xander_(fire_emblem),4,797
long-tailed_tit,0,797
mass_effect_(series),3,797
dj,0,797
onitsuka_tomari,4,797
sugimori_ken_(style),0,797
holding_drawing,0,797
sengoku_bushouki_muramasa,3,797
sableye,4,797
cheshire_cat_(alice_in_wonderland),4,797
kama_(assassin)_(first_ascension)_(fate),4,797
birthday_sash,0,796
bc_freedom_(emblem),0,796
naked_capelet,0,796
ozora_akari,4,796
erwin_(girls_und_panzer),4,796
gacha_(game_mechanic),0,796
setsuna_f._seiei,4,796
kira_yamato,4,796
futaba_mikana,4,796
holding_table_tennis_paddle,0,796
weight,0,796
submarine,0,796
gerbera,0,795
august_von_parseval_(azur_lane),4,795
vanilla_(nekopara),4,795
weasel,0,795
aizawa_shota,4,795
bald_eagle,0,795
pleated_shirt,0,794
rainbow_bikini,0,794
cassette_tape,0,794
diamond_mouth,0,794
wool,0,794
hooters,3,794
ao-chan_(ninomae_ina'nis),4,794
makaino_ririmu_(4th_costume),4,794
tamamo_cat_(first_ascension)_(fate),4,794
saturn_(planet),0,794
school_days,3,793
megu_(blue_archive),4,793
gundam_g_no_reconguista,3,793
jinbe_(one_piece),4,793
log_horizon,3,793
double_chin,0,793
ace_attorney_investigations,3,793
print_hairband,0,793
leg_focus,0,793
spiked_gloves,0,793
sunny_(shadow_slave),4,792
negev_(girls'_frontline),4,792
multiple_unit_train,0,792
gengetsu_(touhou),4,792
chen_(cat),4,792
luxray,4,792
bellibolt,4,792
on_toilet,0,792
shiranui_flare_(1st_costume),4,792
slytherin,0,791
tidus,4,791
kan'u_unchou_(ikkitousen),4,791
hanafuda,0,791
mousepad_(object),0,791
onahole_handjob,0,791
fujino_shizuru,4,791
clam,0,790
neferpitou,4,790
traffic,0,790
hylian_shield,0,790
incense,0,790
face_shield,0,790
sail,0,790
kuzuryu_fuyuhiko,4,790
utsugi_yuuki,4,790
meteor,0,790
hot_air_balloon,0,790
coughing,0,790
capitano_(genshin_impact),4,789
shiki_natsume,4,789
alolan_raichu,4,789
bache_(azur_lane),4,789
baseball_stadium,0,789
ffd_threesome,0,789
sukoya_kana_(1st_costume),4,789
heart-shaped_bag,0,789
flesh,0,789
yuunagi_tsubasa,4,789
female_doctor_(arknights),4,789
kiriko_(overwatch),4,789
glove_pull,0,789
surtr_(colorful_wonderland)_(arknights),4,789
boyfriend's_shirt,0,789
ki-sikil_(yu-gi-oh!),4,788
yen_sign,0,788
hoshirube_sho,4,788
shindan_maker,0,788
bedivere_(fate),4,788
stirring,0,788
alpha_(pgr),4,788
sunken_cheeks,0,787
rice_shower_(vampire_makeover!)_(umamusume),4,787
smol_ame,4,787
sakura_uta_(precure),4,787
moegi_high_school_uniform,0,787
female_assassin_(fate/zero),4,787
cure_rhythm,4,787
heixiu,4,787
begging,0,787
ink_wash_painting,0,786
noi_(dorohedoro),4,786
hane_(hanetsuki),0,786
chloe_von_einzbern_(archer_install),4,786
boyshort_panties,0,786
james_moriarty_(archer)_(fate),4,786
vivian_banshee_(iris_of_the_shore),4,786
red_bull,0,786
aono_miki,4,786
asymmetrical_armor,0,786
dsr-50_(girls'_frontline),4,786
wet_floor,0,786
conical_hat,0,785
mushroom_on_head,0,785
saxophone,0,785
jeanne_d'arc_(swimsuit_archer)_(second_ascension)_(fate),4,784
honzuki_no_gekokujou,3,784
hilda_valentine_goneril_(timeskip),4,784
lancelot_(fate/grand_order),4,784
lobster,0,784
minimap,0,784
see-through_babydoll,0,784
soda_(nikke),4,784
diagram,0,784
vladilena_millize,4,784
ogerpon_(teal_mask),4,783
extra_penises,0,783
sweater_guard,0,783
kanzuki_karin,4,783
coffee_maker,0,783
mami_mogu_mogu,0,783
impossible_sweater,0,783
headphones_removed,0,783
penetration_gesture,0,783
pov_legs,0,783
me-tan,4,783
breast_cutouts,0,783
kasugano_sora,4,783
alice_cartelet,4,783
neneko_mashiro,4,783
koiwai_yotsuba,4,783
palworld,3,783
kagura_hikari,4,783
takei_hisa,4,783
brushing_own_hair,0,782
side-tie_dress,0,782
naked_robe,0,782
mizuki_yukikaze,4,782
onahole_job,0,782
pinup_(style),0,782
holding_bone,0,782
vomit,0,782
shulk_(xenoblade),4,782
white_car,0,782
cowl,0,781
otonashi_yuzuru,4,781
nicole_(genshin_impact),4,781
anastasya_feodorovna_snezhnaya,4,781
purple_pajamas,0,781
kson,4,781
swaying_hip,0,781
digital_thermometer,0,781
fire_emblem:_fortune's_weave,3,781
pointing_to_the_side,0,781
yellow_lips,0,781
stomping_viewer,0,781
seto_kousuke,4,781
electro_symbol_(genshin_impact),0,781
hashibira_inosuke,4,781
shokudaikiri_mitsutada,4,781
s.e.e.s,0,781
drying_another's_hair,0,780
san_(mononoke_hime),4,780
lilith_(machikado_mazoku),4,780
nigirizushi,0,780
amazon_(company),3,780
long_mustache,0,780
squid_game,3,780
medarot,3,780
rainbow_dash,4,780
pastry_box,0,780
floating_curtains,0,779
lemon_print,0,779
blue_headscarf,0,779
fur-trimmed_robe,0,779
snowboard,0,779
open_pajamas,0,779
inazuma_eleven_go_galaxy,3,779
abyssal_ship_transformation,0,779
macross_7,3,779
striped_tank_top,0,778
cargo_shorts,0,778
game_boy_(original),0,778
milking_handjob,0,778
elma_(maidragon),4,778
9a-91_(girls'_frontline),4,778
mato_seihei_no_slave,3,778
minamoto_no_raikou_(first_ascension)_(fate),4,778
hoshina_hikaru,4,778
lisbeth_(sao),4,778
medusa_(casual_wear)_(fate),4,778
grease_(mechanical),0,778
incoming_drink,0,778
at_gunpoint,0,777
2026_fifa_world_cup,3,777
dead_animal,0,777
strawberry_parfait,0,777
collar_jewel,0,777
paint_tube,0,777
rape_face,0,777
hitsugaya_toushirou,4,777
ri-class_heavy_cruiser,4,777
mahouka_koukou_no_rettousei,3,777
nekko_(momosuzu_nene),4,777
fur-trimmed_shoes,0,777
computer_tower,0,776
two-tone_capelet,0,776
nerv_logo,0,776
red_tunic,0,776
purple_tunic,0,776
target,0,776
crescent_halo,0,776
hoshikawa_sara_(1st_costume),4,776
duramente_(umamusume),4,776
angel_wing_uniform,0,776
miyuki_kazuya,4,776
nanashi_mumei_(casual),4,776
ofuda_on_pussy,0,776
morinaka_kazaki,4,776
listener_(inugami_korone),4,775
bouncing_penis,0,775
spraying,0,775
a_(phrase),0,775
starfighter,0,775
kuro_no_kiseki_ii,3,775
soldier:_76_(overwatch),4,775
love_hotel,0,775
shishiro_botan_(midnight_convenience_store),4,775
fuwa_minato,4,775
chocolate_on_nipples,0,775
griffith_(berserk),4,775
red_xiii,4,774
aqua_belt,0,774
sentret,4,774
candace_(genshin_impact),4,774
breast_awe,0,774
sailor_uranus,4,774
ginkgo_tree,0,774
sailboat,0,774
atelier_sophie,3,774
heavy_machine_gun,0,774
yuuki_yuuna,4,774
gokotai,4,774
zipper_leotard,0,774
pinky_ring,0,773
crownslayer_(arknights),4,773
bkub_(style),0,773
cannibalism,0,773
female_mage_(dungeon_and_fighter),4,773
rou-kyuu-bu!,3,773
duel_masters_play's,3,773
indomitable_(azur_lane),4,773
crescent_rose,0,773
millennium_puzzle,0,773
poster_parody,0,773
reinforce,4,773
z3_max_schultz_(swimsuit)_(kancolle),4,773
lilith_(second_ascension)_(fate),4,773
kanzaki_souma,4,773
ass_hair,0,773
depth_charge,0,773
sena_ajisai,4,773
houndoom,4,773
yellow_helmet,0,772
strong_zero,0,772
holding_paper_airplane,0,772
hamanami_(kancolle),4,772
witch_(manosaba),0,772
medicine,0,772
hat_kid,4,771
katarina_(league),4,771
gloves_over_sleeves,0,771
hand_on_own_wrist,0,771
kushima_kamome,4,771
metal_gear_solid_v:_the_phantom_pain,3,771
kataginu,0,771
so_moe_i'm_gonna_die!,0,771
hasu_no_daisankaku,0,771
hans_christian_andersen_(fate),4,771
shish_kebab,0,771
itoshiki_nozomu,4,771
uni_(neptunia),4,771
maki_(camp)_(blue_archive),4,771
wuxian_(the_legend_of_luo_xiaohei),4,771
chao_(sonic),0,771
princess_bonnibel_bubblegum,4,770
grandia_i,3,770
reflective_surface,0,770
triple_baka_(group),0,770
implied_pantyshot,0,770
niconico,3,770
smoker_(one_piece),4,770
sneasel,4,770
mountain_of_faith,3,770
meowy_(chainsaw_man),4,769
skinny_dipping,0,769
kidnapped,0,769
morgana_(cat)_(persona_5),4,769
unworn_crown,0,769
the_little_mermaid_(disney),3,769
suneate,0,769
tashkent_(azur_lane),4,769
eva_beatrice,4,769
bikini_around_one_leg,0,769
pokemon_tail,0,769
touwa_erio,4,769
gelatin,0,768
diploma,0,768
nunchaku,0,768
aiba_yumi,4,768
afk_(series),3,768
lonely,0,768
cherino_(blue_archive),4,768
doma_umaru,4,767
noelle_holiday_(dark_world),4,767
water_slide,0,767
holding_gourd,0,767
victory_rolls,0,767
sliding,0,767
spiked_penis,0,767
holding_ring,0,767
sidoh_(dqb2),4,767
dragonair,4,767
koharu_rikka,4,767
numbers_(nanoha),0,767
sion_eltnam_atlasia,4,767
heavenly_boat_maanna,0,767
v4x,0,767
renkin_san-kyuu_magical_pokaan,3,766
shimakaze_(azur_lane),4,766
pine_(bombergirl),4,766
maria_robotnik,4,766
pincers,0,766
red_headscarf,0,766
admire_vega_(starry_nocturne)_(umamusume),4,766
ororon_(genshin_impact),4,766
kunimi_tama,4,766
kuo_shenlin,4,766
drawn_heart,0,766
murasaki_shion_(gothic_lolita),4,766
tako-san_wiener,0,766
minccino,4,766
airi_(band)_(blue_archive),4,766
youtube_logo,0,766
trunks_(future)_(dragon_ball),4,766
ikkitousen_extra_burst,3,766
miss_fortune_(league),4,765
foot_pussy,0,765
penguin_tail,0,765
orange_lips,0,765
blurry_edges,0,765
canal,0,765
full_mouth,0,765
legacy_of_lunatic_kingdom,3,765
hanako_nana,4,765
hydro_symbol_(genshin_impact),0,765
veiny_face,0,765
minase_nayuki,4,765
markings,0,765
kitakami_reika,4,765
tennouboshi_uzume,4,765
jikkyou_powerful_pro_yakyuu_(style),0,765
shugo_seijo_prism_saber,3,765
multicolored_shorts,0,764
gauze_on_knee,0,764
sentient_plant,0,764
hot_chocolate,0,764
body_pillow,0,764
rukuriri_(girls_und_panzer),4,764
faputa,4,764
kisaragi_kai_ni_(kancolle),4,764
bad_leg,0,764
akai_haato_(1st_costume),4,764
pokobee,4,764
i-14_(kancolle),4,764
subscribestar_logo,0,764
x-ray_vision,0,763
fur-trimmed_choker,0,763
sky_striker_ace_-_raye,4,763
hemokinesis,0,763
rose_bush,0,763
green_butterfly,0,763
kamen_rider_revice_(series),3,763
silver_armlet,0,763
altina_orion,4,763
sister_claire_(1st_costume),4,763
gotoh_hitori_(octopus),4,763
vyrn_(granblue_fantasy),4,763
futaba_sana,4,763
yukino_(blue_archive),4,762
kagurabachi,3,762
googly_eyes,0,762
veyle_(fire_emblem),4,762
tier_harribel,4,762
ofuda_on_nipples,0,762
iggy_(jojo),4,762
agumon,4,762
arashio_kai_ni_(kancolle),4,762
bike_jersey,0,762
outer_glow,0,762
tailcoat_playboy_bunny,0,762
red_slippers,0,762
anime_screenshot_inset,0,761
elemental_(creature),0,761
suicune,4,761
mogador_(azur_lane),4,761
imminent_gangbang,0,761
red_dot_sight,0,761
brown_hakama,0,761
carbuncle_(puyopuyo),4,761
embroidered_bra,0,761
skull_belt,0,761
ozymandias_(fate),4,761
omokage_yugamu,4,761
jack-o'-lantern_hair_ornament,0,760
string_of_light_bulbs,0,760
re:creators,3,760
tamamo_cat_(third_ascension)_(fate),4,759
venti_(archon)_(genshin_impact),4,759
marx_(kirby),4,759
piranha_plant,4,759
trolling,0,759
single_unworn_glove,0,759
turkey_(food),0,759
seele_vollerei_(herrscher_of_rebirth),4,758
spamton_g._spamton,4,758
backrooms_(creepypasta),3,758
munchlax,4,758
asuna_(sao-alo),4,758
front_zipper,0,758
chain_around_arm,0,758
ayachi_nene,4,758
peeking_through_fingers,0,758
sports_sandals,0,758
cut-in,0,758
todo_aoi_(jujutsu_kaisen),4,758
pixiv_fantasia_t,3,758
melody_(projektmelody),4,758
resting,0,758
clumsy,0,758
bone_print,0,758
reitaisai_7_contest,3,758
hijab,0,758
plaid_socks,0,758
gotoh_hitori_(tsuchinoko),4,758
satsuki_kai_ni_(kancolle),4,758
nero_(devil_may_cry),4,757
himemori_luna_(1st_costume),4,757
riven_(league),4,757
wild_arms_2,3,757
whitesmith_(ragnarok_online),4,757
adachi_to_shimamura,3,757
octane_(apex_legends),4,757
christmas_sweater,0,757
bimbofication,0,757
see-through_pelvic_curtain,0,756
holding_kunai,0,756
cum_on_armpits,0,756
flower_eyepatch,0,756
hoozuki_no_reitetsu,3,756
cutiefly,4,756
ninomae_ina'nis_(casual),4,756
sleeping_bag,0,756
ajaw_(genshin_impact),4,756
lucia_elowen,4,756
precum_string,0,755
keroro,4,755
wrestling_mask,0,755
koga_mitsuki,4,755
circe_(fate),4,755
recluse_(elden_ring),4,755
akehoshi_subaru,4,755
soukyuu_no_fafner,3,755
dr._eggman,4,755
saren_(summer)_(princess_connect!),4,755
metal_gear_rising:_revengeance,3,755
v_legs,0,755
thigh_straddling,0,755
allen_walker,4,755
glowing_petals,0,754
white_sweater_vest,0,754
fish_hook,0,754
squigly_(skullgirls),4,754
pinky_swear,0,754
komainu_girl,0,754
crocodile,0,754
grabbing_own_hair,0,754
ogami_sachi,4,754
araga_kiwi,4,754
loose_thighhigh,0,754
argyle_socks,0,754
scarf_bow,0,754
radar,0,754
panda_girl,0,753
blue_arm_warmers,0,753
chenqing_flute,0,753
professor_(ragnarok_online),4,753
the_scum_villain's_self-saving_system,3,753
meguru_(cookie),4,753
garnish,0,753
bae_minah_(chaesu),4,753
payphone,0,753
hood_(azur_lane),4,753
sommie_(fire_emblem),4,753
tenga,3,752
emaciated,0,752
aqua-framed_eyewear,0,752
year_of_the_rooster,0,752
bokura_wa_ima_no_naka_de,3,752
tsuba_(guard),0,752
onigiri_print,0,752
symphony_miku,4,752
elizabeth_(persona),4,752
socks_over_pantyhose,0,752
band_shirt,0,752
neco_spirit,0,751
matchstick,0,751
shimakaze-kun,4,751
core,0,751
oda_nobunaga_(maou_avenger)_(fate),4,751
washbowl,0,751
seeu,4,751
ok_sign_over_eye,0,751
abby_(wuthering_waves),4,751
gundam_age,3,751
breast_freckles,0,751
fujoshi,0,751
hands_on_own_knee,0,751
imminent_bite,0,750
kafu_(cevio),4,750
zangief,4,750
grey_sandals,0,750
angel's_24_uniform_(blue_archive),0,750
kirby_star_allies,3,750
tomoe_gozen_(swimsuit_saber)_(first_ascension)_(fate),4,750
chastity_belt,0,750
tyrannosaurus_rex,0,750
illuga_(genshin_impact),4,750
sesshoumaru,4,750
resident_evil_2_(remake),3,750
video_call,0,749
morning_glory_print,0,749
seitenkango._shinyuu_to,3,749
rei_(cookie),4,749
jailbird_(nerissa_ravencroft),4,749
luo_xiaohei_(human),4,749
2k-tan,4,749
nihilego,4,749
pinecone,0,749
girls_und_panzer_motto_love_love_sakusen_desu!,3,749
curled_ends,0,749
longcat_(meme),0,749
choshanland_plushy_(arknights),0,748
moona_hoshinova_(1st_costume),4,748
sports_festival,0,748
holding_unworn_sandals,0,748
grabbing_another's_tongue,0,748
anachronism,0,748
kakyuusei_(series),3,748
seishou_elementary_school_uniform,0,748
shameimaru_aya_(newsboy),4,748
bikini_tug,0,748
emily_stewart,4,748
holding_rocket_launcher,0,747
rivalry,0,747
multiple_cutouts,0,747
glitter_dress,0,747
kami_high_school_uniform,0,747
caterpillar,0,747
vampy,4,747
kekkai_sensen,3,747
yotsuba_university_affiliated_junior_high_school_uniform,0,747
classicaloid,3,747
rim_(kamitsubaki_studio),4,747
jewel_butt_plug,0,747
bay_(nikke),4,747
kobeya_uniform,0,747
smock,0,747
hasegawa_kobato,4,747
isara_mao,4,747
kei_(orange_robot)_(blue_archive),4,747
yabi_fashion,0,747
pink_overalls,0,747
flail,0,747
peeling,0,747
rectangular_earrings,0,747
flaming_skull,0,747
ikayaki,0,746
roller_coaster,0,746
heart_on_cheek,0,746
kiryu_kazuma,4,746
handa_roco,4,746
master_of_eternity,3,746
edel_note,0,746
sports_utility_vehicle,0,745
digital_walkman,0,745
dou,0,745
yellow_blood,0,745
traffic_mirror,0,745
choukai_kai_ni_(kancolle),4,745
reitaisai_9_contest,3,745
daffodil,0,745
gradient_filter,0,745
takemi_tae,4,745
transformed_ditto,4,744
limealicious,4,744
frieza,4,744
baron_bunny_(genshin_impact),4,744
priestess_(goblin_slayer!),4,744
ant,0,744
chronal_accelerator_(overwatch),0,744
military_coat,0,744
executor_(arknights),4,744
bokuto_koutarou,4,744
weight_gain,0,744
kurosaki_chitose,4,744
fallout_4,3,744
kishinami_hakuno_(male),4,744
kogitsunemaru,4,744
living_hair,0,744
plaid_coat,0,744
purple_sandals,0,744
virgin,0,744
pc-98_(style),0,744
abukuma_kai_ni_(kancolle),4,744
futari_wa_precure_max_heart,3,744
gold_gloves,0,743
evil_eyes,0,743
another_eden,3,743
one_arm_handstand,0,743
tales_of_symphonia_knight_of_ratatosk,3,743
akuma_no_riddle,3,743
umamusume:_beginning_of_a_new_era,3,743
momose_rio,4,743
urushibara_luka,4,743
kashino_(hot_springs_relaxation)_(azur_lane),4,743
sakura_miko_(school_uniform),4,743
byakugan,0,743
subway,0,743
cinderella_(crystal_wave)_(nikke),4,742
atelier_resleriana,3,742
dazai_osamu_(bungou_stray_dogs),4,742
ryne_waters,4,742
marcus_(reverse:1999),4,742
yuitsuka_inori,4,742
turntable,0,741
holding_cooking_pot,0,741
stapler,0,741
petrification,0,741
koban_(gold),0,741
ranger_(ragnarok_online),4,741
amazon_(dragon's_crown),4,741
denpa_song,0,741
angelfish,0,741
the_loud_house,3,741
pamiat_merkuria_(azur_lane),4,741
hanged,0,741
food_between_breasts,0,740
superman_logo,0,740
side-tie_shirt,0,740
kung_fu,0,740
galko,4,740
asbel_lhant,4,740
digimon_story:_time_stranger,3,740
sun_wukong,4,740
lauren_iroas,4,740
short_yukata,0,740
thor_(marvel),4,739
torso_flash,0,739
wolf_paws,0,739
imperial_japanese_navy,0,739
taiko_drum,0,739
kyoukai_no_kanata,3,739
kuroo_tetsurou,4,739
kneeless_merfolk,0,739
bottle_miku,4,739
shiba_tomoshibi,4,739
digimon_beatbreak,3,739
different_zoom_layer,0,738
looking_at_screen,0,738
double-sided_axe,0,738
drawn_tail,0,738
knitting,0,738
caitlin_(pokemon),4,738
dvd_logo,0,738
boota_(ttgl),4,738
risotto_nero,4,738
miyao_miya,4,738
star_trail,0,738
stopwatch_around_neck,0,738
matikanefukukitaru_(rising_fortune)_(umamusume),4,738
yatogami_tohka,4,737
escalator,0,737
frilled_coat,0,737
death_(entity),4,737
zen'in_maki_(post-shibuya),4,737
cheval_grand_(grand_itineraire)_(umamusume),4,737
nunnally_vi_britannia,4,737
cure_sword,4,737
plaid_capelet,0,737
chrysanthemum_print,0,737
bandages_over_eyes,0,737
u.n._spacy,0,737
aikawa_megumi,4,737
mazaki_anzu,4,737
snom,4,737
male_kiran_(fire_emblem),4,737
azul_ashengrotto,4,736
store_clerk,0,736
viviana_(arknights),4,736
horns_pose,0,736
cherry_tree,0,736
overexposure,0,736
felicia_hardy,4,736
standing_cunnilingus,0,736
vinegar_doppio,4,736
mp40_(girls'_frontline),4,736
pill_bottle,0,736
zun_pose,0,736
neon_(nikke),4,736
yuzu_(maid)_(blue_archive),4,736
boudica_(first_ascension)_(fate),4,736
sig_556,0,736
rpg_(weapon),0,736
cellien_(kemono_friends),4,735
see-through_skirt_layer,0,735
diamond_(houseki_no_kuni),4,735
camouflage_bikini,0,735
wooden_door,0,735
shaft_look,0,735
clothes_focus,0,735
tales_of_xillia_2,3,735
bandai,3,735
bokukawauso,4,735
brown_egyptian_cat-eared_loli_(trend),0,735
scissorhold,0,735
colette_brunel,4,734
rogue_(x-men),4,734
clam_shell,0,734
narciso_anasui,4,734
bad_arm,0,734
virtual_reality,0,734
nono_hana,4,734
ashveil_(honkai:_star_rail),4,734
love_hina,3,734
fukuyama_mai,4,734
inami_mahiru,4,734
cheria_barnes,4,734
smoking_pipe_in_mouth,0,733
mortar_(bowl),0,733
cherry_earrings,0,733
bilibili,3,733
higurashi_no_naku_koro_ni_gou,3,733
familiar_(madoka_magica),0,733
chipped_horns,0,733
holding_grenade,0,733
barding,0,733
commander_(last_origin),4,733
goldmary_(fire_emblem),4,733
mixed_signals,0,733
djmax,3,733
unicorn_girl,0,733
stasis_tank,0,733
vertical-striped_bra,0,732
purple_sports_bra,0,732
pyrrha_nikos,4,732
togruta,0,732
prosciutto_(jojo),4,732
view_between_legs,0,732
natsuki_karin,4,732
aa-12_(girls'_frontline),4,732
dragon_claw,0,732
bed_frame,0,732
cure_dream,4,732
hand_to_blade,0,732
konosuba!_fantastic_days,3,732
orange_capelet,0,732
forever_7th_capital,3,731
latin_text,0,731
jinbaori,0,731
adjusting_another's_hair,0,731
udagawa_tomoe,4,731
african_wild_dog_(kemono_friends),4,731
douki-chan_(douki-chan),4,731
skadi_(elite_ii)_(arknights),4,731
kirakishou,4,731
mr._scarletella,4,731
aqua_socks,0,731
fujimura_taiga,4,731
fire_extinguisher,0,731
hikari_(arcaea),4,730
uzuki_(cookie),4,730
rock_paper_scissors,0,730
hololive_dance_practice_uniform,0,729
asgore_dreemurr,4,729
no_coat,0,729
dragon_quest_vi,3,729
tatsugiri,4,729
off-shoulder_leotard,0,729
togami_byakuya,4,729
ringo-chan_(otokuyou),4,729
muv-luv_total_eclipse,3,729
orange_bag,0,729
ogami_tamaki,4,729
luca_kaneshiro,4,729
bident,0,729
hisoka_morow,4,729
sheep_costume,0,729
tickling_sides,0,729
siberian_chipmunk_(kemono_friends),4,729
meloetta_(aria),4,728
cytus,3,728
sailor_neptune,4,728
soviet_school_uniform,0,728
aircraft_carrier,0,728
logos_(arknights),4,728
akuma_(street_fighter),4,728
bodycon,0,728
cure_miracle,4,728
hololive_idol_uniform_(color_rise),0,728
tokino_sora_(1st_costume),4,728
shirosaki_hana,4,728
sleeveless_shrug,0,727
rabbit_ornament,0,727
kingprotea_(fate),4,727
broly_(dragon_ball_super),4,727
son_biten,4,727
pombon,4,727
aioi_yuuko,4,727
white_overalls,0,727
grey_rose,0,727
rhythmic_gymnastics,0,726
hongbao,0,726
oosawa_aya,4,726
grey_collar,0,726
print_leotard,0,726
shaman_king,3,726
kariya_masaki,4,726
sebastian_michaelis,4,726
puniru_wa_kawaii_slime,3,726
sasha_blouse,4,726
choukou_tenshi_escalayer,3,726
jade_(honkai:_star_rail),4,726
mars_(cookie),4,726
nefer_(genshin_impact),4,726
zdrada_(helltaker),4,725
graph,0,725
chinchilla_(animal),0,725
nipple_penetration,0,725
raana_the_cat,0,725
coral_reef,0,725
bao_the_whale,4,725
female_builder_(dqb2),4,725
black_order_uniform,0,725
aesc_(rain_witch)_(fate),4,725
gloved_sleeves,0,725
selvaria_bles,4,725
super_star_(mario),0,725
hentai_ouji_to_warawanai_neko.,3,725
gashapon,0,725
sexual_harassment,0,724
mipha,4,724
orca_hood,0,724
eldridge_(azur_lane),4,724
serasuku,0,724
germany_(hetalia),4,724
babydoll_lift,0,724
pragmata,3,724
white_pikmin,4,724
clothes_on_and_off,0,723
atelier_totori,3,723
flayn_(fire_emblem),4,723
tiger_costume,0,723
gareth_(fate),4,723
holding_headphones,0,723
wetland,0,723
kasugano_urara_(precure),4,723
bayonetta_2,3,723
riliane_lucifen_d'autriche,4,723
holding_crown,0,723
bubble_bath,0,723
open_box,0,723
kazamatsuri_institute_high_school_uniform,0,723
panties_visible_through_clothes,0,723
tristan_(fate),4,723
kawashima_ami,4,723
holding_unworn_cape,0,723
fossilized_wonders,3,722
ulti_(one_piece),4,722
holding_tennis_racket,0,722
aokumo_rin,4,722
alcina_dimitrescu,4,722
clitoris_ring,0,722
royal_robe,0,722
judith_(tales),4,722
gummy_(arknights),4,722
irasutoya,3,722
mahou_shoujo_oriko_magica,3,722
kanon_school_uniform,0,722
comic_kairakuten,3,722
ines_fujin_(umamusume),4,722
izumi_(blue_archive),4,722
zouni_soup,0,722
anya's_heh_face_(meme),0,722
bazooka_(gundam),0,722
magatama_hair_ornament,0,721
hinoka_(fire_emblem),4,721
zinnia_(pokemon),4,721
aviator_goggles,0,721
psycho-pass,3,721
snow_strawberry_(idolmaster),0,721
hitotsuyanagi_riri,4,721
iriam,3,721
hinata_channel,3,721
eye_tattoo,0,721
natsuiro_egao_de_1_2_jump!,3,721
pile_of_books,0,720
akatsuki_kai_ni_(kancolle),4,720
lucilla_(wuthering_waves),4,720
foodification,0,720
planted_umbrella,0,720
yamagou_ayumi,4,720
shannon_(umineko),4,720
machete,0,720
seaplane,0,720
after_fingering,0,720
kaori_(splatoon),4,719
splatter_background,0,719
nekomiya_hinata,4,719
big_head,0,719
miraidon,4,719
raiden_mei_(apho),4,719
brown_helmet,0,719
hiei_kai_ni_(kancolle),4,719
sweety_(zenless_zone_zero),4,719
karyl_(summer)_(princess_connect!),4,719
vector_(girls'_frontline),4,718
imminent_death,0,718
kamen_rider_dcd,3,718
nagi_seishirou,4,718
re:act,3,718
vietnamese_clothes,0,718
hidden_star_in_four_seasons,3,718
soldier_11_(zenless_zone_zero),4,718
pawmi,4,718
senki_zesshou_symphogear_xd_unlimited,3,718
ace_of_diamonds,0,718
testament_(guilty_gear),4,718
learning_with_manga!_fgo,3,718
pom_pom_hat_ornament,0,718
cuffed,0,717
heater,0,717
nelliel_tu_odelschwanck,4,717
green_umbrella,0,717
takopii_no_genzai,3,717
yamada_aoi,4,717
witch's_labyrinth,0,717
error_musume,4,717
disco_elysium,3,717
headlock,0,716
wobbuffet,4,716
welrod_mkii_(girls'_frontline),4,716
pink_armor,0,716
talkex,3,716
kachina_(genshin_impact),4,716
folding_screen,0,716
cuddling_handjob,0,716
kazusa_(halloween)_(blue_archive),4,716
hug_from_side,0,715
triceps,0,715
melusine_(second_ascension)_(fate),4,715
cockroach_girl,0,715
riko_(made_in_abyss),4,715
minazuki_(kancolle),4,715
sakaguchi_karina,4,715
chaos_(warhammer),0,715
nagayoshi_subaru,4,715
cathedral,0,715
koyanskaya_(assassin)_(first_ascension)_(fate),4,715
cycling_uniform,0,714
langrisser,3,714
kirisawa_juuzou_(character),4,714
hiiragi_yuzu,4,714
foot_on_another's_head,0,714
togawa_sakiko_(master_of_melodia),4,714
belarus_(hetalia),4,714
chest_rig,0,714
hand_jewel,0,714
red_feet,0,714
hikigaya_hachiman,4,714
giraffe,0,713
farm,0,713
clothes_in_front,0,713
cutting_another's_hair,0,713
jeanne_d'arc_(girl_from_orleans)_(fate),4,713
loose_neck_ribbon,0,713
rhein_kraft_(umamusume),4,713
kai'sa_(league),4,712
hu_tao_(cherries_snow-laden)_(genshin_impact),4,712
pegging,0,712
elbows_on_knees,0,712
holding_barcode_scanner,0,712
tonami_ibuki,4,712
skirt_caught_on_object,0,712
jibril_(no_game_no_life),4,712
faye_valentine,4,712
in_shopping_cart,0,712
aviation_obstruction_lighting,0,712
pink_hood,0,711
single_arm_guard,0,711
supermarket,0,711
ribbon-trimmed_bow,0,711
crazy_grin,0,711
ocarina,0,711
sacabambaspis,0,711
latex_shrug,0,711
fingers_to_mouth,0,711
isolated_island_oni,4,711
kazemaru_ichirouta,4,711
the_iron_of_yin_and_yang,3,711
sekirei,3,711
pink_nose,0,711
jumpsuit_around_waist,0,710
mixed-sex_combat,0,710
en_ciel_rena,4,710
holding_wallet,0,710
buttercup_(ppg),4,710
euphemia_li_britannia,4,710
broken_wall,0,710
kobayakawa_rinko,4,710
zutto_mayonaka_de_ii_no_ni,3,710
dragon_village_(series),3,710
saori_(swimsuit)_(blue_archive),4,710
charlotta_(granblue_fantasy),4,709
shin_megami_tensei_iii:_nocturne,3,709
jackal_tail,0,709
pixel_sunglasses,0,709
trampling,0,709
looking_at_creature,0,709
in_bag,0,709
god_eater_2:_rage_burst,3,709
dx,0,709
afro_puffs,0,709
kar98k_(girls'_frontline),4,709
feldt_grace,4,709
bait_and_switch,0,709
waist_hug,0,709
marvelous_sunday_(umamusume),4,709
sayla_mass,4,709
battery,0,708
striped_choker,0,708
holding_stethoscope,0,708
cocked_eyebrow,0,708
dorothy_(arknights),4,708
mother's_day,0,708
omamori,0,708
poker,0,708
grasslands,0,708
clara_(girls_und_panzer),4,708
caramelldansen_(meme),0,708
admiral_hipper_(azur_lane),4,708
holding_gloves,0,708
yatai,0,708
mudrock_(silent_night)_(arknights),4,708
adult_neptune,4,708
wien_margarete,4,708
luka_(mon-musu_quest!),4,708
apple_(reverse:1999),4,708
marionette,0,708
julia_(idolmaster),4,708
holding_bento,0,707
phainon_(flame_reaver)_(honkai:_star_rail),4,707
winged_boots,0,707
kamen_rider_ooo_(series),3,707
holding_racket,0,707
poketch,0,707
inner_senshi,0,707
the_end_of_evangelion,3,707
claymore_(series),3,707
manaka_non,4,707
miyamoto_musashi_(third_ascension)_(fate),4,707
pleading_eyes,0,707
pokemon_on_lap,0,706
artist_self-reference,0,706
eas_(precure),4,706
rainbow_eyes,0,706
american_flag_shirt,0,706
jumpluff,4,706
valkyrie_drive,3,706
knights_of_blood_uniform_(sao),0,706
bent_v,0,706
klavier_gavin,4,706
push-ups,0,705
hod_(project_moon),4,705
archery_shooting_glove,0,705
social_network,0,705
biting_cheek,0,705
multicolored_sky,0,705
sakura_empire_(emblem),0,705
xblaze,3,705
saber_alter_(fate/stay_night),4,705
sena_(blue_archive),4,705
exs-tia,4,705
shermie_(kof),4,705
hebi_nyoubou_(second_ascension)_(fate),4,705
grimsley_(pokemon),4,705
takasu_ryuuji,4,704
goodra,4,704
pliers,0,704
sitting_split,0,704
uno_(game),0,704
dennou_shoujo_siro,4,704
blue_car,0,704
in_bowl,0,704
abigail_williams_(second_ascension)_(fate),4,704
rejection,0,704
charisma_break,0,704
hanasaku_iroha,3,704
haibane_renmei,3,704
kindergarten_bag,0,704
double_anal,0,703
ebisu_eika,4,703
marche_lorraine_(umamusume),4,703
mishima_kazuya,4,703
haruka_(senran_kagura),4,703
amaterasu_(ookami),4,703
cure_lovely,4,703
texas_(winter_messenger)_(arknights),4,703
male-female_symbol,0,703
akimoto_komachi,4,703
kusugawa_sasara,4,703
selection_university_military_uniform,0,703
ines_(arknights),4,702
husband_and_husband,0,702
black_blood,0,702
pea_pod,0,702
chii,4,702
towano_high_school_uniform,0,702
watering,0,702
hugh_(pokemon),4,702
aogiri_koukou,3,702
teamwork,0,702
yoga_mat,0,702
sekaiju_no_meikyuu_4,3,702
gunpla,0,702
squirrel_girl_(marvel),4,702
homu,0,702
luna_(sailor_moon),4,702
reverse_nursing_fingering,0,702
takafuji_kako,4,702
wakaba_(kancolle),4,702
yamanin_zephyr_(umamusume),4,701
meteion,4,701
dolphin_girl,0,701
dabi_(boku_no_hero_academia),4,701
mythra_(radiant_beach)_(xenoblade),4,701
jinbei_(clothes),0,701
mimori_(blue_archive),4,701
ass_smack,0,701
holding_trumpet,0,701
kawakami_mai,4,701
choukou_shinki_ixseal,3,701
tiffy_(nottytiffy),4,700
spoken_flying_sweatdrops,0,700
sof_(blue_archive),4,700
belno_light_(umamusume),4,700
kazama_jin,4,700
holding_coat,0,700
ice_cream_spoon,0,700
king_(playing_card),0,700
uppercut,0,700
sledgehammer,0,700
amakusa_shirou_(fate),4,700
megatron,4,700
mairimashita!_iruma-kun,3,700
removing_bra,0,700
hibiscus_print,0,700
saturated,0,700
pipkin_pippa,4,700
swordsman_(ragnarok_online),4,700
bikini_day,0,700
cracked_screen,0,699
morag_ladair_(xenoblade),4,699
the_transformers_(idw),3,699
garbage_time,3,699
cross_pendant,0,699
mousse_(ranma_1/2),4,699
special_feeling_(meme),0,699
ghost_print,0,699
furoshiki,0,699
scamp_(kancolle),4,699
sonohara_anri,4,699
dekomori_sanae,4,699
hannya,0,699
love_live!_nijigasaki_high_school_idol_club_the_movie_-_finale,3,699
small_penis_humiliation,0,698
pecha_berry,0,698
sig_mpx,0,698
crystal_hair_ornament,0,698
aoi_erika,4,698
toddler,0,698
sin_mal,4,698
arcana_(nikke),4,698
unconnected_marketeers,3,698
the_road_to_el_dorado,3,698
reimu_endou,4,698
diana_(pragmata),4,698
;<,0,698
draco_centauros,4,698
sekaiju_no_meikyuu_2,3,698
racing_miku_(2022),4,698
faceplant,0,697
poppi_(xenoblade),4,697
disappointed,0,697
female_morgan_(fire_emblem),4,697
howl_(howl_no_ugoku_shiro),4,697
suisei_no_gargantia,3,697
butterfly_print_kimono,0,697
arsene_lupin_iii,4,697
ray_(arknights),4,697
rahu_(path_to_nowhere),4,697
tour_guide,0,697
aqua_pantyhose,0,697
front_zipper_swimsuit_(realise),0,697
naked_paint,0,697
ieiri_shoko,4,697
gendou_pose,0,696
itsuka_kotori,4,696
yamaha,0,696
hooded_leotard,0,696
wet_spot,0,696
katsuragi_(senran_kagura),4,696
suzu_(cookie),4,696
pelvic_curtain_aside,0,696
cheesecake,0,696
koi_wa_sensou_(vocaloid),3,696
convenient_skirt,0,696
igarashi_kyou_(eroe),4,696
cut-here_line,0,695
meni_shuki_rush-sshu!,0,695
picking_up,0,695
triangle_halo,0,695
korok,4,695
grate,0,695
vivi_ornitier,4,695
hamburger_steak,0,695
prince_of_lorasia,4,695
adachi_sakura,4,695
pinwheel_hair_ornament,0,695
yuukyuu_gensoukyoku,3,695
black_slippers,0,695
lofter_username,0,695
utawarerumono:_itsuwari_no_kamen,3,694
tail_under_clothes,0,694
pie_slice,0,694
zeta_gundam_(mobile_suit),4,694
yoshimi_(band)_(blue_archive),4,694
heart_ring_choker,0,694
holding_ticket,0,694
panties_around_thighs,0,694
number_pun,0,694
hatakaze_(kancolle),4,694
torn_leggings,0,694
sleeveless_jumpsuit,0,694
gradient_necktie,0,694
akari_(blue_archive),4,694
sailor_collar_lift,0,694
lisa_lisa,4,694
profile_picture,0,694
heiwajima_shizuo,4,694
ao_no_kanata_no_four_rhythm,3,694
hoshino_miyako_(wataten),4,694
n_corp._fanatic_(identity)_(project_moon),0,694
afuro_terumi,4,694
peanuts_(comic),3,694
tsumugi_wenders,4,694
diglett,4,694
melusine_(swimsuit_ruler)_(fate),4,694
gear_hair_ornament,0,693
fish_in_mouth,0,693
valentine_(skullgirls),4,693
devil_may_cry_4,3,693
grey_feathers,0,693
big_man_(splatoon),4,693
okita_souji_(first_ascension)_(fate),4,693
scathach-skadi_(first_ascension)_(fate),4,693
against_fence,0,693
heart-shaped_lollipop,0,693
gerudo_set_(zelda),0,693
azumarill,4,693
takayama_sayoko,4,693
mo_chengwei,4,693
mikazuki_yozora,4,693
chapter_number,0,693
pumpkaboo,4,692
nohrian_maid_uniform,0,692
kamehameha_(dragon_ball),0,692
ammunition_box,0,692
upward_angle_frieren_drawing_(meme),0,692
shimizu_hinako,4,692
human_head,0,692
bucky_barnes,4,692
comiket,0,692
hoshiguma_yuugi_(kimono),4,692
kisaragi_momo,4,692
raven_(tales),4,692
figure_skating_dress,0,692
lokulo-chan_(lokulo_no_mawashimono),4,692
parking_lot,0,692
totooria_helmold,4,691
tangled,3,691
imminent_suicide,0,691
wrestle_angels,3,691
player_character_(female)_(degrees_of_lewdity),4,691
c-string,0,691
fluorite_(arknights),4,691
fur-trimmed_vest,0,691
gold_leotard,0,691
alternate_size,0,691
penis_piercing,0,691
sakamoto_ryouma_(fate),4,691
aburaage,0,691
washing_another,0,691
sakamoto_ryuji,4,691
sin_sack,4,690
shinmai_maou_no_testament,3,690
hands_on_another's_shoulder,0,690
multiple_cats,0,690
summon_night_3,3,690
foo_fighters_(jojo),4,690
presenting_own_anus,0,690
torn_sleeve,0,690
viper_(series),3,690
mizutani_eri,4,690
hoshimiya_kate,4,690
cirno_day,0,690
implied_murder,0,690
shitodo_kuroji,4,689
aokaze_nana,4,689
evertale,3,689
postbox_(outgoing_mail),0,689
oil_lamp,0,689
garou:_mark_of_the_wolves,3,689
price,0,689
picot_trim_panties,0,689
plaid_sailor_collar,0,689
toaru_kagaku_no_railgun_s,3,689
for_adoption,0,689
holding_torpedo,0,689
formula_one,3,689
sairenji_haruna,4,689
treasure,0,689
matsukaze_tenma,4,689
linked_collar,0,689
airplane_interior,0,688
princess_tutu,3,688
ear_cleaning,0,688
sculpture,0,688
deutschland_(azur_lane),4,688
kagero_(fire_emblem),4,687
masamune_(ff7),0,687
earflap_beanie,0,687
dream_smp,3,687
frankenstein's_monster_costume,0,687
blue_screen_of_death,0,687
loading_icon,0,687
petra_macneary,4,687
chougei_(kancolle),4,687
ninomae_ina'nis_(loungewear),4,687
kupaa,0,687
new_horizon,3,687
chel_(el_dorado),4,687
mad_mew_mew,4,687
yellow_shawl,0,686
ribbon_as_bra,0,686
queen_marika_the_eternal,4,686
shamisen,0,686
bead_anklet,0,686
phantom_thief,0,686
ousama_ranking,3,686
holding_earphones,0,686
akemi_homura_(black_dress),4,686
salt_shaker,0,686
dragon_village_collection,3,686
stuffed_whale,0,686
wizard_(ragnarok_online),4,686
hoshino_hinata,4,686
shizuko_(blue_archive),4,686
kunoichi_tsubaki_no_mune_no_uchi,3,686
touyouryuu-san,4,686
food_theft,0,686
luna_snow,4,686
ice_crystal,0,685
folded_twintails,0,685
female_ejaculation_through_clothes,0,685
suspenders_hanging,0,685
lucca_ashtear,4,685
tiger_i,0,685
frye_(deep_cut_outfit)_(splatoon),4,685
silva_(granblue_fantasy),4,685
gold_ship_(run!_ruin!_launcher!)_(umamusume),4,685
kirifuji_nozomi,4,685
pig_girl,0,685
glowing_lines,0,685
sena_(xenoblade),4,685
yuusha_to_maou,3,685
breath_of_fire_v,3,685
growlithe,4,685
blue_babydoll,0,685
holding_mushroom,0,685
hair_branch,0,684
qingque_(honkai:_star_rail),4,684
stick_figure,0,684
breasts_day,0,684
double_blade,0,684
spotted_fur,0,684
majima_goro,4,684
latex_pants,0,684
ukiyo-e,0,684
oryou_(fate),4,684
aqua_hoodie,0,684
robot_dragon,0,684
shinomiya_fuyumi,4,684
eye_of_senri,0,684
zozotown,3,684
ben_10_(classic),3,684
single_vambrace,0,683
batting_stance,0,683
engine,0,683
flannery_(pokemon),4,683
deltoids,0,683
tall_male,0,683
red_overalls,0,683
pokemon_day,0,683
type_97_(girls'_frontline),4,683
ninian_(fire_emblem),4,683
hitachi_mako,4,683
super_pochaco,4,683
reverse_grip_handjob,0,683
pocket_square,0,683
morgan_le_fay_(second_ascension)_(fate),4,682
protagonist_(smtv),4,682
blossom_(ppg),4,682
firefighter,0,682
puru-see_(hoshizuki_(seigetsu)),4,682
hip_dips,0,682
lace-trimmed_bow,0,682
collar_tabs,0,682
sharkboo_(zenless_zone_zero),4,682
ena_(series),3,682
artillery,0,682
mechanical_spine,0,682
daitou_(kancolle),4,682
panties_around_ankles,0,682
shadows_house,3,681
ade_(nikke),4,681
chain_bracelet,0,681
jeanne_d'arc_(granblue_fantasy),4,681
adeleine,4,681
robin_hood_(fate),4,681
alien_(series),3,681
recursive_genderswap,0,681
mudra,0,681
sett,0,681
simoun,3,681
sora_(nikke),4,681
camus_(dq11),4,681
sony,3,681
mexico,0,680
giraffe_ears,0,680
liliya_olenyeva,4,680
postage_stamp,0,680
alice_carroll,4,680
kearsarge_(azur_lane),4,680
unown,4,680
white_blood_cell_(hataraku_saibou),4,680
gold_nails,0,680
yukimin_(yukihana_lamy),4,680
serie_(sousou_no_frieren),4,680
artoria_caster_(swimsuit_berserker)_(first_ascension)_(fate),4,680
kuonji_ukyou,4,680
luke_pearce_(tears_of_themis),4,680
layla_(idolmaster),4,680
kotori_(cheer_squad)_(blue_archive),4,680
exit_sign,0,680
confident,0,679
children's_day,0,679
killer_queen,4,679
striped_leotard,0,679
explosion_background,0,679
changing_clothes,0,679
lucas_lee,4,679
rito,0,679
princess_serenity,4,679
credit_card,0,679
madoka_runes,0,679
knocking,0,679
kuraue_hinata,4,679
spot_(arknights),4,679
bb_dubai_(fate),4,679
oounabara_to_wadanohara,3,679
red_male_swimwear,0,679
metal_sonic,4,679
tennis_court,0,679
extended_downblouse,0,678
cait_sith_(ff7),4,678
holding_sandwich,0,678
mordred_(swimsuit_rider)_(first_ascension)_(fate),4,678
great_ball,0,678
budew,4,678
morgiana,4,678
tear_arcana_rod,0,678
nina_kosaka,4,678
saber_(swimsuit_archer)_(first_ascension)_(fate),4,678
strength_(black_rock_shooter),4,678
dango_daikazoku,3,678
yuuno_scrya,4,678
xenovia_quarta,4,678
taiki_shuttle_(wild_frontier)_(umamusume),4,678
full-body_clothes_hanger,0,678
scat,0,678
after-school_sweets_club_(blue_archive),0,678
mareep,4,678
luna_(honkai_impact),4,678
pikachu_(cosplay),0,678
knitting_needle,0,678
victory_gundam,3,678
ship's_wheel,0,678
rear-view_mirror,0,677
ribbon_around_body,0,677
madou_monogatari,3,677
vill-v,4,677
griseo_(starry_impression),4,677
hiburi_(kancolle),4,677
pidgey,4,677
bikini_under_skirt,0,677
tyranitar,4,677
gold_horns,0,677
astolfo_(memories_at_trifas)_(fate),4,677
ninetales,4,677
jewelpet_(series),3,677
oversized_flower,0,677
tinkaton,4,677
paladin_(final_fantasy),4,677
nagant_revolver_(girls'_frontline),4,677
kanamori_sayaka,4,677
ovaries,0,677
boros_(ouro_kronii),4,676
flowey_(undertale),4,676
multiple_hat_bows,0,676
yakushiji_saaya,4,676
tamamo_no_mae_(swimsuit_lancer)_(second_ascension)_(fate),4,676
trotter_(honkai:_star_rail),4,676
pectoral_docking,0,676
truss,0,676
persocom_(chobits),0,676
atago_(summer_march)_(azur_lane),4,676
iron_fence,0,676
absurdly_long_tail,0,676
marina_(blue_archive),4,676
steam_from_mouth,0,676
okamoto_condoms,0,676
syuen_(nikke),4,675
bow_flower,0,675
forced,0,675
hanasaki_miyabi,4,675
buttjob_over_clothes,0,675
ruggie_bucchi,4,675
suzuki_jun,4,675
noren,0,675
akb0048,3,675
hand_on_own_tail,0,675
fake_photograph,0,675
siegfried_(fate),4,675
tonimura_yui,4,675
oboro_muramasa,3,675
frutiger_aero,0,675
mai_natsume,4,675
loves_only_you_(umamusume),4,674
karaoke_box,0,674
fie_claussell,4,674
pincushion,0,674
dooby,4,674
whale_tail_(clothing),0,674
exhaust,0,674
ogino_chihiro,4,674
shibuki_ran,4,674
seiun_sky_(reeling_in_the_big_one)_(umamusume),4,674
white_heart_(neptunia),4,674
alternate_facial_hair,0,674
lunchbox,0,674
mast_(nikke),4,674
blood_on_gloves,0,674
sakurakoji_kinako,4,674
metal_wings,0,674
reu_(cookie),4,673
togekiss,4,673
ai-chan_(tawawa),4,673
electrodes,0,673
hakui_koyori_(summer),4,673
ring-con,0,673
paula_(mother_2),4,673
jean_kirstein,4,673
elira_pendora_(1st_costume),4,672
recursion,0,672
tanaka_asuka,4,672
strawberry_panic!,3,672
mai_(touhou),4,672
chabudai,0,672
royal_penguin_(kemono_friends),4,672
asmr,0,672
vigna_(arknights),4,672
carmen_(project_moon),4,672
given,3,672
sakura_mochi,0,672
boomerang,0,672
kozume_kenma,4,672
suspenders_pull,0,672
wis'adel_(arknights),4,672
haiiro_teien,3,672
brown_headband,0,671
plate_stack,0,671
ms._fortune_(skullgirls),4,671
sword_of_st._catherine_(fate),0,671
gold_dress,0,671
min_min_(arms),4,671
heart-shaped_pubic_hair,0,671
clothed_after_sex,0,671
canned_food,0,671
sharena_(fire_emblem),4,671
frilled_arm_warmers,0,671
shauntal_(pokemon),4,671
zero_(drag-on_dragoon),4,671
blue_hands,0,670
rukawa_kaede,4,670
haguro_kai_ni_(kancolle),4,670
kitarou,4,670
mandibles,0,670
vertical-striped_pajamas,0,670
threat,0,670
pop-up_story,3,670
oz_(genshin_impact),4,670
dialogue_options,0,670
single_over-kneehigh,0,670
shimamura_hougetsu,4,670
olympics,3,670
newtype_flash,0,670
dirty_pair,3,670
clash,0,670
locket,0,670
jiji_(majo_no_takkyuubin),4,669
ecclesia_(yu-gi-oh!),4,669
futoku_no_guild,3,669
kogure_ruka,4,669
cheek_tattoo,0,669
corset_piercing,0,669
jahoda_(genshin_impact),4,669
bravely_default:_flying_fairy,3,669
dragapult,4,669
katsuragi_ace_(dragon_rising_to_the_top)_(umamusume),4,669
paper_mario:_the_thousand-year_door,3,669
ishigami_senkuu,4,669
prostate_milking,0,669
sword_of_the_creator,0,669
no_cape,0,668
double_biceps_pose,0,668
pinkie_pie,4,668
gekitotsu!_joshikousei_oiroke_sensha_gundan,3,668
caesar_(girls_und_panzer),4,668
bruce_lee's_jumpsuit,0,668
sakuma_ritsu,4,668
designer's_reflection_(shining_nikki),0,668
yokosuka_girls_marine_high_school_uniform,0,668
yatterman,3,668
konngara_(touhou),4,668
erika_(blue_archive),4,667
otter_spirit_(touhou),4,667
fukuji_mihoko,4,667
subarashiki_kono_sekai,3,667
change_in_common_sense,0,667
hume,0,667
disposable_ice_cream_cup,0,667
leviathan_(skullgirls),4,667
uruha_rushia_(3rd_costume),4,667
rachnera_arachnera,4,667
poop,0,667
axolotl,0,667
dan_heng_(permansor_terrae)_(honkai:_star_rail),4,667
aether_gazer,3,667
colorpoint_(pattern),0,666
double_thumbs_up,0,666
elpeo_puru,4,666
essex_(azur_lane),4,666
sombrero,0,666
caeda_(fire_emblem),4,666
kaminari_denki,4,666
pink_armband,0,666
scientist,0,666
sitrus_berry,0,666
namine,4,666
baobhan_sith_(swimsuit_pretender)_(first_ascension)_(fate),4,666
grandmother_and_granddaughter,0,665
luz_noceda,4,665
cytus_ii,3,665
tentacle_on_penis,0,665
spool,0,665
habetrot_(fate),4,665
sunna_(afternoon_tea_break)_(zenless_zone_zero),4,665
xiao_wu_(douluo_dalu),4,665
glowing_gem,0,665
summertime_render,3,665
jiaoqiu_(honkai:_star_rail),4,665
white_gem,0,665
smear_frame,0,665
kageyama_shien,4,665
kudou_shin'ichi,4,665
market,0,665
bandage_on_cheek,0,665
no_male_underwear,0,665
mayonnaise,0,665
digital_camouflage,0,664
shared_bed,0,664
pink_corset,0,664
over_the_nose_gag,0,664
ankle_flower,0,664
kana_anaberal,4,664
amagi-chan_(azur_lane),4,664
murasaki_(senran_kagura),4,664
debitto_(makaino_ririmu),4,664
mounting,0,664
undone_bowtie,0,664
animal_dildo,0,664
suou_yuki,4,664
blazblue:_central_fiction,3,664
25-ji_nightcord_de._(project_sekai),0,663
nao_(mabinogi),4,663
flood,0,663
ar_tonelico_ii,3,663
splatoon_3:_side_order,3,663
nian_(unfettered_freedom)_(arknights),4,663
sweeping,0,663
shishiro_botan_(button-down),4,663
genie,0,663
lissa_(fire_emblem),4,663
mario_kart_world,3,663
shibari_under_clothes,0,663
blazblue:_chronophantasma,3,662
butterfly_necklace,0,662
fungi_(genshin_impact),4,662
papi_(monster_musume),4,662
sigrid_de_l'azur,4,662
souya_high_school_uniform,0,662
stay_gold_(sunlit_outsider)_(umamusume),4,662
delmogeny_uniform,0,662
requesting_internal_cumshot,0,662
serena_(yu-gi-oh!),4,662
grace_ashcroft,4,661
meganium,4,661
ouzuka_mai,4,661
food_on_clothes,0,661
zekrom,4,661
wave_print,0,660
orfevre_(control)_(umamusume),4,660
display_case,0,660
usami_(danganronpa),4,660
hero_(dq5),4,660
mugetsu_(touhou),4,660
too_many_frills,0,660
reichsadler,0,660
kokonoe_rin,4,660
label_girl_(dipp),4,660
peaked_lapels,0,660
kaname_buccaneer,4,660
the_world_(stand),4,659
kazami_yuuji,4,659
sawamura_eijun,4,659
factory,0,659
rena_(blue_archive),4,659
ichigo_(cookie),4,659
bnw_(umamusume),0,659
steppee_focus,0,659
la_pluma_(summer_flowers)_(arknights),4,659
megurigaoka_high_school_uniform,0,659
ribbon_(kirby),4,659
love_live!_the_school_idol_movie,3,659
hachune_miku,4,659
ishimaru_kiyotaka,4,659
mismatched_socks,0,659
midway_princess,4,659
aphrodisiac,0,659
aegislash,4,659
matsukai_mao,4,659
air_mattress,0,659
spots,0,659
daitaku_helios_(fun_fun_party_night)_(umamusume),4,658
strinova,3,658
see-through_raincoat,0,658
lilina_(fire_emblem),4,658
kaidou_minami,4,658
shu_yamino,4,658
liu_association_south_uniform,0,658
staff_of_selection_(fate),0,658
hei_(darker_than_black),4,658
kuraishi_ringo_(glassy0302),4,658
striped_armband,0,658
high_elf_archer_(goblin_slayer!),4,658
cave_story,3,657
holding_cleaver,0,657
taking_shelter,0,657
tales_of_arise,3,657
taunie_(pokemon),4,657
too_many_eyes,0,657
frilled_footwear,0,657
ikeda_chitose,4,657
lunatic_gun,0,657
vintage_microphone,0,657
goose,0,657
kromer_(project_moon),4,657
numbered_panels,0,657
corn_dog,0,657
shirakami_fubuki_(street),4,657
industrial,0,656
kamen_rider_ryuki_(series),3,656
record_of_lodoss_war,3,656
illyasviel_von_einzbern_(beast_style),4,656
wiping_blood,0,656
fur_(clothing),0,656
stuffed_fish,0,656
katara,4,656
sex_toy_pull,0,656
oozora_subaru_(hololive_summer_2019),4,656
happiness!,3,656
bishoujo_mangekyou_(series),3,656
poi_(phrase),0,656
three_sizes,0,655
wuthering_heights_(identity)_(project_moon),0,655
severed_hand,0,655
transformation_brooch_(sailor_moon),0,655
uranami_(kancolle),4,655
hanging_lantern,0,655
enrico_pucci,4,655
weedy_(arknights),4,655
noss_&_zakuro,3,655
tiger_cub,0,655
carriage,0,655
gold_bangle,0,654
mechanical_hair,0,654
zagreus_(hades),4,654
holding_chibi,0,654
d-sword,0,654
tamagotchi_(virtual_pet),0,654
two-sided_capelet,0,654
star_of_life,0,654
racetrack,0,654
kanna_(cookie),4,654
yakumo_family_(touhou),0,654
coffee_beans,0,654
kitagawa_yusuke,4,654
mizuho_(kancolle),4,654
field_of_blades,0,654
roman_clothes,0,654
colored_stripes,0,654
sakura_bakushin_o_(blossom_in_learning)_(umamusume),4,654
common_dolphin_(kemono_friends),4,654
beyblade,3,654
mp7_(girls'_frontline),4,654
resident_evil_1,3,654
in_cage,0,654
boobs_in_book_(meme),0,654
shizuna_rem_misurugi,4,654
rotom_(normal),4,654
blue_crown,0,654
poppy_(league),4,653
robin_(arknights),4,653
polka_dot_socks,0,653
print_sash,0,653
parachute,0,653
historical_event,0,653
perrin_(pokemon),4,653
armless_amputee,0,653
carrying_overhead,0,653
kurugaya_yuiko,4,653
shiranui_flare_(street),4,653
silent_princess,0,653
keytar,0,653
hanna-justina_marseille,4,653
hydreigon,4,653
chain_earrings,0,653
elf-san_wa_yaserarenai.,3,653
koganei_niko,4,653
idolmaster_sp,3,653
mihuashi_username,0,652
naruko_(naruto),4,652
swinging_baseball_bat,0,652
spike_spiegel,4,652
megami_tensei,3,652
pidgeot,4,652
lace-trimmed_apron,0,652
gold_headwear,0,652
metal_gloves,0,652
komori_met,4,652
canister,0,652
aunt_and_nephew,0,652
dark_sun_gwyndolin,4,652
death-sensei_(mori_calliope),4,652
ring_box,0,652
harpy_boy,0,652
barbie_(franchise),3,652
edna_(tales),4,652
yan_qing_(fate),4,652
paradeus,0,652
amakubo_yuri,4,652
wehrmacht,0,652
klan_klein,4,652
konoha_(kagerou_project),4,651
pendant_earrings,0,651
cunnilingus_through_clothes,0,651
devilman,3,651
flight_attendant,0,651
yellow_tongue,0,651
mashiro_meme,4,651
waddle_doo,4,651
hinase_(cookie),4,651
ping_hai_(azur_lane),4,651
hori_yuko,4,651
kin'iro_ryotei_(umamusume),4,651
putting_on_gloves,0,651
mukyuu,0,651
pyramid_(geometry),0,651
kuromiya_raika_(kuromiya),4,651
hibiki_yuuta,4,651
qingming_bird_(zenless_zone_zero),4,651
homestuck,3,651
huadian,0,651
summoning,0,651
pink_mittens,0,650
inaba_meguru,4,650
tohmi_higashi_high_school_uniform,0,650
arm_mounted_weapon,0,650
m16a1,0,650
hands_on_another's_arms,0,650
cure_diamond,4,650
aku_no_musume_(vocaloid),3,650
loaf_of_bread,0,650
soccer_spirits,3,650
miyoushe_watermark,0,650
armpit_carry,0,650
waist_bag,0,650
aqua_one-piece_swimsuit,0,649
tachikawa_mimi,4,649
pseudo-tokyo_school_uniform,0,649
futatsuiwa_mamizou_(human),4,649
hatsune_miku_(nt),4,649
anna_miller,0,649
panties_on_penis,0,649
nana_asta_deviluke,4,649
fuura_kafuka,4,649
shamal,4,649
red_bandage,0,649
battle_girl_high_school,3,649
yellow_eyeshadow,0,649
antonio_salieri_(fate),4,649
hortensia_(fire_emblem),4,648
tairitsu_(arcaea),4,648
minase_akiko,4,648
ef_(visual_novel),3,648
fuwa_kokone,4,648
snowball_fight,0,648
spheal,4,648
thick_leg_hair,0,648
unohana_retsu,4,648
kaijuu_no._8,3,648
sign_around_neck,0,648
queen's_gate,3,648
thick_outlines,0,647
chun-li_(cosplay),0,647
no_armor,0,647
ozen,4,647
spiked_knuckles,0,647
salmon,0,647
woodland_camouflage,0,647
wily_beast_and_weakest_creature,3,647
ryuuhou_(kancolle),4,647
china,0,647
saihate_eki,3,647
dildo_under_panties,0,647
artist's_hand_in_frame,0,647
shioriha_ruri,4,647
armored_vehicle,0,647
bent_back,0,647
tobiichi_origami,4,646
momone_momo,4,646
jibanyan,4,646
navel_peek,0,646
higurashi_no_naku_koro_ni_mei,3,646
gardenia_(pokemon),4,646
disintegration,0,646
banzoin_hakka,4,646
sayo_samonji,4,646
holding_eyeball,0,646
v_sisters,0,646
the_dahlia_(honkai:_star_rail),4,646
memcho,4,646
casino_card_table,0,646
rubber_band,0,646
misaka_worst,4,646
hinoa,4,646
pauline_(nintendo),4,646
two-tone_socks,0,646
holding_seashell,0,646
tea_party,0,646
grass_root_youkai_network,0,645
ribbon-trimmed_bra,0,645
ayatsuno_yuni,4,645
iron_blood_(emblem),0,645
conch_(gundam),4,645
fishbowl_helmet,0,645
starward,3,645
waai_fu_(arknights),4,645
striped_camisole,0,645
binder,0,645
irys_(irys_1.0)_(hololive),4,645
baby's-breath,0,645
brown_hood,0,645
blue_leggings,0,645
plant_name,0,645
kirishima_kai_ni_(kancolle),4,645
mystic_eyes_of_death_perception,0,645
kindergarten,0,645
uchiha_obito,4,645
mlynar_(arknights),4,644
onoe_serika,4,644
yozakura_(senran_kagura),4,644
matcha_(food),0,644
morgan_le_fay_(third_ascension)_(fate),4,644
wang_yujia,4,644
metagross,4,644
panties_cat's_cradle,0,644
hyakkaou_academy_school_uniform,0,644
mizumoto_yukari,4,644
andon,0,644
reaper_(overwatch),4,644
kaitou_kid,4,644
inkling_(language),0,644
pink_shawl,0,644
rectangular_pupils,0,644
kaizuka_inaho,4,644
ponytail_holder,0,643
bear_trap,0,643
single_paw_pose,0,643
orange_butterfly,0,643
tsugumomo,3,643
genos,4,643
single_mechanical_leg,0,643
urban_legend_in_limbo,3,643
sasaki_chiho,4,643
clara_(honkai:_star_rail),4,643
green_buruma,0,643
fate_testarossa_(lightning_form),4,643
eustass_kid,4,643
hubert_von_vestra,4,642
illumi_zoldyck,4,642
kei_truck,0,642
trucy_wright,4,642
fur_sleeves,0,642
text_in_eyes,0,642
adjustable_wrench,0,642
pavilion,0,642
pyukumuku,4,642
juufuutei_raden_(1st_costume),4,642
daifuku_(yukihana_lamy),4,642
kasai_amane,4,642
ribbon-trimmed_hairband,0,642
matilda_bouanich,4,642
helena_blavatsky_(caster)_(fate),4,642
gold_thighhighs,0,641
z46_(azur_lane),4,641
charging_forward,0,641
tenshinranman,3,641
prolapse,0,641
judy_hopps,4,641
adepta_sororitas,4,641
clutching_chest,0,641
hero_(dq3),4,641
reverse_princess_carry,0,641
pink_claws,0,641
oda_nobunaga_(swimsuit_berserker)_(fate),4,641
cel_rendering,0,641
tachibana_makoto,4,641
fugue_(honkai:_star_rail),4,640
under_umbrella,0,640
fake_beard,0,640
astarion,4,640
bayonetta_1,3,640
red_serafuku,0,640
bursting_pectorals,0,640
go_(board_game),0,640
reverse_footjob,0,640
miguel_o'hara,4,640
yae_sakura_(goushinnso_memento),4,640
sasaki_akebi,4,640
metroid_dread,3,640
king_(aotu_world),4,640
saber_(fate)_(cosplay),0,640
rinne_no_lagrange,3,640
orfevre_(old_design)_(umamusume),4,640
hazawa_tsugumi,4,640
virtuous_contract,0,640
space_cat_(meme),0,640
pink_diamond_765_(idolmaster),0,640
red_panda,0,639
earth_federation_space_forces,0,639
chocolate_cornet,0,639
lace_pantyhose_hooked_on_heel_(meme),0,639
butterflyfish,0,639
windows_classic,3,639
grandfather_and_grandson,0,639
tenkawa_nayuta,4,639
collared_bodysuit,0,639
saga_frontier_2,3,639
black_pajamas,0,639
amano_pikamee,4,639
black_jack_(series),3,639
owari_akane,4,639
swinging_on_swing,0,639
breasts_on_another's_back,0,638
bridge_piercing,0,638
gate_of_babylon_(fate),0,638
kurokumo_clan_(identity)_(project_moon),0,638
coco's,0,638
closure_(arknights),4,638
submission_hold,0,638
edd_(eddsworld),4,638
morty_(pokemon),4,638
kansaiben,0,638
vertical-striped_necktie,0,638
decorating_christmas_tree,0,638
sugimoto_reimi,4,638
naked_chocolate,0,638
harmonie_(arknights),4,638
canyon,0,638
jasmine_(toshi_densetsu_kaitai_center),4,638
okazaki_ushio,4,638
stage_connection,0,638
fainting,0,638
ange_(princess_principal),4,638
eyes_visible_through_eyewear,0,638
reuniclus,4,638
destroyer_princess,4,638
mitsugashira_enoko,4,637
bunny_slippers,0,637
iguro_obanai,4,637
mismatched_animal_ear_colors,0,637
to_be_hero_x,3,637
gantz,3,637
aladdin_(movie),3,637
psylocke_(vengeance),4,637
single_earphone_removed,0,637
speaking_tube_headset,0,637
yabuki_kana,4,637
schwertkreuz,4,637
formation_girls,3,637
studio_microphone,0,637
kafuu_chino's_school_uniform,0,637
sugoi_dekai,0,637
praying_mantis,0,637
palkia,4,637
mettaton,4,636
shauna_(pokemon),4,636
clow_card,0,636
ballet_class_clothes,0,636
ellee-chan,4,636
rice_cooker,0,636
amethio_(pokemon),4,636
dragon_ball_daima,3,636
open_bag,0,636
pac-man_(game),3,636
tsuji_renta,4,636
kamio_reiji_(yua),4,636
holding_id_card,0,636
yuyushiki's_school_uniform,0,635
pink_nightgown,0,635
yoru_mac,3,635
purple_nipples,0,635
oxygen_tank,0,635
mononobe_alice,4,635
crescent_choker,0,635
red_desire_(umamusume),4,635
yura_kai_ni_(kancolle),4,635
osmanthus,0,635
blue_reflection_(series),3,635
kundala_(fate),0,635
lexington_(warship_girls_r),4,635
fabulous,0,635
starscream,4,635
urbosa,4,635
academic_test,0,634
pebble,0,634
back_cover,0,634
inui_sajuna,4,634
single_legwear_garter,0,634
vine_print,0,634
heart_hair_bun,0,634
ankle,0,634
france,0,634
tales_of_eternia,3,634
dialga,4,634
wicke_(pokemon),4,634
breasts_on_tray,0,634
sos_brigade,0,634
manhole_cover,0,634
feminization,0,634
cure_pine,4,634
chi-class_torpedo_cruiser,4,634
sunflower_print,0,634
orange_armband,0,633
m._bison,4,633
identical_genderswap,0,633
arm_scrunchie,0,633
ishtar_(fire_emblem),4,633
gwen_tennyson,4,633
pac-man_eyes,0,633
soviet_army,0,633
cuffs-to-collar,0,633
t-pose,0,633
barasuishou,4,633
xxl_woofia,3,633
spoken_star,0,633
cold_pack,0,632
soul_evans,4,632
yuegui_(genshin_impact),4,632
lipstick_mark_on_neck,0,632
will-o'-the-wisp_(mythology),0,632
matsukaze_(kancolle),4,632
final_fantasy_ii,3,632
barbara_(summertime_sparkle)_(genshin_impact),4,632
cyan_(show_by_rock!!),4,632
chipmunk_tail,0,632
large_ribbon,0,632
biplane,0,632
cure_princess,4,632
tales_of_the_rays,3,632
kylar_(degrees_of_lewdity),4,632
digimon_liberator,3,632
utensil,0,632
print_cape,0,632
muppo,4,632
nara_shikamaru,4,631
dragonslayer_(sword),0,631
ch'en_the_holungday_(arknights),4,631
natsuki_rin,4,631
bell_cranel,4,631
fruit_background,0,631
nero_claudius_(olympian_bloomers)_(fate),4,631
sailor_moon_(cosplay),0,631
bouncing_testicles,0,631
pacific_rim,3,631
pecorine_(summer)_(princess_connect!),4,631
grey_sash,0,631
modern_mogal,3,631
resident_evil_3_(remake),3,631
apple_pie,0,631
bamboo_blade,3,631
dream_journey_(reminder_of_dreamland)_(umamusume),4,630
griffin,0,630
grey_hood,0,630
dandelion_seed,0,630
kubo_tite_(style),0,630
wooden_bridge,0,630
hatono_chihiro,4,630
usami_ichika,4,630
swallow_(bird),0,630
steaming_food,0,630
himematsu_academy_school_uniform,0,630
tokimeki_memorial_girl's_side,3,630
atelier_live,3,630
hololive_grand_theft_auto,3,630
mi_fu_(arknights),4,630
athena_cykes,4,630
gosick,3,630
cutlass,0,630
penis_ribbon,0,630
jeff_the_land_shark,4,629
horn_(instrument),0,629
minakami_mai,4,629
ookami_mio_(street),4,629
box_truck,0,629
hairstyle_connection,0,629
crystal_sword,0,629
hoshino_(armed)_(blue_archive),4,629
prisoner,0,629
split_crop,0,629
giving_birth,0,629
chibigurumi,0,629
applejack,4,629
komakusa_sannyo,4,629
shinonono_houki,4,629
professor_shinonome,4,629
sheikah_slate,0,629
hidaka_ai,4,629
devil_survivor_1,3,629
ushiwakamaru_(second_ascension)_(fate),4,629
numby_(honkai:_star_rail),4,629
adjusting_bra,0,629
archaic_set_(zelda),0,629
dorfic,0,629
maji_de_watashi_ni_koi_shinasai!,3,629
fist_in_hand,0,629
van_arkride,4,629
nurse_joy,4,629
tsuki_ni_kawatte_oshioki_yo,0,629
ichii_yui,4,628
zygarde,4,628
storm_(x-men),4,628
lizardman,0,628
anko_(gochiusa),4,628
holding_bamboo_steamer,0,628
skull_brooch,0,628
wrestler,0,628
malkuth_(blue_archive),4,628
ichijou_ririka_(1st_costume),4,628
toujou_koneko,4,628
rupee_(nikke),4,628
bonnie_(pokemon),4,628
shiraishi_yoshitake,4,628
shochuumimai,0,628
alsace_(azur_lane),4,628
hinata_kaho,4,628
feather-trimmed_dress,0,628
graf_eisen,4,628
exposed_brain,0,627
shamir_nevrand,4,627
pink_tube_top,0,627
kumbhira_(granblue_fantasy),4,627
hearing_aid,0,627
female_robin_(grima)_(fire_emblem),4,627
stuffed_octopus,0,627
togenashi_togeari,0,627
holding_trophy,0,627
kabu_(pokemon),4,627
forced_exposure,0,627
layered_legwear,0,626
cuntboy_with_male,0,626
jibaku_shounen_hanako-kun,3,626
yuki_miku_(2011),4,626
empty_pool,0,626
fjorm_(fire_emblem),4,626
eugeo,4,626
star-shaped_pillow,0,626
naga_(nikke),4,626
makai_senki_disgaea_4,3,626
ender_lilies_quietus_of_the_knights,3,626
gae_buidhe_(fate),0,626
giratina_(origin),4,626
face_in_shadow,0,625
eyewear_lift,0,625
xavier_(love_and_deepspace),4,625
amada_ken,4,625
vajra_(granblue_fantasy),4,625
foot_up_heel_up,0,625
top_wo_nerae!,3,625
super_robot_wars_og_saga_mugen_no_frontier,3,625
six_fanarts_challenge,0,625
murasaki_shikibu_(first_ascension)_(fate),4,625
windows_xp,3,625
dream_believers,3,625
gebura_(project_moon),4,625
sura_(ragnarok_online),4,625
ukrainian_flag,0,625
super_creek_(murmuring_stream)_(umamusume),4,625
queen_(persona_5),4,625
backpack_basket,0,625
isoi_haruki,4,625
todoroki_hajime_(1st_costume),4,624
aespa,3,624
hooked_on_heel,0,624
brazil,0,624
smart_falcon_(love_4ever)_(umamusume),4,624
final_fantasy_x-2,3,624
icon_(computing),0,624
mood_(umamusume),0,624
naked_necktie,0,624
blowing_whistle,0,624
progression,0,624
kaede_johan_nouvel,4,624
force-feeding,0,624
cafe_lycoreco_uniform,0,624
slug_girl,0,624
human_stacking,0,624
blame!,3,624
caro_ru_lushe,4,624
hisuian_typhlosion,4,624
chokutou,0,624
shiny_footwear,0,624
narusawa_ryouka,4,624
xenoblade_chronicles_x,3,623
yagyu_(senran_kagura),4,623
amity_blight,4,623
utsumi_erice_(lancer),4,623
animedia,3,623
lamb,0,623
clair_(pokemon),4,623
ikezawa_hanako,4,623
object_in_clothes,0,623
meditation,0,623
anya_alstreim,4,623
luciela_r._sourcream,4,623
luxury_ball,0,623
ronald_mcdonald,4,623
cross-laced_shorts,0,623
nameless_dagger_(fate),0,623
kojo_anna,4,623
hands_on_table,0,623
shiroshouzoku,0,623
striped_leggings,0,623
persona_4_the_golden,3,622
sasori_(naruto),4,622
on_moon,0,622
akuma_nihmune,4,622
velvet_(nikke),4,622
shirakawa_yuina,4,622
dola_(nijisanji),4,622
oono_aya,4,622
eriko_(princess_connect!),4,622
yamanbagiri_kunihiro,4,622
rapi_(red_hood)_(red_flavor)_(nikke),4,622
tomoe_gozen_(first_ascension)_(fate),4,622
hoshikawa_lily,4,622
shinano_eiji,4,622
cyborg_009,3,622
flip_flappers,3,622
miso_soup,0,622
shimura_shinpachi,4,622
floette,4,622
absolute_dc,3,621
bisharp,4,621
planet_earrings,0,621
licking_hand,0,621
implied_death,0,621
kawanishi_shinobu,4,621
gundam_08th_ms_team,3,621
rockruff,4,621
nayuta_(nikke),4,621
yuanlingpao,0,621
leonie_pinelli,4,621
hikami_sumire,4,621
tenryuu_(swimsuit)_(kancolle),4,621
nira-chan,4,621
shadow_chaser_(ragnarok_online),4,621
ipad,0,621
umbrakinesis,0,621
simulacrum_(titanfall),0,621
evil_twin_lil-la,4,621
blue_slippers,0,621
victini,4,620
tasting,0,620
kotozume_yukari,4,620
wooden_ceiling,0,620
bomber,0,620
sidon,4,620
hermione_granger,4,620
karlach,4,620
double_middle_finger,0,620
large_clitoris,0,620
scrape,0,620
techwear,0,619
rappa_(honkai:_star_rail),4,619
black_gem,0,619
celebration,0,619
tank_helmet,0,619
camouflage_shorts,0,619
backless_bodysuit,0,619
morgan_le_fay_(queen_of_winter)_(fate),4,619
yakusoku_no_neverland,3,619
mexican_clothes,0,619
shuten_douji_(first_ascension)_(fate),4,619
kanade_izuru,4,619
hinata_yukari,4,619
yanqing_(honkai:_star_rail),4,619
eurasian_tree_sparrow,0,619
gible,4,619
takane_(blue_archive),4,619
power_girl,4,619
pink_tattoo,0,619
breaking_bad,3,619
ohr_(blue_archive),4,618
highway,0,618
rafayel_(love_and_deepspace),4,618
baking_sheet,0,618
minecraft_(style),0,618
thumb_sucking,0,618
noctchill_(idolmaster),0,618
multicolored_sleeves,0,618
headwear_with_attached_mittens,0,618
xia_fei,4,618
owada_mondo,4,618
polka_dot_pantyhose,0,618
linnea_(genshin_impact),4,618
ellen_baker,4,618
bubbles_(ppg),4,618
holding_unworn_dress,0,617
oiran,0,617
feather_necklace,0,617
ende_(chihuri),4,617
yu_(arknights),4,617
autofacial,0,617
yuri_briar,4,617
one_(cevio),4,617
kanon_(umineko),4,617
nonohara_akane,4,617
cure_muse,4,617
washington_(kancolle),4,617
octopath_traveler_ii,3,617
satogahama_baseball_uniform,0,617
ayanami_kai_ni_(kancolle),4,617
onna_ga_nigate_na_yankee_to_shoujo_no_hanashi,3,617
rarity_(my_little_pony),4,617
aika_granzchesta,4,617
vs,0,617
rose_background,0,616
lucia_(scott_malin),4,616
sakura_no_uta,3,616
queen_of_sheba_(fate),4,616
bandana_over_mouth,0,616
karna_(fate/apocrypha),4,616
rocket_raccoon,4,616
boom_barrier,0,616
faceoff,0,616
the_addams_family,3,616
mysta_rias,4,616
draw_this_in_your_style_challenge,0,616
ogasawara_sachiko,4,616
okita_souji_alter_(second_ascension)_(fate),4,616
beelzebub_(helltaker),4,615
maribel_(dq7),4,615
comiket_94,3,615
pokemon_egg,0,615
yaeno_muteki_(umamusume),4,615
between_labia,0,615
no_entry_sign,0,615
puck_(re:zero),4,615
veronica_(dq11),4,615
flute_tassel,0,615
cassidy_(overwatch),4,615
sitting_on_head,0,615
kyoufuu_all_back_(vocaloid),3,615
cashier,0,615
black_headscarf,0,614
dissidia_duellum_final_fantasy,3,614
neo-porte,3,614
toy_hammer,0,614
stuffed_lion,0,614
kamen_rider_555,3,614
natu,4,614
pretzel,0,614
green_corset,0,614
erina_pendleton,4,614
rossweisse,4,614
camisole_over_clothes,0,614
lucifero_(guilty_gear),4,614
doudanuki_masakuni,4,614
ariel_(disney),4,614
biting_another's_finger,0,614
amakura_mio,4,614
orange_eyeliner,0,614
blue_leg_warmers,0,613
tsukahara_hibiki,4,613
nero_claudius_(bride)_(second_ascension)_(fate),4,613
zhongli_(archon)_(genshin_impact),4,613
purple_helmet,0,613
purple_shawl,0,613
shiranui_flare_(old_design),4,613
jack_howl,4,613
banchou,0,613
charging_device,0,613
harpoon,0,613
piglet,0,612
originium_(arknights),0,612
holding_walkie-talkie,0,612
amakura_mayu,4,612
oden,0,612
utage_(summer_flowers)_(arknights),4,612
parlor_dragonmaid,4,612
blue_slingshot_swimsuit,0,612
milfeulle_sakuraba,4,612
dohna_dohna_issho_ni_warui_koto_o_shiyou,3,612
tokarev_(girls'_frontline),4,612
puniru_(puniru_wa_kawaii_slime),4,612
seikan_hikou,0,612
yamato_(sword),0,612
kobayakawa_yutaka,4,612
cernunnos_(fate),4,612
colored_pencil,0,612
tenkubashi_tomoka,4,612
adjusting_goggles,0,612
prince_of_lan_ling_(fate),4,612
harbor,0,611
nerissa_ravencroft_(casual),4,611
weeds,0,611
zayne_(love_and_deepspace),4,611
hoyolab_sticker_redraw,0,611
throwing_needles,0,611
frilled_garter,0,611
filo_(tate_no_yuusha_no_nariagari),4,611
;t,0,611
phoenix_wright:_ace_attorney_-_dual_destinies,3,611
nightmare,0,611
mahou_shoujo_ikusei_keikaku_unmarked,3,611
kantele,0,611
heshikiri_hasebe,4,611
tokiwadai_school_gym_uniform,0,611
another,3,611
igarashi_rika,4,611
melusine_(genshin_impact),0,610
shiragiku_hotaru,4,610
merfolk_out_of_environment,0,610
overhead_line,0,610
endou_mamoru,4,610
capybara,0,610
shinza_bansho_series,3,610
dismemberment,0,610
pandora_hearts,3,610
chaos_marie_(grimms_notes),4,610
holding_anchor,0,610
helldivers_(series),3,610
akemi_homura_(cosplay),0,610
ripple_star_queen,4,610
water_balloon,0,610
kanoko_(pattern),0,610
dog_costume,0,610
aris_(armed)_(blue_archive),4,610
muscular_uke,0,610
michinoku_komaro,4,610
iris_mysteria!,3,610
takozonesu,4,610
tezcatlipoca_(first_ascension)_(fate),4,610
sariel_(touhou),4,610
gunbuster_pose,0,610
sakaki_(azumanga_daioh),4,610
astel_leda,4,610
felicia_(fire_emblem),4,609
giraffe_horns,0,609
ability_card_(touhou),0,609
kamen_rider_build_(series),3,609
escoffier_(genshin_impact),4,609
big_boss,4,609
nontraditional_witch_hat,0,609
broly_(dragon_ball_z),4,609
shirt_under_kimono,0,609
naked_dogeza,0,609
camouflage_skirt,0,609
fate/requiem,3,609
green_sarong,0,609
sharp_sign,0,609
grey_veil,0,609
violet_(persona_5),4,608
panty_&_stocking_with_garterbelt_(style),0,608
tamaranean,0,608
liminal_space,0,608
neck_pillow,0,608
soredemo_ayumu_wa_yosetekuru,3,608
stethoscope_around_neck,0,608
sangokushi_taisen,3,608
handlebar,0,608
bang_dream!_our_notes,3,608
aria_pokoteng,4,608
sakura_trick,3,608
decorations,0,608
side-seamed_legwear,0,608
holding_boxcutter,0,608
sleeping_together,0,607
bandaid_on_stomach,0,607
lum_(cosplay),0,607
gaia_(ff14),4,607
sirius_symboli_(feroce)_(umamusume),4,607
axel_(kingdom_hearts),4,607
uzuki_sayaka,4,607
space_ishtar_(fate),4,607
biting_clothes,0,607
fu_hua_(azure_empyrea),4,607
stick_poster,0,607
rorolina_frixell,4,607
fire_emblem:_shadow_dragon_and_the_blade_of_light,3,607
hyuuga_saki,4,607
crystal_necklace,0,607
minoto,4,607
holding_folder,0,607
saileach_(arknights),4,607
southern_rockhopper_penguin_(kemono_friends),4,607
kibina_high_school_uniform,0,607
kidou_keisatsu_patlabor,3,606
frankenstein's_monster_(swimsuit_saber)_(fate),4,606
tiger_paws,0,606
heles,4,606
sword_writing,0,606
nest,0,606
hiradaira_chisaki,4,606
horn_(arknights),4,606
tokyo_big_sight,0,606
pixiv_fantasia_age_of_starlight,3,606
orange_planet_uniform,0,606
ninjatou,0,606
cobra_(animal),0,606
ash_arms,3,606
ushiromiya_rosa,4,606
genocider_sho,4,605
tendou_nabiki,4,605
kurosu_aroma,4,605
chinese_armor,0,605
orie_ballardiae_harada,4,605
agnes_tachyon_(lunatic_lab)_(umamusume),4,605
hooded_pajamas,0,605
jigen_daisuke,4,605
no._21_(pgr),4,605
kuroka_(high_school_dxd),4,605
ankh_necklace,0,605
weavile,4,605
h&k_mp5,0,605
isabella_valentine,4,605
constriction,0,605
mauser_c96,0,605
sitting_between_legs,0,604
cum_in_panties,0,604
branded,0,604
heart_antenna_hair,0,604
shimiko_(magical)_(blue_archive),4,604
bike_shorts_pull,0,604
kanbe_kotori,4,604
madoka_aguri,4,604
lightning_bolt_earrings,0,604
single_leg_warmer,0,604
lace-trimmed_bikini,0,604
malkuth_(project_moon),4,604
sirin,4,604
404_(girls'_frontline),0,604
shiroko_(cycling)_(blue_archive),4,604
wet_pantyhose,0,604
kusakabe_misao,4,604
pandemonica_(helltaker),4,604
cordelia_(fire_emblem),4,604
building_sand_sculpture,0,604
himitsu_no_aipri,3,604
perroccino_(fuwamoco),4,603
midnight_bliss,0,603
amairo_islenauts,3,603
table_tennis,0,603
lain_paterson_(1st_costume),4,603
persona_1,3,603
busujima_saeko,4,603
high_school_dxd_infinity,3,603
yamanaka_sawako,4,603
neo_asari,4,603
buront,4,603
himeya_company_uniform,0,603
ore_twintail_ni_narimasu,3,603
catura_(granblue_fantasy),4,603
argalia_(project_moon),4,603
urbain_(pokemon),4,603
groudon,4,603
lipstick_mark_on_breast,0,603
mari_(spirit)_(omori),4,602
ahsoka_tano,4,602
pola_(azur_lane),4,602
collared_cloak,0,602
tank_shell,0,602
zipper_bikini,0,602
laundromat,0,602
clemont_(pokemon),4,602
iris_heart_(neptunia),4,602
red_hood_and_the_outlaws,3,602
hirschgeweih_antennas,0,602
houshou_marine_(marching_band),4,602
ibara_mayaka,4,602
scathach_(third_ascension)_(fate),4,602
roy_(pokemon),4,602
hanzo_(overwatch),4,602
mishou_mai,4,602
shigaraki_tomura,4,602
ludvico_private_girls'_academy_school_uniform,0,602
blue_bike_shorts,0,602
bite_mark_on_thigh,0,602
double_finger_gun,0,602
wooden_lantern,0,602
covered_piercing,0,602
colored_eyebrows,0,602
shiny_lips,0,601
yellow_robe,0,601
bamboo_print,0,601
pokemon_tcg_pocket,3,601
sirfetch'd,4,601
kuroyukihime,4,601
gaiters,0,601
gensou_suikoden_ii,3,601
centorea_shianus,4,601
kuroko_tetsuya,4,601
nail_(hollow_knight),0,601
male_swimwear_challenge,0,601
buddhist_nun,0,601
es_(xblaze),4,601
koonago,0,601
push-button,0,601
tracen_winter_coat,0,601
rikku_(ff10),4,601
mazinger_z,3,601
pepe_(arknights),4,600
tupet,0,600
holding_shuriken,0,600
atelier_ryza_3,3,600
white_album_(series),3,600
unworn_pantyhose,0,600
kumada_masaru,4,600
dog_paws,0,600
wishiwashi,4,600
alternate_ass_size_(larger),0,600
vampire_(azur_lane),4,600
relay_baton,0,600
mihama_chiyo,4,600
evolution,0,600
print_bandana,0,600
meguriya_ayumu,4,600
gold_osmanthus,0,600
eiyuu_senki,3,600
crobat,4,599
giggling,0,599
fisting,0,599
clothes_between_exposed_breasts,0,599
garlean,0,599
ema_skye,4,599
miku_collar_bikini,0,599
headshot,0,599
victorica_de_blois,4,599
chupa_chups,0,599
alpha_signature,0,599
tokyo_tower,0,599
kerberos_blade,3,599
zanshomimai,0,599
karakura_high_school_uniform,0,599
abydos_high_school_logo,0,599
fold-over_collar,0,599
atri-my_dear_moments-,3,599
loose_bikini,0,599
sukeban_(smg)_(blue_archive),4,599
cure_twinkle,4,599
collar_chain_(jewelry),0,599
speakiposting_(meme),0,599
satsuki_(swimsuit)_(blue_archive),4,599
cry_of_fear,3,599
poison_ivy,4,599
umbrella_octopus,0,598
magnet_(vocaloid),3,598
yamagishi_yukako,4,598
misogi_(princess_connect!),4,598
weapon_between_breasts,0,598
zentradi,0,598
wactor_production,3,598
selena_(pgr),4,598
2004,0,598
gecko,0,598
shampoo,0,598
pheromosa,4,598
rosa_farrell,4,598
qi_lolita,0,598
bloomers_pull,0,597
tsubaki_yayoi,4,597
foreskin_pull,0,597
lever_action,0,597
rune_knight_(ragnarok_online),4,597
feature_phone,0,597
robotic_vacuum_cleaner,0,597
afk_journey,3,597
sky:_children_of_the_light,3,597
nipple_tweak_through_clothes,0,597
yamada_tae,4,597
lily_(vocaloid),4,597
mahoutsukai_no_yakusoku,3,597
too_many_birds,0,597
blush_visible_through_hair,0,597
beaten,0,597
is_that_so,0,597
orange_one-piece_swimsuit,0,597
prompto_argentum,4,597
nanakusa_hazuki,4,597
croissant_(arknights),4,597
yagami_iori,4,597
hoshinoumi_academy_school_uniform,0,597
goomba,4,597
shito_alisa,4,597
carrot_(one_piece),4,596
gentoo_penguin_(kemono_friends),4,596
uneven_bangs,0,596
ball_busting,0,596
kimi_ga_nozomu_eien,3,596
musical_staff_print,0,596
shorts_under_shorts,0,596
punching_bag,0,596
miyadeguchi_mizuchi,4,596
minami_mirei,4,596
breath_of_fire_iv,3,596
tail_belt,0,596
satellite,0,596
akaashi_keiji,4,596
regis_altare,4,596
sk8_the_infinity,3,596
lying_on_another,0,596
neo_universe_(universe-naut)_(umamusume),4,596
ryoubi_(senran_kagura),4,596
bleach:_epilogue,3,596
feather_duster,0,596
skoshism,3,595
sweetheart_(omori),4,595
inu_sakuya_(nejikirio),4,595
shared_thought_bubble,0,595
window_light,0,595
saeki_miria,4,595
leather_skirt,0,595
mind_reading,0,595
tooth_fairy_(reverse:1999),4,595
maestrale_(kancolle),4,595
ribbon-trimmed_gloves,0,595
nonohara_yuzuko,4,595
player_palico,4,595
snakebite_(piercing),0,595
source_quote_parody,0,595
milgram,3,595
hatsune_miku_(vocaloid4),4,595
sanbou,0,595
grabbing_another's_tail,0,594
kotama_(blue_archive),4,594
murkrow,4,594
putting_on_footwear,0,594
cream_on_body,0,594
ace_of_clubs,0,594
portal_(series),3,594
bible_(object),0,594
visor_lift,0,594
guel_jeturk,4,594
idia_shroud,4,594
atsuko_(swimsuit)_(blue_archive),4,594
zanpakutou,0,594
f-ism,3,594
hina_(girls_band_cry),4,594
sakaki_yuya,4,594
kagerou_kai_ni_(kancolle),4,594
meowstic,4,593
rukkhadevata_(genshin_impact),4,593
undone_sarashi,0,593
francis_drake_(fate),4,593
side_ponytail_with_braided_base,0,593
gabriel_tenma_white,4,593
bound_toes,0,593
blue_jingasa,0,593
purple_mask,0,593
fuuka_academy_school_uniform,0,593
hyoutenka_30-do_no_zetsubou,3,593
undone_bikini,0,593
zannen_onna-kanbu_black_general-san,3,593
komasan,4,593
gwendolyn_(odin_sphere),4,593
tenten_(naruto),4,593
yuki_(touhou),4,593
plaid_trim,0,593
pyro_(tf2),4,593
detached_arm,0,593
dratini,4,592
dew_drop,0,592
pov_shadow,0,592
luke_sullivan,4,592
thompson_submachine_gun,0,592
mini_durin_(genshin_impact),4,592
clover_(flower),0,592
dororo_(tezuka),3,592
amasawa_yuuko,4,592
lasso,0,592
eelektross,4,592
fellatio_under_mask,0,592
?_block,0,592
marble_(toy),0,592
dildo_gag,0,592
wanderer_(ragnarok_online),4,592
ginga_nakajima,4,592
bewear,4,592
pearl_(off_the_hook_outfit)_(splatoon),4,592
orgasm_denial,0,592
tamamo_no_mae_(swimsuit_lancer)_(third_ascension)_(fate),4,592
steel_beam,0,592
kingdom_hearts_358/2_days,3,592
sucking_own_breasts,0,592
lifting_covers,0,591
flying_saucer,0,591
igawa_asagi,4,591
marcille_donato_(lord),4,591
fake_ad,0,591
kei_(m_k),4,591
sekaiju_no_meikyuu_5,3,591
pig_tail,0,591
beastars,3,591
blackpink,3,591
art_shift,0,591
lurantis,4,591
holding_snowball,0,591
pretty_rhythm_rainbow_live,3,591
yuzuki_yukari_(shizuku),4,591
kimura_natsuki,4,591
curled_tail,0,590
hierophant_green,4,590
ereshkigal_(swimsuit_beast)_(fate),4,590
felix_argyle,4,590
whisperain_(arknights),4,590
strict_nun_(diva),4,590
green_sandals,0,590
dengeki_g's,3,590
chin_piercing,0,590
happy_facial,0,590
flamingo,0,590
kouenji_sayuka,4,590
hat_loss,0,590
overkill,0,590
butterfly_on_head,0,590
caterpie,4,590
fleet,0,590
barista,0,590
digimon_frontier,3,590
hand_fan_writing,0,590
viking,0,589
native_american_clothes,0,589
mouthwashing,3,589
rory_mercury,4,589
yen,0,589
lemonade,0,589
elfilin,4,589
fletchling,4,589
shiori_(princess_connect!),4,589
takamachi_nanoha_(sacred_mode),4,589
yui_tsuruno,4,589
ko-omote_mask,0,589
kavacha_(fate),0,589
pokemon_cafe_remix,3,589
nu_gundam,4,589
geo_stelar_(mega_man),4,589
contortion,0,589
asymmetrical_jacket,0,588
chieru_(princess_connect!),4,588
concealed_weapon,0,588
claude_von_riegan_(timeskip),4,588
fork_hair_ornament,0,588
breast_pump,0,588
yukino_bijin_(umamusume),4,588
stakes_of_purgatory,0,588
two-tone_cloak,0,588
lava_(arknights),4,588
o-ring_slingshot_swimsuit,0,588
mutation,0,588
asari_nanami,4,588
mahou_shoujo_madoka_magica:_walpurgis_no_kaiten,3,588
xenosaga_episode_i,3,587
lady_avalon_(fate),4,587
kirito_(sao-ggo),4,587
ultraman_(1st_series),3,587
towa_herschel,4,587
anise_tatlin,4,587
hakuo_school_uniform,0,587
pikmin_4,3,587
genjitsu_no_yohane,3,587
esdeath,4,587
myrtenaster,0,587
tweyen_(granblue_fantasy),4,586
fu_hua_(phoenix),4,586
tsab_air_military_uniform,0,586
xinyan_(genshin_impact),4,586
momoe_nagisa_(magical_girl),4,586
shirogane_miyuki,4,586
knight_(ragnarok_online),4,586
voice_actor_name,0,586
shoshinsha_mark,0,585
foster's_home_for_imaginary_friends,3,585
akagi_ritsuko,4,585
breast_contest,0,585
spire,0,585
latte_art,0,585
belle_(delicate_sunlight)_(zenless_zone_zero),4,585
kanno_naoe,4,585
project_kv,3,585
ushiromiya_natsuhi,4,585
carnelian_(arknights),4,585
public_masturbation,0,585
shimushu_(kancolle),4,584
tomb_raider,3,584
matsuoka_rin,4,584
alolan_exeggutor,4,584
face_jewel,0,584
minea_(dq4),4,584
looking_at_reflection,0,584
tennis_no_ouji-sama,3,584
itou_chika,4,584
yui_shousetsu_(fate),4,584
oogaki_chiaki,4,584
well,0,584
seele_vollerei_(stygian_nymph),4,584
minnie_mouse,4,584
ryouna_(senran_kagura),4,584
shirley_fenette,4,584
blue_overskirt,0,584
sitting_on_box,0,584
light_switch,0,583
doujigiri_yasutsuna_(fate),0,583
pearl_choker,0,583
holding_cage,0,583
blu-ray_cover,0,583
dr_pepper,0,583
stealth_flashing,0,583
cleaning_&_clearing_(blue_archive),0,583
ranger_(kancolle),4,583
kenmochi_touya_(1st_costume),4,582
space_station,0,582
morgan_le_fay_(first_ascension)_(fate),4,582
velma_dinkley,4,582
chestnut,0,582
sun_glare,0,582
hololive_dreams,3,582
istina_(arknights),4,582
draenei,0,582
modernia_(nikke),4,582
paint_stains,0,582
falcon,0,582
grani_(arknights),4,582
klaudia_valentz,4,582
lee_(arknights),4,582
phoenix_print,0,582
peafowl,0,582
tear_troughs,0,582
starting_block,0,582
checkered_hat,0,582
kuriyama_mirai,4,582
highleg_dress,0,582
teenage_mutant_ninja_turtles,3,582
caenis_(second_ascension)_(fate),4,581
stylist_(nikki),4,581
floragato,4,581
cure_wonderful,4,581
gun_to_another's_head,0,581
injection,0,581
rakudai_ninja_rantarou,3,581
necktie_in_mouth,0,581
3.1-tan,4,581
niya_(blue_archive),4,581
asseylum_vers_allusia,4,581
clothes_rack,0,581
bonfire,0,581
cow_print_sleeves,0,581
sakamoto_(nichijou),4,581
shigure_kokoro,4,581
green_male_underwear,0,581
chise_(swimsuit)_(blue_archive),4,580
flowery_(deltarune),4,580
kayari_buta,0,580
shizuki_hitomi,4,580
pinstripe_kimono,0,580
ahiru_(princess_tutu),4,580
frutiger_metro,0,580
crustacean,0,580
tachibana_taki,4,580
italy,0,580
koromaru_(persona),4,580
brush_stroke,0,580
maria_marionette,4,580
lapis_(fire_emblem),4,580
sleeveless_duster,0,580
hakuryuu_(inazuma_eleven),4,580
koshirae_tsurugi_(m.m),4,580
mikisugi_aikurou,4,580
qurare_magic_library,3,580
black_tea,0,580
vf-1,4,580
kotomine_kirei_(fate/zero),4,580
kawakaze_kai_ni_(kancolle),4,580
euphonium,0,580
king,0,580
buckler,0,580
archetto_(arknights),4,579
henya_the_genius,4,579
ghost_miku_(project_voltage),4,579
lysandre_(pokemon),4,579
holding_bomb,0,579
sweaty_feet,0,579
sky_striker_ace_-_roze,4,579
nendoroid,0,579
holding_tanzaku,0,579
myne_(honzuki_no_gekokujou),4,579
ushiromiya_lion,4,579
gundam_arsenal_base,3,579
cure_flora,4,579
koishi_komeiji's_heart-throbbing_adventure,3,579
olivia_(fire_emblem),4,579
carol_malus_dienheim,4,579
bursting_ass,0,579
mainichi_kiss_shite_lolita,3,579
food-themed_hat,0,579
air_jordan,0,579
stalker_(ragnarok_online),4,579
alicia_florence,4,579
grabbing_another's_head,0,579
chimecho,4,578
see-through_camisole,0,578
thick_neck,0,578
gold_city_(authentic/1928)_(umamusume),4,578
love_triangle,0,578
pants_under_shorts,0,578
shrek_(series),3,578
flaming_head,0,578
washitsu,0,578
gender_transitioning,0,578
katou_danzou_(fate),4,578
saru_getchu,3,578
rune_factory_4,3,578
zubat,4,578
sananana_(cookie),4,578
yamabuki_saya,4,578
trianne_(honkai:_star_rail),4,578
bubble_pipe,0,577
quattro_bajeena,4,577
axel_syrios,4,577
takasugi_shinsuke,4,577
makina_nakajima,4,577
simon_henriksson,4,577
avatar_aang:_the_last_airbender,3,577
shirt_slip,0,577
xayah_(league),4,577
fairy_maid_(touhou),4,577
richelieu_(azur_lane),4,577
konpeitou,0,577
fanning_crotch,0,577
nea_(chihuri),4,577
hand_on_own_ankle,0,577
kushieda_minori,4,577
after_cunnilingus,0,577
gradient_gloves,0,577
servbot_(mega_man),4,577
kamen_rider_01_(series),3,577
snow_white_(fairy_tale),3,577
pravda_(emblem),0,577
mattress,0,577
bathroom_scale,0,577
shoukoujo,3,577
white_chemise,0,576
test_score,0,576
ribombee,4,576
vault_suit,0,576
bug_cage,0,576
striped_pillow,0,576
kronie_(ouro_kronii),4,576
seelie_(genshin_impact),4,576
ayanami_rei_(cosplay),0,576
otomachi_una_(talkex),4,576
epiphyllum,0,576
phantom_(arknights),4,576
mercedes-benz,0,576
jet_airliner,0,576
gran_alegria_(umamusume),4,576
pac-man,4,576
holding_screwdriver,0,576
stargazing,0,576
holocouncil,0,576
chikuma_kai_ni_(kancolle),4,576
suzumura_sango,4,576
bird_costume,0,576
corsola,4,575
mashle,3,575
subcul_jirai,0,575
ekubo_(mob_psycho_100),4,575
ceruledge,4,575
paizuri_on_lap,0,575
playing_card_theme,0,575
bodystocking_only,0,575
hatsushimo_kai_ni_(kancolle),4,575
futaki_kanata,4,575
watermelon_print,0,575
monika_weisswind,4,575
do_it_yourself!!,3,575
super_soaker,0,575
alisaie_leveilleur,4,575
doomguy,4,575
kaomoji,0,575
amagi_hiiro,4,575
long_single_sidelock,0,575
hamster_ears,0,575
komainu,0,575
kamen_rider_geats_(series),3,575
sotheby,4,575
arima_senne,4,575
flying_nimbus,0,575
peach_hair_ornament,0,574
plant_monster,0,574
kmnz,3,574
vertical-striped_gloves,0,574
mitarashi_dango,0,574
vertical-striped_scarf,0,574
holding_oar,0,574
giant_brush,0,574
juuban_middle_school_uniform,0,574
naked_school_attendance,0,574
super_saiyan_3,0,574
iris_(mega_man),4,574
yukikaze_kai_ni_(kancolle),4,574
holding_skateboard,0,574
elan_ceres,4,574
protagonist_(pso2),4,574
koizumi_itsuki_(female),4,574
gundam_aerial,4,574
empty_plate,0,573
imageboard_colors,0,573
spring_(object),0,573
alter_servant,0,573
floral_print_sleeves,0,573
satyr,0,573
enomoto_noa,4,573
ayatsumugi_roka,4,573
bambietta_basterbine,4,573
foot_on_another's_face,0,573
miyamori_aoi,4,573
shirai_yuyu,4,573
magical_sapphire,4,573
suzi_q,4,573
muntins,0,573
sayonara_wo_oshiete,3,573
kuma_(human)_(persona_4),4,573
cupping_hand,0,573
apricot_the_lich,4,572
lumen_(arknights),4,572
suzuki_(company),0,572
dobrynya_nikitich_(fate),4,572
laharl,4,572
haori_himo,0,572
ak-12,0,572
cecil_harvey,4,572
cilan_(pokemon),4,572
senbonzakura_(vocaloid),3,572
rope_around_neck,0,572
muv-luv_girls_garden,3,572
himemiya_tori,4,572
f-zero,3,572
kuchinashi_dabi,4,572
hand_under_swimsuit,0,572
momomiya_ichigo,4,572
power_pro-kun_pocket,3,572
sword_art_online:_alicization_-_war_of_underworld,3,572
akagi_towa,4,572
genetic_(ragnarok_online),4,572
hector_(fate),4,572
venera-sama,4,572
loona_(helluva_boss),4,571
in_locker,0,571
h&k_mp7,0,571
kanzaki_kaori,4,571
breath_of_fire_iii,3,571
yamaku_high_school_uniform,0,571
half-harpy,0,571
atri,4,571
autoarousal,0,571
owarimonogatari,3,571
gj-bu,3,571
shitty_admiral_(phrase),0,571
shin_godzilla,3,571
hugging_another's_tail,0,571
ass_on_glass,0,571
against_table,0,570
tamamo_cat_(second_ascension)_(fate),4,570
kaya_(blue_archive),4,570
leopard_girl,0,570
noelle_silva,4,570
kama_(assassin)_(second_ascension)_(fate),4,570
head_and_hip_pose,0,570
alice_sherlock:_the_rubious_nebula,3,570
noah_(xenoblade),4,570
spicy,0,570
antler_ornament,0,570
brown_tunic,0,570
shin'you_(kancolle),4,570
hatsune_mikuo,4,570
moriya's_iron_rings,0,570
belly-to-belly,0,569
asia_argento,4,569
staff_of_homa_(genshin_impact),0,569
hestia_(danmachi)_(cosplay),0,569
cleats,0,569
gunslinger_girl,3,569
daiwa_scarlet_(casual)_(umamusume),4,569
pixiv_fantasia_sword_regalia,3,569
applying_sunscreen,0,569
team_star,0,569
cure_passion,4,569
jururu,4,569
chastity_cage_emission,0,569
hinata_(swimsuit)_(blue_archive),4,569
voltron_(series),3,569
robe_partially_removed,0,568
chesed_(project_moon),4,568
salamence,4,568
foreclosure_task_force_(blue_archive),0,568
vhs_artifacts,0,568
sakura_taisen_iii,3,568
blue_swim_trunks,0,568
nausicaa,4,568
cracked_kawaii_mask,0,568
donald_duck,4,568
grandfather_and_granddaughter,0,568
crossed_swords,0,568
colored_penis,0,568
sajou_ayaka_(fate/strange_fake),4,568
kashima_(lawson)_(kancolle),4,568
roaring,0,568
mukaido_manaka,4,568
sheep_boy,0,568
k/da_all_out_evelynn,4,568
vei_(vtuber),4,568
yamcha_pose_(meme),0,568
flower-shaped_hair,0,568
rainbow_print,0,568
fran_(ff12),4,567
fatal_frame:_maiden_of_black_water,3,567
zhijupao,0,567
romancing_saga_2,3,567
fate/extella_link,3,567
nexon,3,567
glitch_art,0,567
liver_city,3,567
color_coordination,0,567
nilou_(breeze_of_sabaa)_(genshin_impact),4,567
miramikaru_riran,4,567
cure_berry,4,567
sophia_(fire_emblem),4,567
chuo_tanegashima_high_school_uniform,0,567
yuugiri_(zombie_land_saga),4,567
toki_(school_uniform)_(blue_archive),4,567
kono_subarashii_sekai_ni_shukufuku_wo!_kono_yokubukai_game_ni_shinpan_o!,3,567
holoadvent,0,567
victoire_pisa_(umamusume),4,567
eiko_carol,4,567
final_fantasy_iii,3,567
rika_(m_k),4,567
vanity_table,0,567
shaving,0,567
lady_yu_doll,0,567
ribbon_baton,0,566
anchorage_(azur_lane),4,566
team_magma_uniform,0,566
minami_rena,4,566
awkward,0,566
scarf_grab,0,566
yakishio_lemon,4,566
nanase_haruka_(free!),4,566
ikusaba_daisuke,4,566
azumaya_haruka,4,566
ten_desires,3,566
sakura_chiyono_o_(strength_in_full_bloom)_(umamusume),4,566
klee_(blossoming_starlight)_(genshin_impact),4,566
luo_binghe,4,566
spongebob_squarepants,4,566
usugumo_(kancolle),4,566
windsong_(reverse:1999),4,566
samurai_jacket_(cyberpunk),0,565
kishimoto_ayase,4,565
height_mark,0,565
snow_white_and_the_seven_dwarfs_(disney),3,565
fujibayashi_ryou,4,565
uu~,0,565
d_(nikke),4,565
chain_paradox,3,565
tachi_(weapon),0,565
tsareena,4,565
gingham_apron,0,565
elysia_(summer_miss_elf)_(honkai_impact),4,565
bloom_poetry_(shining_nikki),4,565
child_gilgamesh_(fate),4,565
craft_lawrence,4,565
mutsuki_(azur_lane),4,565
pizza_hut,3,565
gensou_suikoden_v,3,565
walpurgisnacht_(madoka_magica),4,565
amagi_rinne,4,565
armored_legwear,0,564
nightwing,4,564
houshou_marine_(businesswoman),4,564
captain_spaceboy,4,564
vanripper_(style),0,564
sig_p220/p226,0,564
ebenholz_(arknights),4,564
gentilhomme_usher,4,564
foaming_at_the_mouth,0,564
la_manchaland's_don_quixote_(project_moon),4,564
ima_sugu_rinne_(vocaloid),3,564
dp-12_(girls'_frontline),4,564
willow,0,564
dokibird_(bounty_hunter),4,564
duskull,4,564
huang_lingyin,4,564
phone_over_face,0,564
rabbit_platoon_(blue_archive),0,564
frilled_nightgown,0,564
moonlight_flower,4,564
hanazono_tae,4,564
trapinch,4,564
dumbbell_nan_kilo_moteru?,3,564
crayon_drawing,0,564
backless_pants,0,564
star_pendant,0,564
atelier_rorona,3,563
hades_2,3,563
implied_prostitution,0,563
yani_neko,3,563
hula_hoop,0,563
zenobia_(fate),4,563
orange_sports_bra,0,563
pal_(creature),0,563
aztec_clothes,0,563
four_of_a_kind_(touhou),0,563
watson_amelia_(street_casual),4,563
demonbane,3,563
high_heel_slides,0,563
tenma_maemi,4,563
grea_(shingeki_no_bahamut),4,563
palla_(fire_emblem),4,563
tamaki_ui,4,563
condom_thigh_strap,0,562
yesod_(project_moon),4,562
makoto_(genshin_impact),4,562
kamisaki_hikaru,4,562
roccia_(wuthering_waves),4,562
kantai_collection_(anime),3,562
brown_armor,0,562
rin's_pendant_(fate),0,562
aomine_daiki,4,562
apron_hold,0,562
tanline_peek,0,562
purple_hands,0,562
tamamura_gunzo,4,562
yu-gi-oh!_sevens,3,562
oryou_(girls_und_panzer),4,562
krile_mayer_baldesion_(ff5),4,562
veronica_(fire_emblem),4,562
lara_croft,4,562
astra_militarum,4,562
pan_yinhu,4,562
neru_(school_uniform)_(blue_archive),4,562
neeko_(league),4,561
grey_leg_warmers,0,561
yumekui_merry,3,561
meiou_setsuna,4,561
hardboiled_egg,0,561
censored_anus,0,561
takano_miyo,4,561
mushroom_hat,0,561
mutsuki_(new_year)_(blue_archive),4,561
bread_bun,0,561
bamboo_fence,0,561
fried_egg_on_toast,0,561
super_sailor_moon,4,561
nier_(granblue_fantasy),4,561
hongyuan_(identity)_(project_moon),0,561
four_goddesses_online:_cyber_dimension_neptune,3,561
stealth_masturbation,0,561
living_fleshlight,0,561
bankai,0,561
the_shining,3,561
partially_opaque_glasses,0,561
akebi-chan_no_serafuku,3,560
cinnabar_(houseki_no_kuni),4,560
genocide_route_(undertale),0,560
headbutt,0,560
zoids_genesis,3,560
chinese_bellflower,0,560
rhinoceros_beetle,0,560
gothic_architecture,0,560
cure_muse_(yellow),4,560
crab_claw,0,560
plasma-chan_(kancolle),4,560
aak_(arknights),4,560
valkyrie_(apex_legends),4,560
olga_marie_animusphere_(unbeast),4,560
vaggie,4,559
huyan_zhuo_(fate),4,559
o-ring_dress,0,559
guile,4,559
salmonid,0,559
arcee,4,559
miriam_(pokemon),4,559
sword_art_online_alternative:_gun_gale_online,3,559
on_branch,0,559
makai_senki_disgaea_3,3,559
surprised_arms,0,559
prince_of_samantoria,4,559
bucket_of_water,0,559
shoujo_ramune,3,559
shiranui_mai_(cosplay),0,559
louie_(pikmin),4,559
abigail_williams_(swimsuit_foreigner)_(first_ascension)_(fate),4,559
cure_butterfly,4,559
ookurikara,4,559
mimi_(princess_connect!),4,559
shirogane_noel_(summer_2020),4,559
gradient_thighhighs,0,558
toy_car,0,558
nyon_(randal's_friends),4,558
brown_slippers,0,558
hair_over_mouth,0,558
towel_on_one_shoulder,0,558
purple_bridal_gauntlets,0,558
oversized_jacket,0,558
holding_drinking_straw,0,558
nami_junior_high_school_uniform,0,558
gooey_(kirby),4,558
extra_hands,0,557
long_sword,0,557
walkman,0,557
mikura_(kancolle),4,557
green_hands,0,557
moroboshi_ataru,4,557
cocktail_umbrella,0,557
thelema_nutriscu,4,557
big_hero_6,3,557
torn_capelet,0,557
kageyama_ritsu,4,557
alisa_reinford,4,557
modeling,0,557
on_magic_circle,0,557
trinnon_(honkai:_star_rail),4,557
tossing,0,557
eye_of_providence,0,557
rifle_cartridge,0,557
quintuplets,0,557
my_adventures_with_superman,3,557
achiga_school_uniform,0,557
thigh_sheath,0,557
starly,4,557
wild_arms_1,3,557
alcremie_(vanilla_cream),4,557
aqua_(deltarune),4,556
lotte_jansson,4,556
shyrei_faolan,4,556
long_nipples,0,556
foreskin_insertion,0,556
devil_survivor_2,3,556
sakurako_(idol)_(blue_archive),4,556
multicolored_socks,0,556
hishi_akebono_(umamusume),4,556
medium5,3,556
6koma,0,556
riding_bicycle,0,556
fushigi_na_neko_no_machi_meltier,3,556
ukagaka,3,556
bucket_on_head,0,556
wing_cape,0,556
bmw,0,556
bruise_on_leg,0,556
tool_belt,0,556
stomach_punch,0,556
tachibana_miya,4,556
stake,0,556
craft_essence_(fate),0,556
amamiya_hibiya,4,556
beeswax_(arknights),4,556
sakurada_shiro_(hy_plus),4,556
ryoma_(fire_emblem),4,556
ezreal_(league),4,555
tifa_lockhart_(refined_dress),4,555
crosier,0,555
pokemon_champions,3,555
void_shiki,4,555
meowfficer_(azur_lane),4,555
